DEPTH=65536;
WIDTH=12;
ADDRESS_RADIX = UNS;
DATA_RADIX = HEX;
CONTENT	BEGIN
	0	:	543;
	1	:	543;
	2	:	554;
	3	:	444;
	4	:	554;
	5	:	443;
	6	:	444;
	7	:	544;
	8	:	543;
	9	:	543;
	10	:	543;
	11	:	543;
	12	:	543;
	13	:	543;
	14	:	543;
	15	:	553;
	16	:	553;
	17	:	543;
	18	:	553;
	19	:	554;
	20	:	553;
	21	:	554;
	22	:	554;
	23	:	553;
	24	:	553;
	25	:	554;
	26	:	553;
	27	:	553;
	28	:	543;
	29	:	543;
	30	:	543;
	31	:	543;
	32	:	543;
	33	:	443;
	34	:	443;
	35	:	443;
	36	:	443;
	37	:	443;
	38	:	443;
	39	:	443;
	40	:	443;
	41	:	443;
	42	:	443;
	43	:	443;
	44	:	443;
	45	:	443;
	46	:	443;
	47	:	443;
	48	:	443;
	49	:	443;
	50	:	443;
	51	:	544;
	52	:	544;
	53	:	554;
	54	:	554;
	55	:	554;
	56	:	554;
	57	:	554;
	58	:	554;
	59	:	554;
	60	:	554;
	61	:	554;
	62	:	554;
	63	:	554;
	64	:	554;
	65	:	554;
	66	:	564;
	67	:	554;
	68	:	554;
	69	:	664;
	70	:	564;
	71	:	564;
	72	:	554;
	73	:	564;
	74	:	664;
	75	:	664;
	76	:	664;
	77	:	664;
	78	:	664;
	79	:	664;
	80	:	664;
	81	:	664;
	82	:	564;
	83	:	564;
	84	:	564;
	85	:	564;
	86	:	664;
	87	:	664;
	88	:	654;
	89	:	664;
	90	:	664;
	91	:	664;
	92	:	664;
	93	:	664;
	94	:	665;
	95	:	665;
	96	:	665;
	97	:	664;
	98	:	665;
	99	:	664;
	100	:	664;
	101	:	664;
	102	:	664;
	103	:	664;
	104	:	664;
	105	:	664;
	106	:	664;
	107	:	664;
	108	:	654;
	109	:	664;
	110	:	654;
	111	:	654;
	112	:	664;
	113	:	664;
	114	:	654;
	115	:	654;
	116	:	654;
	117	:	654;
	118	:	654;
	119	:	654;
	120	:	654;
	121	:	654;
	122	:	654;
	123	:	654;
	124	:	654;
	125	:	654;
	126	:	664;
	127	:	654;
	128	:	664;
	129	:	654;
	130	:	654;
	131	:	654;
	132	:	664;
	133	:	664;
	134	:	664;
	135	:	664;
	136	:	664;
	137	:	664;
	138	:	664;
	139	:	664;
	140	:	664;
	141	:	665;
	142	:	765;
	143	:	665;
	144	:	665;
	145	:	665;
	146	:	765;
	147	:	665;
	148	:	765;
	149	:	765;
	150	:	765;
	151	:	765;
	152	:	765;
	153	:	765;
	154	:	765;
	155	:	665;
	156	:	765;
	157	:	765;
	158	:	765;
	159	:	765;
	160	:	765;
	161	:	665;
	162	:	765;
	163	:	765;
	164	:	765;
	165	:	665;
	166	:	665;
	167	:	665;
	168	:	665;
	169	:	664;
	170	:	664;
	171	:	664;
	172	:	664;
	173	:	664;
	174	:	664;
	175	:	664;
	176	:	664;
	177	:	664;
	178	:	664;
	179	:	664;
	180	:	664;
	181	:	665;
	182	:	664;
	183	:	664;
	184	:	664;
	185	:	664;
	186	:	664;
	187	:	664;
	188	:	664;
	189	:	664;
	190	:	654;
	191	:	654;
	192	:	654;
	193	:	654;
	194	:	654;
	195	:	654;
	196	:	554;
	197	:	654;
	198	:	554;
	199	:	554;
	200	:	554;
	201	:	554;
	202	:	554;
	203	:	554;
	204	:	554;
	205	:	554;
	206	:	554;
	207	:	554;
	208	:	554;
	209	:	554;
	210	:	554;
	211	:	554;
	212	:	553;
	213	:	554;
	214	:	553;
	215	:	553;
	216	:	554;
	217	:	554;
	218	:	654;
	219	:	554;
	220	:	665;
	221	:	665;
	222	:	665;
	223	:	665;
	224	:	665;
	225	:	665;
	226	:	665;
	227	:	665;
	228	:	665;
	229	:	665;
	230	:	676;
	231	:	776;
	232	:	787;
	233	:	788;
	234	:	898;
	235	:	899;
	236	:	999;
	237	:	9a9;
	238	:	aaa;
	239	:	abb;
	240	:	abb;
	241	:	bbb;
	242	:	bbc;
	243	:	bbc;
	244	:	ccc;
	245	:	ccd;
	246	:	ccd;
	247	:	ccd;
	248	:	ccd;
	249	:	ccd;
	250	:	ccd;
	251	:	ccd;
	252	:	ccd;
	253	:	ccc;
	254	:	ccd;
	255	:	ccc;
	256	:	543;
	257	:	543;
	258	:	544;
	259	:	544;
	260	:	543;
	261	:	543;
	262	:	543;
	263	:	544;
	264	:	543;
	265	:	543;
	266	:	543;
	267	:	543;
	268	:	543;
	269	:	543;
	270	:	543;
	271	:	553;
	272	:	553;
	273	:	553;
	274	:	543;
	275	:	553;
	276	:	553;
	277	:	554;
	278	:	554;
	279	:	553;
	280	:	554;
	281	:	554;
	282	:	553;
	283	:	553;
	284	:	543;
	285	:	543;
	286	:	543;
	287	:	543;
	288	:	443;
	289	:	443;
	290	:	443;
	291	:	443;
	292	:	443;
	293	:	443;
	294	:	443;
	295	:	443;
	296	:	443;
	297	:	443;
	298	:	443;
	299	:	443;
	300	:	443;
	301	:	443;
	302	:	443;
	303	:	443;
	304	:	443;
	305	:	443;
	306	:	443;
	307	:	444;
	308	:	443;
	309	:	554;
	310	:	554;
	311	:	554;
	312	:	554;
	313	:	554;
	314	:	554;
	315	:	554;
	316	:	554;
	317	:	554;
	318	:	554;
	319	:	554;
	320	:	554;
	321	:	554;
	322	:	664;
	323	:	554;
	324	:	554;
	325	:	664;
	326	:	664;
	327	:	554;
	328	:	564;
	329	:	564;
	330	:	654;
	331	:	664;
	332	:	664;
	333	:	664;
	334	:	564;
	335	:	664;
	336	:	664;
	337	:	664;
	338	:	664;
	339	:	664;
	340	:	554;
	341	:	654;
	342	:	554;
	343	:	564;
	344	:	654;
	345	:	654;
	346	:	654;
	347	:	664;
	348	:	664;
	349	:	665;
	350	:	664;
	351	:	665;
	352	:	664;
	353	:	665;
	354	:	664;
	355	:	665;
	356	:	664;
	357	:	664;
	358	:	664;
	359	:	664;
	360	:	664;
	361	:	664;
	362	:	664;
	363	:	664;
	364	:	664;
	365	:	664;
	366	:	654;
	367	:	654;
	368	:	654;
	369	:	664;
	370	:	654;
	371	:	654;
	372	:	664;
	373	:	654;
	374	:	654;
	375	:	654;
	376	:	654;
	377	:	654;
	378	:	654;
	379	:	664;
	380	:	654;
	381	:	654;
	382	:	654;
	383	:	664;
	384	:	654;
	385	:	654;
	386	:	654;
	387	:	664;
	388	:	664;
	389	:	664;
	390	:	654;
	391	:	664;
	392	:	664;
	393	:	664;
	394	:	664;
	395	:	664;
	396	:	664;
	397	:	664;
	398	:	664;
	399	:	665;
	400	:	665;
	401	:	665;
	402	:	665;
	403	:	765;
	404	:	765;
	405	:	765;
	406	:	765;
	407	:	665;
	408	:	765;
	409	:	665;
	410	:	765;
	411	:	765;
	412	:	765;
	413	:	765;
	414	:	765;
	415	:	765;
	416	:	765;
	417	:	765;
	418	:	665;
	419	:	665;
	420	:	765;
	421	:	665;
	422	:	664;
	423	:	665;
	424	:	664;
	425	:	664;
	426	:	664;
	427	:	664;
	428	:	664;
	429	:	664;
	430	:	664;
	431	:	664;
	432	:	664;
	433	:	664;
	434	:	664;
	435	:	664;
	436	:	664;
	437	:	664;
	438	:	664;
	439	:	664;
	440	:	664;
	441	:	664;
	442	:	664;
	443	:	664;
	444	:	664;
	445	:	654;
	446	:	664;
	447	:	654;
	448	:	654;
	449	:	654;
	450	:	654;
	451	:	654;
	452	:	654;
	453	:	554;
	454	:	554;
	455	:	554;
	456	:	554;
	457	:	554;
	458	:	554;
	459	:	554;
	460	:	554;
	461	:	554;
	462	:	554;
	463	:	554;
	464	:	554;
	465	:	554;
	466	:	554;
	467	:	553;
	468	:	554;
	469	:	554;
	470	:	554;
	471	:	553;
	472	:	553;
	473	:	554;
	474	:	554;
	475	:	554;
	476	:	665;
	477	:	665;
	478	:	665;
	479	:	665;
	480	:	676;
	481	:	665;
	482	:	665;
	483	:	665;
	484	:	665;
	485	:	665;
	486	:	676;
	487	:	776;
	488	:	787;
	489	:	788;
	490	:	898;
	491	:	999;
	492	:	999;
	493	:	9a9;
	494	:	aaa;
	495	:	abb;
	496	:	bbb;
	497	:	bbb;
	498	:	bbc;
	499	:	bcc;
	500	:	ccc;
	501	:	ccd;
	502	:	ccd;
	503	:	ccd;
	504	:	ccd;
	505	:	ccd;
	506	:	ccd;
	507	:	ccd;
	508	:	ccd;
	509	:	ccd;
	510	:	ccd;
	511	:	ccc;
	512	:	554;
	513	:	543;
	514	:	544;
	515	:	544;
	516	:	543;
	517	:	544;
	518	:	543;
	519	:	543;
	520	:	443;
	521	:	543;
	522	:	543;
	523	:	544;
	524	:	543;
	525	:	543;
	526	:	543;
	527	:	553;
	528	:	543;
	529	:	553;
	530	:	553;
	531	:	553;
	532	:	553;
	533	:	553;
	534	:	553;
	535	:	553;
	536	:	553;
	537	:	553;
	538	:	543;
	539	:	543;
	540	:	543;
	541	:	543;
	542	:	443;
	543	:	543;
	544	:	443;
	545	:	443;
	546	:	443;
	547	:	443;
	548	:	443;
	549	:	443;
	550	:	443;
	551	:	443;
	552	:	443;
	553	:	443;
	554	:	443;
	555	:	443;
	556	:	443;
	557	:	443;
	558	:	443;
	559	:	443;
	560	:	443;
	561	:	443;
	562	:	443;
	563	:	443;
	564	:	444;
	565	:	554;
	566	:	544;
	567	:	554;
	568	:	554;
	569	:	554;
	570	:	554;
	571	:	554;
	572	:	554;
	573	:	554;
	574	:	554;
	575	:	554;
	576	:	554;
	577	:	554;
	578	:	554;
	579	:	554;
	580	:	554;
	581	:	554;
	582	:	554;
	583	:	554;
	584	:	554;
	585	:	554;
	586	:	554;
	587	:	554;
	588	:	664;
	589	:	654;
	590	:	554;
	591	:	564;
	592	:	664;
	593	:	564;
	594	:	664;
	595	:	554;
	596	:	554;
	597	:	554;
	598	:	554;
	599	:	564;
	600	:	664;
	601	:	664;
	602	:	664;
	603	:	664;
	604	:	664;
	605	:	664;
	606	:	664;
	607	:	664;
	608	:	664;
	609	:	665;
	610	:	665;
	611	:	664;
	612	:	664;
	613	:	664;
	614	:	664;
	615	:	664;
	616	:	664;
	617	:	664;
	618	:	664;
	619	:	664;
	620	:	664;
	621	:	664;
	622	:	664;
	623	:	654;
	624	:	664;
	625	:	654;
	626	:	654;
	627	:	654;
	628	:	654;
	629	:	654;
	630	:	654;
	631	:	654;
	632	:	654;
	633	:	654;
	634	:	654;
	635	:	654;
	636	:	654;
	637	:	654;
	638	:	654;
	639	:	654;
	640	:	654;
	641	:	664;
	642	:	664;
	643	:	654;
	644	:	664;
	645	:	664;
	646	:	664;
	647	:	664;
	648	:	664;
	649	:	664;
	650	:	664;
	651	:	664;
	652	:	664;
	653	:	664;
	654	:	664;
	655	:	664;
	656	:	664;
	657	:	665;
	658	:	665;
	659	:	765;
	660	:	765;
	661	:	765;
	662	:	765;
	663	:	765;
	664	:	765;
	665	:	765;
	666	:	765;
	667	:	765;
	668	:	765;
	669	:	765;
	670	:	765;
	671	:	765;
	672	:	765;
	673	:	765;
	674	:	765;
	675	:	665;
	676	:	665;
	677	:	664;
	678	:	664;
	679	:	665;
	680	:	665;
	681	:	664;
	682	:	664;
	683	:	664;
	684	:	664;
	685	:	664;
	686	:	665;
	687	:	664;
	688	:	664;
	689	:	664;
	690	:	664;
	691	:	665;
	692	:	664;
	693	:	665;
	694	:	665;
	695	:	664;
	696	:	664;
	697	:	664;
	698	:	664;
	699	:	664;
	700	:	664;
	701	:	664;
	702	:	654;
	703	:	664;
	704	:	654;
	705	:	654;
	706	:	654;
	707	:	654;
	708	:	654;
	709	:	554;
	710	:	554;
	711	:	554;
	712	:	554;
	713	:	554;
	714	:	554;
	715	:	554;
	716	:	554;
	717	:	554;
	718	:	554;
	719	:	554;
	720	:	554;
	721	:	554;
	722	:	554;
	723	:	554;
	724	:	554;
	725	:	553;
	726	:	553;
	727	:	554;
	728	:	554;
	729	:	554;
	730	:	664;
	731	:	664;
	732	:	665;
	733	:	665;
	734	:	665;
	735	:	665;
	736	:	665;
	737	:	665;
	738	:	665;
	739	:	665;
	740	:	665;
	741	:	665;
	742	:	676;
	743	:	776;
	744	:	787;
	745	:	888;
	746	:	999;
	747	:	999;
	748	:	999;
	749	:	9aa;
	750	:	aaa;
	751	:	abb;
	752	:	bbb;
	753	:	bbc;
	754	:	bbc;
	755	:	ccc;
	756	:	ccc;
	757	:	ccd;
	758	:	ccd;
	759	:	ccd;
	760	:	cdd;
	761	:	ccd;
	762	:	ccd;
	763	:	ccd;
	764	:	ccd;
	765	:	ccd;
	766	:	ccd;
	767	:	ccd;
	768	:	554;
	769	:	544;
	770	:	554;
	771	:	544;
	772	:	543;
	773	:	543;
	774	:	543;
	775	:	443;
	776	:	544;
	777	:	544;
	778	:	544;
	779	:	543;
	780	:	543;
	781	:	543;
	782	:	553;
	783	:	543;
	784	:	553;
	785	:	553;
	786	:	543;
	787	:	553;
	788	:	553;
	789	:	554;
	790	:	554;
	791	:	543;
	792	:	553;
	793	:	543;
	794	:	543;
	795	:	543;
	796	:	443;
	797	:	443;
	798	:	543;
	799	:	443;
	800	:	443;
	801	:	443;
	802	:	443;
	803	:	443;
	804	:	443;
	805	:	443;
	806	:	443;
	807	:	443;
	808	:	443;
	809	:	443;
	810	:	443;
	811	:	443;
	812	:	443;
	813	:	443;
	814	:	443;
	815	:	443;
	816	:	443;
	817	:	443;
	818	:	443;
	819	:	443;
	820	:	544;
	821	:	544;
	822	:	554;
	823	:	554;
	824	:	554;
	825	:	554;
	826	:	554;
	827	:	554;
	828	:	554;
	829	:	554;
	830	:	554;
	831	:	554;
	832	:	554;
	833	:	554;
	834	:	554;
	835	:	554;
	836	:	554;
	837	:	554;
	838	:	554;
	839	:	554;
	840	:	554;
	841	:	554;
	842	:	554;
	843	:	564;
	844	:	554;
	845	:	554;
	846	:	554;
	847	:	564;
	848	:	554;
	849	:	564;
	850	:	564;
	851	:	554;
	852	:	554;
	853	:	554;
	854	:	554;
	855	:	664;
	856	:	564;
	857	:	564;
	858	:	664;
	859	:	664;
	860	:	664;
	861	:	665;
	862	:	664;
	863	:	665;
	864	:	664;
	865	:	664;
	866	:	665;
	867	:	664;
	868	:	664;
	869	:	664;
	870	:	664;
	871	:	664;
	872	:	664;
	873	:	664;
	874	:	664;
	875	:	664;
	876	:	664;
	877	:	664;
	878	:	654;
	879	:	664;
	880	:	654;
	881	:	664;
	882	:	654;
	883	:	664;
	884	:	654;
	885	:	654;
	886	:	654;
	887	:	654;
	888	:	654;
	889	:	654;
	890	:	654;
	891	:	654;
	892	:	654;
	893	:	664;
	894	:	664;
	895	:	664;
	896	:	654;
	897	:	654;
	898	:	654;
	899	:	654;
	900	:	654;
	901	:	654;
	902	:	654;
	903	:	664;
	904	:	664;
	905	:	664;
	906	:	664;
	907	:	664;
	908	:	664;
	909	:	665;
	910	:	665;
	911	:	664;
	912	:	664;
	913	:	664;
	914	:	765;
	915	:	765;
	916	:	665;
	917	:	765;
	918	:	665;
	919	:	665;
	920	:	765;
	921	:	765;
	922	:	665;
	923	:	665;
	924	:	765;
	925	:	765;
	926	:	665;
	927	:	665;
	928	:	765;
	929	:	664;
	930	:	664;
	931	:	665;
	932	:	664;
	933	:	664;
	934	:	664;
	935	:	664;
	936	:	664;
	937	:	664;
	938	:	664;
	939	:	664;
	940	:	664;
	941	:	664;
	942	:	664;
	943	:	664;
	944	:	664;
	945	:	664;
	946	:	665;
	947	:	664;
	948	:	664;
	949	:	664;
	950	:	665;
	951	:	664;
	952	:	664;
	953	:	664;
	954	:	664;
	955	:	664;
	956	:	664;
	957	:	664;
	958	:	664;
	959	:	654;
	960	:	664;
	961	:	654;
	962	:	654;
	963	:	654;
	964	:	654;
	965	:	654;
	966	:	554;
	967	:	554;
	968	:	554;
	969	:	554;
	970	:	554;
	971	:	554;
	972	:	554;
	973	:	554;
	974	:	554;
	975	:	554;
	976	:	554;
	977	:	554;
	978	:	554;
	979	:	554;
	980	:	553;
	981	:	553;
	982	:	553;
	983	:	554;
	984	:	554;
	985	:	554;
	986	:	654;
	987	:	665;
	988	:	665;
	989	:	665;
	990	:	665;
	991	:	665;
	992	:	665;
	993	:	665;
	994	:	665;
	995	:	665;
	996	:	665;
	997	:	665;
	998	:	676;
	999	:	776;
	1000	:	787;
	1001	:	888;
	1002	:	899;
	1003	:	999;
	1004	:	9a9;
	1005	:	9aa;
	1006	:	aab;
	1007	:	abb;
	1008	:	bbc;
	1009	:	bbc;
	1010	:	bbc;
	1011	:	ccc;
	1012	:	ccd;
	1013	:	ccd;
	1014	:	ccd;
	1015	:	ccd;
	1016	:	ccd;
	1017	:	ccd;
	1018	:	ccd;
	1019	:	ccd;
	1020	:	ddd;
	1021	:	ccd;
	1022	:	ccd;
	1023	:	ccd;
	1024	:	554;
	1025	:	554;
	1026	:	553;
	1027	:	553;
	1028	:	543;
	1029	:	543;
	1030	:	443;
	1031	:	543;
	1032	:	543;
	1033	:	543;
	1034	:	544;
	1035	:	553;
	1036	:	543;
	1037	:	543;
	1038	:	553;
	1039	:	543;
	1040	:	553;
	1041	:	553;
	1042	:	553;
	1043	:	553;
	1044	:	553;
	1045	:	553;
	1046	:	543;
	1047	:	553;
	1048	:	543;
	1049	:	543;
	1050	:	543;
	1051	:	543;
	1052	:	543;
	1053	:	443;
	1054	:	443;
	1055	:	443;
	1056	:	443;
	1057	:	443;
	1058	:	443;
	1059	:	443;
	1060	:	443;
	1061	:	443;
	1062	:	443;
	1063	:	443;
	1064	:	443;
	1065	:	433;
	1066	:	443;
	1067	:	443;
	1068	:	443;
	1069	:	443;
	1070	:	443;
	1071	:	443;
	1072	:	443;
	1073	:	443;
	1074	:	443;
	1075	:	443;
	1076	:	444;
	1077	:	554;
	1078	:	554;
	1079	:	554;
	1080	:	554;
	1081	:	554;
	1082	:	554;
	1083	:	554;
	1084	:	554;
	1085	:	554;
	1086	:	554;
	1087	:	554;
	1088	:	554;
	1089	:	554;
	1090	:	554;
	1091	:	554;
	1092	:	554;
	1093	:	554;
	1094	:	554;
	1095	:	554;
	1096	:	554;
	1097	:	654;
	1098	:	554;
	1099	:	554;
	1100	:	554;
	1101	:	554;
	1102	:	554;
	1103	:	554;
	1104	:	554;
	1105	:	554;
	1106	:	554;
	1107	:	554;
	1108	:	554;
	1109	:	554;
	1110	:	554;
	1111	:	564;
	1112	:	664;
	1113	:	664;
	1114	:	664;
	1115	:	664;
	1116	:	665;
	1117	:	665;
	1118	:	664;
	1119	:	665;
	1120	:	664;
	1121	:	664;
	1122	:	664;
	1123	:	664;
	1124	:	664;
	1125	:	664;
	1126	:	664;
	1127	:	654;
	1128	:	664;
	1129	:	664;
	1130	:	664;
	1131	:	664;
	1132	:	664;
	1133	:	664;
	1134	:	654;
	1135	:	654;
	1136	:	664;
	1137	:	654;
	1138	:	654;
	1139	:	654;
	1140	:	654;
	1141	:	654;
	1142	:	654;
	1143	:	654;
	1144	:	654;
	1145	:	654;
	1146	:	654;
	1147	:	654;
	1148	:	654;
	1149	:	654;
	1150	:	654;
	1151	:	664;
	1152	:	654;
	1153	:	654;
	1154	:	654;
	1155	:	654;
	1156	:	664;
	1157	:	664;
	1158	:	664;
	1159	:	664;
	1160	:	664;
	1161	:	664;
	1162	:	664;
	1163	:	664;
	1164	:	664;
	1165	:	665;
	1166	:	664;
	1167	:	664;
	1168	:	665;
	1169	:	665;
	1170	:	665;
	1171	:	665;
	1172	:	665;
	1173	:	664;
	1174	:	765;
	1175	:	665;
	1176	:	765;
	1177	:	665;
	1178	:	765;
	1179	:	765;
	1180	:	664;
	1181	:	665;
	1182	:	665;
	1183	:	664;
	1184	:	664;
	1185	:	664;
	1186	:	665;
	1187	:	765;
	1188	:	664;
	1189	:	664;
	1190	:	664;
	1191	:	664;
	1192	:	664;
	1193	:	664;
	1194	:	664;
	1195	:	664;
	1196	:	664;
	1197	:	664;
	1198	:	664;
	1199	:	664;
	1200	:	664;
	1201	:	664;
	1202	:	664;
	1203	:	664;
	1204	:	664;
	1205	:	664;
	1206	:	665;
	1207	:	664;
	1208	:	664;
	1209	:	664;
	1210	:	664;
	1211	:	664;
	1212	:	664;
	1213	:	664;
	1214	:	664;
	1215	:	664;
	1216	:	664;
	1217	:	654;
	1218	:	654;
	1219	:	654;
	1220	:	654;
	1221	:	654;
	1222	:	654;
	1223	:	554;
	1224	:	554;
	1225	:	554;
	1226	:	554;
	1227	:	554;
	1228	:	554;
	1229	:	554;
	1230	:	553;
	1231	:	554;
	1232	:	554;
	1233	:	554;
	1234	:	543;
	1235	:	554;
	1236	:	553;
	1237	:	553;
	1238	:	553;
	1239	:	554;
	1240	:	554;
	1241	:	554;
	1242	:	554;
	1243	:	665;
	1244	:	665;
	1245	:	665;
	1246	:	665;
	1247	:	665;
	1248	:	665;
	1249	:	676;
	1250	:	666;
	1251	:	676;
	1252	:	665;
	1253	:	666;
	1254	:	776;
	1255	:	777;
	1256	:	887;
	1257	:	888;
	1258	:	999;
	1259	:	999;
	1260	:	9aa;
	1261	:	aaa;
	1262	:	aab;
	1263	:	bbb;
	1264	:	bbb;
	1265	:	bbc;
	1266	:	bbc;
	1267	:	ccd;
	1268	:	ccd;
	1269	:	ccd;
	1270	:	cdd;
	1271	:	dcd;
	1272	:	ddd;
	1273	:	cce;
	1274	:	dde;
	1275	:	cdd;
	1276	:	ccd;
	1277	:	cdd;
	1278	:	ccd;
	1279	:	ccd;
	1280	:	554;
	1281	:	554;
	1282	:	553;
	1283	:	553;
	1284	:	543;
	1285	:	543;
	1286	:	543;
	1287	:	543;
	1288	:	543;
	1289	:	443;
	1290	:	543;
	1291	:	553;
	1292	:	553;
	1293	:	543;
	1294	:	553;
	1295	:	553;
	1296	:	543;
	1297	:	553;
	1298	:	553;
	1299	:	553;
	1300	:	553;
	1301	:	553;
	1302	:	543;
	1303	:	543;
	1304	:	543;
	1305	:	543;
	1306	:	543;
	1307	:	543;
	1308	:	443;
	1309	:	443;
	1310	:	443;
	1311	:	443;
	1312	:	443;
	1313	:	433;
	1314	:	432;
	1315	:	443;
	1316	:	433;
	1317	:	433;
	1318	:	433;
	1319	:	433;
	1320	:	443;
	1321	:	443;
	1322	:	443;
	1323	:	443;
	1324	:	443;
	1325	:	443;
	1326	:	443;
	1327	:	443;
	1328	:	443;
	1329	:	443;
	1330	:	443;
	1331	:	443;
	1332	:	544;
	1333	:	443;
	1334	:	443;
	1335	:	554;
	1336	:	554;
	1337	:	554;
	1338	:	554;
	1339	:	554;
	1340	:	554;
	1341	:	554;
	1342	:	554;
	1343	:	554;
	1344	:	554;
	1345	:	554;
	1346	:	554;
	1347	:	554;
	1348	:	554;
	1349	:	554;
	1350	:	554;
	1351	:	554;
	1352	:	554;
	1353	:	554;
	1354	:	554;
	1355	:	554;
	1356	:	554;
	1357	:	554;
	1358	:	554;
	1359	:	554;
	1360	:	554;
	1361	:	554;
	1362	:	554;
	1363	:	554;
	1364	:	554;
	1365	:	554;
	1366	:	554;
	1367	:	564;
	1368	:	564;
	1369	:	664;
	1370	:	664;
	1371	:	664;
	1372	:	664;
	1373	:	664;
	1374	:	665;
	1375	:	664;
	1376	:	664;
	1377	:	664;
	1378	:	664;
	1379	:	664;
	1380	:	664;
	1381	:	664;
	1382	:	664;
	1383	:	664;
	1384	:	664;
	1385	:	664;
	1386	:	664;
	1387	:	664;
	1388	:	664;
	1389	:	664;
	1390	:	664;
	1391	:	664;
	1392	:	664;
	1393	:	654;
	1394	:	664;
	1395	:	654;
	1396	:	654;
	1397	:	654;
	1398	:	654;
	1399	:	654;
	1400	:	654;
	1401	:	654;
	1402	:	654;
	1403	:	654;
	1404	:	654;
	1405	:	654;
	1406	:	654;
	1407	:	654;
	1408	:	654;
	1409	:	654;
	1410	:	664;
	1411	:	664;
	1412	:	654;
	1413	:	654;
	1414	:	654;
	1415	:	654;
	1416	:	664;
	1417	:	664;
	1418	:	664;
	1419	:	664;
	1420	:	664;
	1421	:	664;
	1422	:	665;
	1423	:	665;
	1424	:	664;
	1425	:	664;
	1426	:	664;
	1427	:	665;
	1428	:	664;
	1429	:	665;
	1430	:	665;
	1431	:	665;
	1432	:	665;
	1433	:	665;
	1434	:	664;
	1435	:	664;
	1436	:	664;
	1437	:	664;
	1438	:	664;
	1439	:	664;
	1440	:	664;
	1441	:	665;
	1442	:	664;
	1443	:	664;
	1444	:	664;
	1445	:	664;
	1446	:	664;
	1447	:	664;
	1448	:	664;
	1449	:	665;
	1450	:	664;
	1451	:	664;
	1452	:	664;
	1453	:	664;
	1454	:	664;
	1455	:	664;
	1456	:	664;
	1457	:	664;
	1458	:	664;
	1459	:	664;
	1460	:	664;
	1461	:	664;
	1462	:	664;
	1463	:	664;
	1464	:	664;
	1465	:	664;
	1466	:	664;
	1467	:	664;
	1468	:	664;
	1469	:	664;
	1470	:	664;
	1471	:	664;
	1472	:	664;
	1473	:	654;
	1474	:	654;
	1475	:	654;
	1476	:	654;
	1477	:	654;
	1478	:	554;
	1479	:	654;
	1480	:	654;
	1481	:	654;
	1482	:	554;
	1483	:	554;
	1484	:	554;
	1485	:	554;
	1486	:	554;
	1487	:	554;
	1488	:	553;
	1489	:	554;
	1490	:	543;
	1491	:	553;
	1492	:	543;
	1493	:	554;
	1494	:	543;
	1495	:	553;
	1496	:	554;
	1497	:	554;
	1498	:	554;
	1499	:	654;
	1500	:	665;
	1501	:	665;
	1502	:	665;
	1503	:	665;
	1504	:	666;
	1505	:	776;
	1506	:	666;
	1507	:	676;
	1508	:	676;
	1509	:	676;
	1510	:	676;
	1511	:	787;
	1512	:	888;
	1513	:	898;
	1514	:	899;
	1515	:	9a9;
	1516	:	9aa;
	1517	:	aaa;
	1518	:	aaa;
	1519	:	aab;
	1520	:	bbb;
	1521	:	bbc;
	1522	:	bbc;
	1523	:	ccd;
	1524	:	ccd;
	1525	:	ccd;
	1526	:	ddd;
	1527	:	ddd;
	1528	:	dcd;
	1529	:	dde;
	1530	:	dde;
	1531	:	dde;
	1532	:	ddd;
	1533	:	ccd;
	1534	:	ddd;
	1535	:	ccd;
	1536	:	554;
	1537	:	554;
	1538	:	554;
	1539	:	553;
	1540	:	553;
	1541	:	543;
	1542	:	543;
	1543	:	443;
	1544	:	443;
	1545	:	543;
	1546	:	553;
	1547	:	553;
	1548	:	553;
	1549	:	553;
	1550	:	543;
	1551	:	543;
	1552	:	553;
	1553	:	553;
	1554	:	553;
	1555	:	553;
	1556	:	553;
	1557	:	543;
	1558	:	543;
	1559	:	543;
	1560	:	543;
	1561	:	443;
	1562	:	543;
	1563	:	443;
	1564	:	443;
	1565	:	443;
	1566	:	443;
	1567	:	443;
	1568	:	443;
	1569	:	443;
	1570	:	433;
	1571	:	433;
	1572	:	433;
	1573	:	433;
	1574	:	433;
	1575	:	433;
	1576	:	433;
	1577	:	433;
	1578	:	443;
	1579	:	443;
	1580	:	443;
	1581	:	443;
	1582	:	443;
	1583	:	443;
	1584	:	443;
	1585	:	443;
	1586	:	443;
	1587	:	443;
	1588	:	444;
	1589	:	443;
	1590	:	544;
	1591	:	554;
	1592	:	554;
	1593	:	554;
	1594	:	554;
	1595	:	554;
	1596	:	554;
	1597	:	554;
	1598	:	554;
	1599	:	554;
	1600	:	554;
	1601	:	554;
	1602	:	554;
	1603	:	554;
	1604	:	554;
	1605	:	554;
	1606	:	554;
	1607	:	554;
	1608	:	554;
	1609	:	554;
	1610	:	554;
	1611	:	554;
	1612	:	554;
	1613	:	554;
	1614	:	554;
	1615	:	554;
	1616	:	554;
	1617	:	554;
	1618	:	554;
	1619	:	554;
	1620	:	554;
	1621	:	554;
	1622	:	554;
	1623	:	664;
	1624	:	664;
	1625	:	664;
	1626	:	664;
	1627	:	665;
	1628	:	665;
	1629	:	665;
	1630	:	664;
	1631	:	664;
	1632	:	664;
	1633	:	664;
	1634	:	664;
	1635	:	664;
	1636	:	664;
	1637	:	664;
	1638	:	664;
	1639	:	664;
	1640	:	664;
	1641	:	664;
	1642	:	664;
	1643	:	664;
	1644	:	664;
	1645	:	664;
	1646	:	664;
	1647	:	654;
	1648	:	664;
	1649	:	664;
	1650	:	654;
	1651	:	654;
	1652	:	654;
	1653	:	654;
	1654	:	654;
	1655	:	654;
	1656	:	654;
	1657	:	654;
	1658	:	554;
	1659	:	654;
	1660	:	654;
	1661	:	654;
	1662	:	654;
	1663	:	654;
	1664	:	664;
	1665	:	654;
	1666	:	664;
	1667	:	664;
	1668	:	654;
	1669	:	654;
	1670	:	664;
	1671	:	664;
	1672	:	664;
	1673	:	664;
	1674	:	664;
	1675	:	664;
	1676	:	664;
	1677	:	665;
	1678	:	664;
	1679	:	664;
	1680	:	664;
	1681	:	664;
	1682	:	664;
	1683	:	664;
	1684	:	664;
	1685	:	664;
	1686	:	664;
	1687	:	664;
	1688	:	665;
	1689	:	664;
	1690	:	664;
	1691	:	664;
	1692	:	664;
	1693	:	664;
	1694	:	664;
	1695	:	664;
	1696	:	664;
	1697	:	665;
	1698	:	665;
	1699	:	664;
	1700	:	664;
	1701	:	664;
	1702	:	664;
	1703	:	664;
	1704	:	664;
	1705	:	664;
	1706	:	664;
	1707	:	664;
	1708	:	664;
	1709	:	664;
	1710	:	664;
	1711	:	664;
	1712	:	664;
	1713	:	664;
	1714	:	665;
	1715	:	665;
	1716	:	664;
	1717	:	665;
	1718	:	664;
	1719	:	664;
	1720	:	664;
	1721	:	665;
	1722	:	664;
	1723	:	664;
	1724	:	664;
	1725	:	664;
	1726	:	664;
	1727	:	664;
	1728	:	664;
	1729	:	664;
	1730	:	664;
	1731	:	664;
	1732	:	664;
	1733	:	654;
	1734	:	654;
	1735	:	654;
	1736	:	654;
	1737	:	554;
	1738	:	554;
	1739	:	554;
	1740	:	554;
	1741	:	554;
	1742	:	554;
	1743	:	554;
	1744	:	554;
	1745	:	553;
	1746	:	554;
	1747	:	554;
	1748	:	553;
	1749	:	553;
	1750	:	543;
	1751	:	553;
	1752	:	554;
	1753	:	554;
	1754	:	655;
	1755	:	655;
	1756	:	665;
	1757	:	665;
	1758	:	665;
	1759	:	665;
	1760	:	676;
	1761	:	776;
	1762	:	776;
	1763	:	776;
	1764	:	676;
	1765	:	776;
	1766	:	776;
	1767	:	787;
	1768	:	888;
	1769	:	888;
	1770	:	999;
	1771	:	9aa;
	1772	:	9aa;
	1773	:	aaa;
	1774	:	aaa;
	1775	:	abb;
	1776	:	bbb;
	1777	:	bbc;
	1778	:	ccc;
	1779	:	ccd;
	1780	:	ccd;
	1781	:	ccd;
	1782	:	ddd;
	1783	:	dde;
	1784	:	dde;
	1785	:	dde;
	1786	:	dde;
	1787	:	dde;
	1788	:	dde;
	1789	:	dde;
	1790	:	dcd;
	1791	:	dde;
	1792	:	554;
	1793	:	554;
	1794	:	554;
	1795	:	554;
	1796	:	553;
	1797	:	543;
	1798	:	554;
	1799	:	443;
	1800	:	544;
	1801	:	544;
	1802	:	553;
	1803	:	553;
	1804	:	543;
	1805	:	553;
	1806	:	553;
	1807	:	553;
	1808	:	553;
	1809	:	553;
	1810	:	553;
	1811	:	553;
	1812	:	553;
	1813	:	553;
	1814	:	543;
	1815	:	543;
	1816	:	543;
	1817	:	443;
	1818	:	443;
	1819	:	443;
	1820	:	443;
	1821	:	443;
	1822	:	443;
	1823	:	433;
	1824	:	433;
	1825	:	433;
	1826	:	433;
	1827	:	433;
	1828	:	433;
	1829	:	432;
	1830	:	433;
	1831	:	433;
	1832	:	433;
	1833	:	443;
	1834	:	443;
	1835	:	433;
	1836	:	443;
	1837	:	443;
	1838	:	443;
	1839	:	443;
	1840	:	443;
	1841	:	443;
	1842	:	443;
	1843	:	443;
	1844	:	443;
	1845	:	444;
	1846	:	544;
	1847	:	543;
	1848	:	554;
	1849	:	554;
	1850	:	554;
	1851	:	554;
	1852	:	554;
	1853	:	554;
	1854	:	554;
	1855	:	554;
	1856	:	554;
	1857	:	554;
	1858	:	554;
	1859	:	554;
	1860	:	554;
	1861	:	554;
	1862	:	554;
	1863	:	554;
	1864	:	554;
	1865	:	554;
	1866	:	554;
	1867	:	554;
	1868	:	554;
	1869	:	554;
	1870	:	554;
	1871	:	554;
	1872	:	554;
	1873	:	554;
	1874	:	554;
	1875	:	554;
	1876	:	554;
	1877	:	554;
	1878	:	554;
	1879	:	564;
	1880	:	664;
	1881	:	665;
	1882	:	664;
	1883	:	664;
	1884	:	665;
	1885	:	665;
	1886	:	665;
	1887	:	665;
	1888	:	665;
	1889	:	665;
	1890	:	665;
	1891	:	665;
	1892	:	665;
	1893	:	665;
	1894	:	665;
	1895	:	665;
	1896	:	664;
	1897	:	664;
	1898	:	664;
	1899	:	664;
	1900	:	664;
	1901	:	664;
	1902	:	654;
	1903	:	664;
	1904	:	654;
	1905	:	664;
	1906	:	654;
	1907	:	654;
	1908	:	654;
	1909	:	654;
	1910	:	654;
	1911	:	654;
	1912	:	654;
	1913	:	554;
	1914	:	654;
	1915	:	554;
	1916	:	654;
	1917	:	654;
	1918	:	654;
	1919	:	654;
	1920	:	654;
	1921	:	664;
	1922	:	664;
	1923	:	664;
	1924	:	664;
	1925	:	664;
	1926	:	654;
	1927	:	664;
	1928	:	664;
	1929	:	664;
	1930	:	664;
	1931	:	664;
	1932	:	664;
	1933	:	664;
	1934	:	664;
	1935	:	664;
	1936	:	664;
	1937	:	665;
	1938	:	664;
	1939	:	664;
	1940	:	664;
	1941	:	664;
	1942	:	664;
	1943	:	664;
	1944	:	664;
	1945	:	664;
	1946	:	664;
	1947	:	664;
	1948	:	664;
	1949	:	664;
	1950	:	664;
	1951	:	664;
	1952	:	664;
	1953	:	664;
	1954	:	664;
	1955	:	664;
	1956	:	664;
	1957	:	664;
	1958	:	664;
	1959	:	664;
	1960	:	664;
	1961	:	664;
	1962	:	664;
	1963	:	664;
	1964	:	664;
	1965	:	664;
	1966	:	664;
	1967	:	665;
	1968	:	664;
	1969	:	664;
	1970	:	665;
	1971	:	665;
	1972	:	664;
	1973	:	664;
	1974	:	664;
	1975	:	664;
	1976	:	664;
	1977	:	664;
	1978	:	664;
	1979	:	664;
	1980	:	664;
	1981	:	664;
	1982	:	664;
	1983	:	664;
	1984	:	664;
	1985	:	665;
	1986	:	654;
	1987	:	664;
	1988	:	654;
	1989	:	664;
	1990	:	654;
	1991	:	654;
	1992	:	654;
	1993	:	554;
	1994	:	554;
	1995	:	554;
	1996	:	554;
	1997	:	554;
	1998	:	554;
	1999	:	553;
	2000	:	554;
	2001	:	554;
	2002	:	554;
	2003	:	543;
	2004	:	543;
	2005	:	543;
	2006	:	543;
	2007	:	543;
	2008	:	554;
	2009	:	554;
	2010	:	554;
	2011	:	655;
	2012	:	665;
	2013	:	665;
	2014	:	665;
	2015	:	665;
	2016	:	676;
	2017	:	776;
	2018	:	777;
	2019	:	776;
	2020	:	777;
	2021	:	777;
	2022	:	777;
	2023	:	787;
	2024	:	888;
	2025	:	898;
	2026	:	999;
	2027	:	9aa;
	2028	:	aaa;
	2029	:	aaa;
	2030	:	abb;
	2031	:	aab;
	2032	:	bbb;
	2033	:	bbc;
	2034	:	bbc;
	2035	:	ccd;
	2036	:	ccd;
	2037	:	ccd;
	2038	:	dde;
	2039	:	dde;
	2040	:	dde;
	2041	:	dde;
	2042	:	dde;
	2043	:	dde;
	2044	:	dde;
	2045	:	dde;
	2046	:	dde;
	2047	:	dde;
	2048	:	554;
	2049	:	554;
	2050	:	554;
	2051	:	554;
	2052	:	554;
	2053	:	554;
	2054	:	543;
	2055	:	543;
	2056	:	543;
	2057	:	543;
	2058	:	554;
	2059	:	553;
	2060	:	553;
	2061	:	553;
	2062	:	553;
	2063	:	553;
	2064	:	553;
	2065	:	553;
	2066	:	553;
	2067	:	543;
	2068	:	543;
	2069	:	443;
	2070	:	543;
	2071	:	443;
	2072	:	443;
	2073	:	443;
	2074	:	443;
	2075	:	443;
	2076	:	443;
	2077	:	443;
	2078	:	433;
	2079	:	443;
	2080	:	433;
	2081	:	433;
	2082	:	332;
	2083	:	432;
	2084	:	332;
	2085	:	333;
	2086	:	432;
	2087	:	433;
	2088	:	433;
	2089	:	433;
	2090	:	433;
	2091	:	443;
	2092	:	443;
	2093	:	443;
	2094	:	443;
	2095	:	443;
	2096	:	443;
	2097	:	443;
	2098	:	443;
	2099	:	443;
	2100	:	443;
	2101	:	443;
	2102	:	443;
	2103	:	544;
	2104	:	544;
	2105	:	554;
	2106	:	543;
	2107	:	554;
	2108	:	554;
	2109	:	554;
	2110	:	554;
	2111	:	554;
	2112	:	554;
	2113	:	554;
	2114	:	554;
	2115	:	554;
	2116	:	554;
	2117	:	554;
	2118	:	554;
	2119	:	554;
	2120	:	554;
	2121	:	554;
	2122	:	554;
	2123	:	554;
	2124	:	554;
	2125	:	554;
	2126	:	554;
	2127	:	554;
	2128	:	554;
	2129	:	554;
	2130	:	554;
	2131	:	554;
	2132	:	554;
	2133	:	554;
	2134	:	554;
	2135	:	664;
	2136	:	664;
	2137	:	665;
	2138	:	665;
	2139	:	665;
	2140	:	665;
	2141	:	665;
	2142	:	665;
	2143	:	765;
	2144	:	665;
	2145	:	665;
	2146	:	775;
	2147	:	665;
	2148	:	665;
	2149	:	765;
	2150	:	665;
	2151	:	665;
	2152	:	665;
	2153	:	765;
	2154	:	665;
	2155	:	665;
	2156	:	664;
	2157	:	664;
	2158	:	664;
	2159	:	664;
	2160	:	664;
	2161	:	654;
	2162	:	654;
	2163	:	654;
	2164	:	654;
	2165	:	654;
	2166	:	654;
	2167	:	654;
	2168	:	554;
	2169	:	554;
	2170	:	554;
	2171	:	554;
	2172	:	554;
	2173	:	554;
	2174	:	654;
	2175	:	654;
	2176	:	654;
	2177	:	664;
	2178	:	654;
	2179	:	654;
	2180	:	664;
	2181	:	664;
	2182	:	664;
	2183	:	664;
	2184	:	664;
	2185	:	664;
	2186	:	664;
	2187	:	664;
	2188	:	664;
	2189	:	664;
	2190	:	664;
	2191	:	664;
	2192	:	664;
	2193	:	664;
	2194	:	664;
	2195	:	664;
	2196	:	664;
	2197	:	664;
	2198	:	664;
	2199	:	664;
	2200	:	664;
	2201	:	664;
	2202	:	664;
	2203	:	664;
	2204	:	664;
	2205	:	664;
	2206	:	664;
	2207	:	664;
	2208	:	664;
	2209	:	664;
	2210	:	664;
	2211	:	664;
	2212	:	664;
	2213	:	664;
	2214	:	664;
	2215	:	664;
	2216	:	664;
	2217	:	664;
	2218	:	664;
	2219	:	664;
	2220	:	665;
	2221	:	664;
	2222	:	664;
	2223	:	664;
	2224	:	664;
	2225	:	664;
	2226	:	665;
	2227	:	664;
	2228	:	665;
	2229	:	665;
	2230	:	664;
	2231	:	664;
	2232	:	664;
	2233	:	664;
	2234	:	664;
	2235	:	664;
	2236	:	664;
	2237	:	665;
	2238	:	664;
	2239	:	664;
	2240	:	664;
	2241	:	665;
	2242	:	664;
	2243	:	664;
	2244	:	664;
	2245	:	665;
	2246	:	654;
	2247	:	654;
	2248	:	654;
	2249	:	654;
	2250	:	554;
	2251	:	554;
	2252	:	554;
	2253	:	554;
	2254	:	554;
	2255	:	554;
	2256	:	554;
	2257	:	554;
	2258	:	553;
	2259	:	543;
	2260	:	543;
	2261	:	543;
	2262	:	543;
	2263	:	543;
	2264	:	554;
	2265	:	554;
	2266	:	554;
	2267	:	655;
	2268	:	665;
	2269	:	665;
	2270	:	665;
	2271	:	776;
	2272	:	776;
	2273	:	777;
	2274	:	787;
	2275	:	787;
	2276	:	787;
	2277	:	777;
	2278	:	777;
	2279	:	787;
	2280	:	888;
	2281	:	899;
	2282	:	999;
	2283	:	9aa;
	2284	:	aaa;
	2285	:	aaa;
	2286	:	aab;
	2287	:	abb;
	2288	:	bbb;
	2289	:	bbc;
	2290	:	bbc;
	2291	:	ccd;
	2292	:	dde;
	2293	:	dde;
	2294	:	dde;
	2295	:	dde;
	2296	:	eef;
	2297	:	dee;
	2298	:	dde;
	2299	:	dde;
	2300	:	dde;
	2301	:	dde;
	2302	:	dde;
	2303	:	dde;
	2304	:	554;
	2305	:	554;
	2306	:	553;
	2307	:	554;
	2308	:	554;
	2309	:	554;
	2310	:	554;
	2311	:	544;
	2312	:	543;
	2313	:	554;
	2314	:	553;
	2315	:	553;
	2316	:	553;
	2317	:	553;
	2318	:	553;
	2319	:	553;
	2320	:	553;
	2321	:	553;
	2322	:	553;
	2323	:	553;
	2324	:	543;
	2325	:	543;
	2326	:	443;
	2327	:	443;
	2328	:	443;
	2329	:	443;
	2330	:	443;
	2331	:	443;
	2332	:	443;
	2333	:	443;
	2334	:	433;
	2335	:	433;
	2336	:	332;
	2337	:	433;
	2338	:	332;
	2339	:	332;
	2340	:	332;
	2341	:	333;
	2342	:	433;
	2343	:	433;
	2344	:	433;
	2345	:	433;
	2346	:	433;
	2347	:	433;
	2348	:	433;
	2349	:	443;
	2350	:	443;
	2351	:	443;
	2352	:	443;
	2353	:	443;
	2354	:	443;
	2355	:	443;
	2356	:	443;
	2357	:	443;
	2358	:	443;
	2359	:	444;
	2360	:	544;
	2361	:	543;
	2362	:	554;
	2363	:	554;
	2364	:	554;
	2365	:	554;
	2366	:	554;
	2367	:	554;
	2368	:	554;
	2369	:	554;
	2370	:	554;
	2371	:	554;
	2372	:	554;
	2373	:	554;
	2374	:	554;
	2375	:	554;
	2376	:	554;
	2377	:	554;
	2378	:	554;
	2379	:	554;
	2380	:	554;
	2381	:	554;
	2382	:	554;
	2383	:	554;
	2384	:	554;
	2385	:	554;
	2386	:	554;
	2387	:	554;
	2388	:	554;
	2389	:	554;
	2390	:	554;
	2391	:	664;
	2392	:	665;
	2393	:	665;
	2394	:	665;
	2395	:	665;
	2396	:	775;
	2397	:	776;
	2398	:	776;
	2399	:	675;
	2400	:	776;
	2401	:	776;
	2402	:	776;
	2403	:	765;
	2404	:	775;
	2405	:	775;
	2406	:	775;
	2407	:	776;
	2408	:	765;
	2409	:	765;
	2410	:	765;
	2411	:	765;
	2412	:	665;
	2413	:	665;
	2414	:	664;
	2415	:	664;
	2416	:	664;
	2417	:	664;
	2418	:	654;
	2419	:	654;
	2420	:	654;
	2421	:	654;
	2422	:	654;
	2423	:	654;
	2424	:	654;
	2425	:	554;
	2426	:	554;
	2427	:	554;
	2428	:	554;
	2429	:	554;
	2430	:	654;
	2431	:	654;
	2432	:	654;
	2433	:	654;
	2434	:	654;
	2435	:	654;
	2436	:	654;
	2437	:	654;
	2438	:	654;
	2439	:	664;
	2440	:	664;
	2441	:	664;
	2442	:	664;
	2443	:	664;
	2444	:	664;
	2445	:	664;
	2446	:	664;
	2447	:	664;
	2448	:	664;
	2449	:	664;
	2450	:	664;
	2451	:	664;
	2452	:	664;
	2453	:	664;
	2454	:	664;
	2455	:	664;
	2456	:	664;
	2457	:	664;
	2458	:	664;
	2459	:	664;
	2460	:	664;
	2461	:	664;
	2462	:	664;
	2463	:	664;
	2464	:	664;
	2465	:	664;
	2466	:	664;
	2467	:	665;
	2468	:	664;
	2469	:	664;
	2470	:	664;
	2471	:	664;
	2472	:	664;
	2473	:	664;
	2474	:	664;
	2475	:	664;
	2476	:	664;
	2477	:	664;
	2478	:	664;
	2479	:	664;
	2480	:	665;
	2481	:	664;
	2482	:	664;
	2483	:	664;
	2484	:	664;
	2485	:	664;
	2486	:	665;
	2487	:	665;
	2488	:	664;
	2489	:	664;
	2490	:	665;
	2491	:	664;
	2492	:	664;
	2493	:	664;
	2494	:	664;
	2495	:	665;
	2496	:	664;
	2497	:	664;
	2498	:	665;
	2499	:	664;
	2500	:	664;
	2501	:	654;
	2502	:	664;
	2503	:	654;
	2504	:	654;
	2505	:	654;
	2506	:	654;
	2507	:	654;
	2508	:	554;
	2509	:	554;
	2510	:	554;
	2511	:	554;
	2512	:	554;
	2513	:	554;
	2514	:	543;
	2515	:	553;
	2516	:	553;
	2517	:	543;
	2518	:	543;
	2519	:	543;
	2520	:	554;
	2521	:	554;
	2522	:	554;
	2523	:	655;
	2524	:	665;
	2525	:	665;
	2526	:	666;
	2527	:	676;
	2528	:	777;
	2529	:	787;
	2530	:	887;
	2531	:	787;
	2532	:	787;
	2533	:	788;
	2534	:	788;
	2535	:	888;
	2536	:	888;
	2537	:	999;
	2538	:	9aa;
	2539	:	aaa;
	2540	:	aab;
	2541	:	aab;
	2542	:	abb;
	2543	:	bbb;
	2544	:	bbc;
	2545	:	bbc;
	2546	:	ccd;
	2547	:	ccd;
	2548	:	ddd;
	2549	:	dde;
	2550	:	dde;
	2551	:	eee;
	2552	:	ddf;
	2553	:	eef;
	2554	:	eef;
	2555	:	eef;
	2556	:	eee;
	2557	:	eee;
	2558	:	dde;
	2559	:	dde;
	2560	:	554;
	2561	:	553;
	2562	:	554;
	2563	:	554;
	2564	:	553;
	2565	:	554;
	2566	:	543;
	2567	:	543;
	2568	:	543;
	2569	:	553;
	2570	:	553;
	2571	:	553;
	2572	:	553;
	2573	:	553;
	2574	:	553;
	2575	:	553;
	2576	:	553;
	2577	:	553;
	2578	:	553;
	2579	:	553;
	2580	:	543;
	2581	:	443;
	2582	:	443;
	2583	:	443;
	2584	:	443;
	2585	:	443;
	2586	:	443;
	2587	:	443;
	2588	:	433;
	2589	:	433;
	2590	:	432;
	2591	:	432;
	2592	:	332;
	2593	:	332;
	2594	:	332;
	2595	:	333;
	2596	:	332;
	2597	:	333;
	2598	:	333;
	2599	:	433;
	2600	:	433;
	2601	:	433;
	2602	:	433;
	2603	:	433;
	2604	:	433;
	2605	:	443;
	2606	:	443;
	2607	:	443;
	2608	:	443;
	2609	:	443;
	2610	:	443;
	2611	:	443;
	2612	:	443;
	2613	:	443;
	2614	:	443;
	2615	:	443;
	2616	:	443;
	2617	:	444;
	2618	:	543;
	2619	:	554;
	2620	:	554;
	2621	:	554;
	2622	:	554;
	2623	:	554;
	2624	:	554;
	2625	:	554;
	2626	:	554;
	2627	:	554;
	2628	:	554;
	2629	:	554;
	2630	:	554;
	2631	:	554;
	2632	:	554;
	2633	:	554;
	2634	:	554;
	2635	:	554;
	2636	:	554;
	2637	:	554;
	2638	:	554;
	2639	:	554;
	2640	:	554;
	2641	:	554;
	2642	:	554;
	2643	:	553;
	2644	:	554;
	2645	:	554;
	2646	:	664;
	2647	:	665;
	2648	:	665;
	2649	:	676;
	2650	:	776;
	2651	:	776;
	2652	:	776;
	2653	:	776;
	2654	:	776;
	2655	:	776;
	2656	:	776;
	2657	:	776;
	2658	:	776;
	2659	:	776;
	2660	:	776;
	2661	:	776;
	2662	:	776;
	2663	:	776;
	2664	:	776;
	2665	:	775;
	2666	:	775;
	2667	:	775;
	2668	:	765;
	2669	:	765;
	2670	:	665;
	2671	:	664;
	2672	:	664;
	2673	:	654;
	2674	:	654;
	2675	:	654;
	2676	:	654;
	2677	:	654;
	2678	:	553;
	2679	:	654;
	2680	:	554;
	2681	:	654;
	2682	:	554;
	2683	:	554;
	2684	:	554;
	2685	:	654;
	2686	:	554;
	2687	:	554;
	2688	:	654;
	2689	:	654;
	2690	:	654;
	2691	:	654;
	2692	:	654;
	2693	:	654;
	2694	:	654;
	2695	:	654;
	2696	:	654;
	2697	:	654;
	2698	:	664;
	2699	:	654;
	2700	:	654;
	2701	:	664;
	2702	:	664;
	2703	:	664;
	2704	:	664;
	2705	:	664;
	2706	:	664;
	2707	:	664;
	2708	:	664;
	2709	:	664;
	2710	:	664;
	2711	:	664;
	2712	:	664;
	2713	:	664;
	2714	:	664;
	2715	:	664;
	2716	:	664;
	2717	:	664;
	2718	:	664;
	2719	:	664;
	2720	:	664;
	2721	:	664;
	2722	:	664;
	2723	:	664;
	2724	:	664;
	2725	:	664;
	2726	:	664;
	2727	:	664;
	2728	:	664;
	2729	:	664;
	2730	:	664;
	2731	:	664;
	2732	:	664;
	2733	:	664;
	2734	:	664;
	2735	:	664;
	2736	:	664;
	2737	:	665;
	2738	:	665;
	2739	:	665;
	2740	:	664;
	2741	:	665;
	2742	:	664;
	2743	:	664;
	2744	:	664;
	2745	:	664;
	2746	:	665;
	2747	:	665;
	2748	:	664;
	2749	:	665;
	2750	:	664;
	2751	:	665;
	2752	:	664;
	2753	:	665;
	2754	:	664;
	2755	:	664;
	2756	:	664;
	2757	:	664;
	2758	:	664;
	2759	:	664;
	2760	:	654;
	2761	:	654;
	2762	:	554;
	2763	:	554;
	2764	:	554;
	2765	:	554;
	2766	:	554;
	2767	:	554;
	2768	:	554;
	2769	:	554;
	2770	:	553;
	2771	:	553;
	2772	:	543;
	2773	:	543;
	2774	:	543;
	2775	:	543;
	2776	:	554;
	2777	:	554;
	2778	:	654;
	2779	:	655;
	2780	:	665;
	2781	:	665;
	2782	:	666;
	2783	:	776;
	2784	:	777;
	2785	:	887;
	2786	:	888;
	2787	:	888;
	2788	:	888;
	2789	:	888;
	2790	:	888;
	2791	:	888;
	2792	:	899;
	2793	:	999;
	2794	:	99a;
	2795	:	aaa;
	2796	:	aab;
	2797	:	aab;
	2798	:	aab;
	2799	:	bbb;
	2800	:	bbc;
	2801	:	ccc;
	2802	:	ccd;
	2803	:	ccd;
	2804	:	dde;
	2805	:	dde;
	2806	:	dde;
	2807	:	eef;
	2808	:	eef;
	2809	:	eef;
	2810	:	eef;
	2811	:	eef;
	2812	:	eef;
	2813	:	eee;
	2814	:	eef;
	2815	:	eee;
	2816	:	553;
	2817	:	553;
	2818	:	554;
	2819	:	554;
	2820	:	543;
	2821	:	553;
	2822	:	544;
	2823	:	544;
	2824	:	554;
	2825	:	553;
	2826	:	553;
	2827	:	554;
	2828	:	553;
	2829	:	553;
	2830	:	553;
	2831	:	553;
	2832	:	453;
	2833	:	553;
	2834	:	553;
	2835	:	443;
	2836	:	443;
	2837	:	443;
	2838	:	443;
	2839	:	443;
	2840	:	443;
	2841	:	443;
	2842	:	443;
	2843	:	443;
	2844	:	433;
	2845	:	443;
	2846	:	432;
	2847	:	332;
	2848	:	332;
	2849	:	332;
	2850	:	332;
	2851	:	332;
	2852	:	332;
	2853	:	332;
	2854	:	332;
	2855	:	433;
	2856	:	433;
	2857	:	433;
	2858	:	433;
	2859	:	443;
	2860	:	443;
	2861	:	443;
	2862	:	443;
	2863	:	443;
	2864	:	443;
	2865	:	443;
	2866	:	443;
	2867	:	443;
	2868	:	443;
	2869	:	443;
	2870	:	443;
	2871	:	443;
	2872	:	443;
	2873	:	444;
	2874	:	443;
	2875	:	543;
	2876	:	554;
	2877	:	554;
	2878	:	554;
	2879	:	554;
	2880	:	554;
	2881	:	553;
	2882	:	554;
	2883	:	554;
	2884	:	554;
	2885	:	554;
	2886	:	554;
	2887	:	554;
	2888	:	554;
	2889	:	554;
	2890	:	554;
	2891	:	554;
	2892	:	554;
	2893	:	553;
	2894	:	553;
	2895	:	553;
	2896	:	553;
	2897	:	553;
	2898	:	553;
	2899	:	554;
	2900	:	564;
	2901	:	665;
	2902	:	665;
	2903	:	676;
	2904	:	776;
	2905	:	776;
	2906	:	776;
	2907	:	776;
	2908	:	787;
	2909	:	777;
	2910	:	777;
	2911	:	887;
	2912	:	787;
	2913	:	787;
	2914	:	777;
	2915	:	887;
	2916	:	887;
	2917	:	776;
	2918	:	887;
	2919	:	776;
	2920	:	776;
	2921	:	776;
	2922	:	776;
	2923	:	776;
	2924	:	775;
	2925	:	775;
	2926	:	665;
	2927	:	665;
	2928	:	665;
	2929	:	664;
	2930	:	654;
	2931	:	654;
	2932	:	654;
	2933	:	654;
	2934	:	654;
	2935	:	654;
	2936	:	554;
	2937	:	554;
	2938	:	553;
	2939	:	553;
	2940	:	553;
	2941	:	554;
	2942	:	554;
	2943	:	554;
	2944	:	654;
	2945	:	554;
	2946	:	654;
	2947	:	654;
	2948	:	554;
	2949	:	654;
	2950	:	654;
	2951	:	654;
	2952	:	654;
	2953	:	654;
	2954	:	654;
	2955	:	654;
	2956	:	654;
	2957	:	654;
	2958	:	664;
	2959	:	664;
	2960	:	664;
	2961	:	664;
	2962	:	664;
	2963	:	664;
	2964	:	664;
	2965	:	664;
	2966	:	664;
	2967	:	664;
	2968	:	664;
	2969	:	664;
	2970	:	664;
	2971	:	664;
	2972	:	664;
	2973	:	664;
	2974	:	664;
	2975	:	664;
	2976	:	664;
	2977	:	664;
	2978	:	664;
	2979	:	664;
	2980	:	664;
	2981	:	664;
	2982	:	664;
	2983	:	664;
	2984	:	664;
	2985	:	664;
	2986	:	664;
	2987	:	664;
	2988	:	664;
	2989	:	664;
	2990	:	664;
	2991	:	664;
	2992	:	664;
	2993	:	664;
	2994	:	664;
	2995	:	664;
	2996	:	664;
	2997	:	664;
	2998	:	664;
	2999	:	664;
	3000	:	664;
	3001	:	664;
	3002	:	665;
	3003	:	665;
	3004	:	665;
	3005	:	664;
	3006	:	665;
	3007	:	664;
	3008	:	664;
	3009	:	665;
	3010	:	664;
	3011	:	664;
	3012	:	664;
	3013	:	664;
	3014	:	664;
	3015	:	664;
	3016	:	654;
	3017	:	654;
	3018	:	654;
	3019	:	554;
	3020	:	554;
	3021	:	654;
	3022	:	554;
	3023	:	554;
	3024	:	553;
	3025	:	554;
	3026	:	554;
	3027	:	543;
	3028	:	543;
	3029	:	543;
	3030	:	543;
	3031	:	543;
	3032	:	554;
	3033	:	554;
	3034	:	554;
	3035	:	654;
	3036	:	665;
	3037	:	666;
	3038	:	776;
	3039	:	776;
	3040	:	887;
	3041	:	888;
	3042	:	888;
	3043	:	888;
	3044	:	888;
	3045	:	888;
	3046	:	888;
	3047	:	888;
	3048	:	899;
	3049	:	999;
	3050	:	9aa;
	3051	:	aaa;
	3052	:	abb;
	3053	:	aab;
	3054	:	abb;
	3055	:	bbb;
	3056	:	bbc;
	3057	:	bbc;
	3058	:	ccd;
	3059	:	ccd;
	3060	:	dde;
	3061	:	dde;
	3062	:	eef;
	3063	:	eef;
	3064	:	eef;
	3065	:	eef;
	3066	:	eef;
	3067	:	eef;
	3068	:	eef;
	3069	:	eef;
	3070	:	eef;
	3071	:	ede;
	3072	:	553;
	3073	:	553;
	3074	:	553;
	3075	:	554;
	3076	:	554;
	3077	:	544;
	3078	:	544;
	3079	:	554;
	3080	:	554;
	3081	:	553;
	3082	:	553;
	3083	:	553;
	3084	:	553;
	3085	:	553;
	3086	:	553;
	3087	:	553;
	3088	:	553;
	3089	:	553;
	3090	:	453;
	3091	:	443;
	3092	:	443;
	3093	:	443;
	3094	:	443;
	3095	:	443;
	3096	:	443;
	3097	:	443;
	3098	:	443;
	3099	:	443;
	3100	:	443;
	3101	:	433;
	3102	:	332;
	3103	:	332;
	3104	:	332;
	3105	:	332;
	3106	:	332;
	3107	:	332;
	3108	:	332;
	3109	:	332;
	3110	:	333;
	3111	:	333;
	3112	:	433;
	3113	:	433;
	3114	:	433;
	3115	:	443;
	3116	:	443;
	3117	:	443;
	3118	:	443;
	3119	:	443;
	3120	:	443;
	3121	:	443;
	3122	:	443;
	3123	:	443;
	3124	:	443;
	3125	:	443;
	3126	:	443;
	3127	:	443;
	3128	:	443;
	3129	:	443;
	3130	:	443;
	3131	:	554;
	3132	:	554;
	3133	:	554;
	3134	:	554;
	3135	:	553;
	3136	:	554;
	3137	:	554;
	3138	:	554;
	3139	:	554;
	3140	:	554;
	3141	:	554;
	3142	:	554;
	3143	:	554;
	3144	:	554;
	3145	:	554;
	3146	:	554;
	3147	:	554;
	3148	:	554;
	3149	:	554;
	3150	:	554;
	3151	:	553;
	3152	:	553;
	3153	:	553;
	3154	:	553;
	3155	:	554;
	3156	:	665;
	3157	:	665;
	3158	:	676;
	3159	:	776;
	3160	:	776;
	3161	:	776;
	3162	:	777;
	3163	:	787;
	3164	:	887;
	3165	:	787;
	3166	:	887;
	3167	:	887;
	3168	:	888;
	3169	:	887;
	3170	:	887;
	3171	:	887;
	3172	:	887;
	3173	:	887;
	3174	:	887;
	3175	:	887;
	3176	:	887;
	3177	:	887;
	3178	:	776;
	3179	:	776;
	3180	:	776;
	3181	:	776;
	3182	:	775;
	3183	:	765;
	3184	:	665;
	3185	:	665;
	3186	:	664;
	3187	:	654;
	3188	:	654;
	3189	:	654;
	3190	:	654;
	3191	:	554;
	3192	:	553;
	3193	:	553;
	3194	:	553;
	3195	:	553;
	3196	:	553;
	3197	:	553;
	3198	:	554;
	3199	:	553;
	3200	:	554;
	3201	:	554;
	3202	:	554;
	3203	:	554;
	3204	:	654;
	3205	:	554;
	3206	:	654;
	3207	:	553;
	3208	:	654;
	3209	:	654;
	3210	:	654;
	3211	:	654;
	3212	:	654;
	3213	:	654;
	3214	:	664;
	3215	:	664;
	3216	:	664;
	3217	:	664;
	3218	:	664;
	3219	:	664;
	3220	:	664;
	3221	:	664;
	3222	:	664;
	3223	:	664;
	3224	:	664;
	3225	:	664;
	3226	:	664;
	3227	:	664;
	3228	:	664;
	3229	:	664;
	3230	:	664;
	3231	:	664;
	3232	:	664;
	3233	:	664;
	3234	:	664;
	3235	:	664;
	3236	:	664;
	3237	:	664;
	3238	:	664;
	3239	:	664;
	3240	:	664;
	3241	:	664;
	3242	:	664;
	3243	:	664;
	3244	:	664;
	3245	:	664;
	3246	:	664;
	3247	:	664;
	3248	:	664;
	3249	:	664;
	3250	:	664;
	3251	:	664;
	3252	:	665;
	3253	:	664;
	3254	:	665;
	3255	:	664;
	3256	:	664;
	3257	:	664;
	3258	:	664;
	3259	:	665;
	3260	:	665;
	3261	:	664;
	3262	:	664;
	3263	:	664;
	3264	:	665;
	3265	:	664;
	3266	:	664;
	3267	:	664;
	3268	:	664;
	3269	:	664;
	3270	:	664;
	3271	:	664;
	3272	:	664;
	3273	:	654;
	3274	:	554;
	3275	:	554;
	3276	:	654;
	3277	:	554;
	3278	:	554;
	3279	:	554;
	3280	:	554;
	3281	:	554;
	3282	:	554;
	3283	:	553;
	3284	:	543;
	3285	:	543;
	3286	:	543;
	3287	:	543;
	3288	:	554;
	3289	:	554;
	3290	:	654;
	3291	:	665;
	3292	:	665;
	3293	:	666;
	3294	:	776;
	3295	:	777;
	3296	:	887;
	3297	:	888;
	3298	:	888;
	3299	:	999;
	3300	:	899;
	3301	:	899;
	3302	:	899;
	3303	:	899;
	3304	:	999;
	3305	:	99a;
	3306	:	aaa;
	3307	:	aab;
	3308	:	abb;
	3309	:	bbb;
	3310	:	aab;
	3311	:	bbb;
	3312	:	bbb;
	3313	:	bbc;
	3314	:	ccc;
	3315	:	ccd;
	3316	:	dde;
	3317	:	dde;
	3318	:	dde;
	3319	:	eef;
	3320	:	eef;
	3321	:	eef;
	3322	:	eef;
	3323	:	eef;
	3324	:	eef;
	3325	:	eef;
	3326	:	eef;
	3327	:	eef;
	3328	:	554;
	3329	:	554;
	3330	:	553;
	3331	:	554;
	3332	:	554;
	3333	:	554;
	3334	:	543;
	3335	:	554;
	3336	:	554;
	3337	:	553;
	3338	:	553;
	3339	:	553;
	3340	:	553;
	3341	:	553;
	3342	:	553;
	3343	:	553;
	3344	:	553;
	3345	:	553;
	3346	:	553;
	3347	:	443;
	3348	:	443;
	3349	:	443;
	3350	:	443;
	3351	:	443;
	3352	:	443;
	3353	:	443;
	3354	:	443;
	3355	:	443;
	3356	:	432;
	3357	:	433;
	3358	:	433;
	3359	:	332;
	3360	:	332;
	3361	:	332;
	3362	:	332;
	3363	:	332;
	3364	:	332;
	3365	:	332;
	3366	:	332;
	3367	:	333;
	3368	:	433;
	3369	:	433;
	3370	:	433;
	3371	:	443;
	3372	:	433;
	3373	:	443;
	3374	:	443;
	3375	:	443;
	3376	:	443;
	3377	:	443;
	3378	:	443;
	3379	:	443;
	3380	:	443;
	3381	:	443;
	3382	:	443;
	3383	:	443;
	3384	:	443;
	3385	:	443;
	3386	:	443;
	3387	:	443;
	3388	:	443;
	3389	:	554;
	3390	:	554;
	3391	:	554;
	3392	:	554;
	3393	:	554;
	3394	:	554;
	3395	:	553;
	3396	:	554;
	3397	:	554;
	3398	:	554;
	3399	:	554;
	3400	:	554;
	3401	:	554;
	3402	:	553;
	3403	:	553;
	3404	:	553;
	3405	:	553;
	3406	:	553;
	3407	:	553;
	3408	:	553;
	3409	:	553;
	3410	:	554;
	3411	:	665;
	3412	:	676;
	3413	:	776;
	3414	:	777;
	3415	:	777;
	3416	:	887;
	3417	:	787;
	3418	:	887;
	3419	:	888;
	3420	:	888;
	3421	:	888;
	3422	:	888;
	3423	:	888;
	3424	:	888;
	3425	:	888;
	3426	:	888;
	3427	:	888;
	3428	:	888;
	3429	:	888;
	3430	:	888;
	3431	:	888;
	3432	:	887;
	3433	:	887;
	3434	:	887;
	3435	:	877;
	3436	:	877;
	3437	:	776;
	3438	:	776;
	3439	:	776;
	3440	:	765;
	3441	:	665;
	3442	:	665;
	3443	:	664;
	3444	:	654;
	3445	:	654;
	3446	:	553;
	3447	:	553;
	3448	:	553;
	3449	:	553;
	3450	:	553;
	3451	:	553;
	3452	:	553;
	3453	:	553;
	3454	:	553;
	3455	:	553;
	3456	:	554;
	3457	:	553;
	3458	:	553;
	3459	:	553;
	3460	:	553;
	3461	:	554;
	3462	:	554;
	3463	:	654;
	3464	:	654;
	3465	:	654;
	3466	:	654;
	3467	:	654;
	3468	:	664;
	3469	:	654;
	3470	:	664;
	3471	:	664;
	3472	:	664;
	3473	:	664;
	3474	:	665;
	3475	:	664;
	3476	:	664;
	3477	:	664;
	3478	:	664;
	3479	:	664;
	3480	:	664;
	3481	:	664;
	3482	:	664;
	3483	:	664;
	3484	:	664;
	3485	:	654;
	3486	:	664;
	3487	:	664;
	3488	:	664;
	3489	:	664;
	3490	:	664;
	3491	:	664;
	3492	:	664;
	3493	:	664;
	3494	:	664;
	3495	:	664;
	3496	:	664;
	3497	:	664;
	3498	:	664;
	3499	:	664;
	3500	:	664;
	3501	:	664;
	3502	:	665;
	3503	:	665;
	3504	:	664;
	3505	:	664;
	3506	:	664;
	3507	:	664;
	3508	:	664;
	3509	:	664;
	3510	:	664;
	3511	:	664;
	3512	:	664;
	3513	:	664;
	3514	:	665;
	3515	:	665;
	3516	:	664;
	3517	:	665;
	3518	:	664;
	3519	:	665;
	3520	:	665;
	3521	:	664;
	3522	:	665;
	3523	:	664;
	3524	:	665;
	3525	:	664;
	3526	:	664;
	3527	:	664;
	3528	:	654;
	3529	:	654;
	3530	:	654;
	3531	:	554;
	3532	:	554;
	3533	:	554;
	3534	:	554;
	3535	:	554;
	3536	:	554;
	3537	:	554;
	3538	:	554;
	3539	:	553;
	3540	:	553;
	3541	:	543;
	3542	:	543;
	3543	:	543;
	3544	:	554;
	3545	:	554;
	3546	:	554;
	3547	:	665;
	3548	:	666;
	3549	:	776;
	3550	:	776;
	3551	:	777;
	3552	:	888;
	3553	:	888;
	3554	:	999;
	3555	:	999;
	3556	:	999;
	3557	:	999;
	3558	:	999;
	3559	:	999;
	3560	:	899;
	3561	:	99a;
	3562	:	aab;
	3563	:	aab;
	3564	:	bbb;
	3565	:	aab;
	3566	:	bbb;
	3567	:	aab;
	3568	:	bbb;
	3569	:	bbc;
	3570	:	bbc;
	3571	:	ccd;
	3572	:	dce;
	3573	:	dde;
	3574	:	dde;
	3575	:	ede;
	3576	:	eef;
	3577	:	eef;
	3578	:	eef;
	3579	:	eef;
	3580	:	eef;
	3581	:	eef;
	3582	:	eef;
	3583	:	eef;
	3584	:	553;
	3585	:	553;
	3586	:	553;
	3587	:	554;
	3588	:	554;
	3589	:	554;
	3590	:	553;
	3591	:	554;
	3592	:	553;
	3593	:	554;
	3594	:	553;
	3595	:	553;
	3596	:	553;
	3597	:	553;
	3598	:	553;
	3599	:	553;
	3600	:	553;
	3601	:	453;
	3602	:	453;
	3603	:	443;
	3604	:	443;
	3605	:	443;
	3606	:	443;
	3607	:	443;
	3608	:	443;
	3609	:	443;
	3610	:	443;
	3611	:	443;
	3612	:	443;
	3613	:	333;
	3614	:	433;
	3615	:	332;
	3616	:	332;
	3617	:	332;
	3618	:	332;
	3619	:	332;
	3620	:	332;
	3621	:	332;
	3622	:	332;
	3623	:	332;
	3624	:	433;
	3625	:	433;
	3626	:	433;
	3627	:	443;
	3628	:	443;
	3629	:	433;
	3630	:	443;
	3631	:	433;
	3632	:	443;
	3633	:	433;
	3634	:	443;
	3635	:	443;
	3636	:	443;
	3637	:	443;
	3638	:	443;
	3639	:	443;
	3640	:	443;
	3641	:	443;
	3642	:	443;
	3643	:	443;
	3644	:	443;
	3645	:	443;
	3646	:	443;
	3647	:	543;
	3648	:	543;
	3649	:	553;
	3650	:	543;
	3651	:	553;
	3652	:	554;
	3653	:	543;
	3654	:	554;
	3655	:	553;
	3656	:	553;
	3657	:	553;
	3658	:	553;
	3659	:	553;
	3660	:	553;
	3661	:	553;
	3662	:	553;
	3663	:	553;
	3664	:	553;
	3665	:	564;
	3666	:	665;
	3667	:	776;
	3668	:	776;
	3669	:	777;
	3670	:	777;
	3671	:	887;
	3672	:	888;
	3673	:	888;
	3674	:	888;
	3675	:	888;
	3676	:	888;
	3677	:	899;
	3678	:	888;
	3679	:	999;
	3680	:	999;
	3681	:	999;
	3682	:	998;
	3683	:	998;
	3684	:	998;
	3685	:	998;
	3686	:	988;
	3687	:	888;
	3688	:	888;
	3689	:	888;
	3690	:	887;
	3691	:	887;
	3692	:	887;
	3693	:	887;
	3694	:	776;
	3695	:	776;
	3696	:	776;
	3697	:	765;
	3698	:	665;
	3699	:	664;
	3700	:	664;
	3701	:	654;
	3702	:	553;
	3703	:	553;
	3704	:	553;
	3705	:	543;
	3706	:	543;
	3707	:	553;
	3708	:	553;
	3709	:	553;
	3710	:	543;
	3711	:	553;
	3712	:	553;
	3713	:	553;
	3714	:	553;
	3715	:	553;
	3716	:	553;
	3717	:	554;
	3718	:	554;
	3719	:	654;
	3720	:	654;
	3721	:	654;
	3722	:	654;
	3723	:	654;
	3724	:	654;
	3725	:	664;
	3726	:	664;
	3727	:	664;
	3728	:	664;
	3729	:	664;
	3730	:	664;
	3731	:	664;
	3732	:	664;
	3733	:	664;
	3734	:	664;
	3735	:	664;
	3736	:	664;
	3737	:	654;
	3738	:	664;
	3739	:	664;
	3740	:	654;
	3741	:	664;
	3742	:	664;
	3743	:	664;
	3744	:	664;
	3745	:	654;
	3746	:	664;
	3747	:	664;
	3748	:	664;
	3749	:	664;
	3750	:	664;
	3751	:	664;
	3752	:	664;
	3753	:	654;
	3754	:	664;
	3755	:	664;
	3756	:	664;
	3757	:	664;
	3758	:	664;
	3759	:	664;
	3760	:	664;
	3761	:	664;
	3762	:	664;
	3763	:	664;
	3764	:	664;
	3765	:	664;
	3766	:	664;
	3767	:	664;
	3768	:	664;
	3769	:	664;
	3770	:	665;
	3771	:	664;
	3772	:	664;
	3773	:	665;
	3774	:	664;
	3775	:	664;
	3776	:	665;
	3777	:	664;
	3778	:	664;
	3779	:	664;
	3780	:	664;
	3781	:	664;
	3782	:	664;
	3783	:	664;
	3784	:	654;
	3785	:	654;
	3786	:	654;
	3787	:	554;
	3788	:	554;
	3789	:	554;
	3790	:	554;
	3791	:	554;
	3792	:	554;
	3793	:	554;
	3794	:	554;
	3795	:	543;
	3796	:	553;
	3797	:	543;
	3798	:	543;
	3799	:	543;
	3800	:	554;
	3801	:	554;
	3802	:	554;
	3803	:	665;
	3804	:	666;
	3805	:	776;
	3806	:	777;
	3807	:	787;
	3808	:	888;
	3809	:	888;
	3810	:	999;
	3811	:	999;
	3812	:	999;
	3813	:	999;
	3814	:	99a;
	3815	:	999;
	3816	:	999;
	3817	:	99a;
	3818	:	aab;
	3819	:	aab;
	3820	:	aab;
	3821	:	abb;
	3822	:	bbb;
	3823	:	abb;
	3824	:	aab;
	3825	:	bbb;
	3826	:	cbc;
	3827	:	ccd;
	3828	:	ccd;
	3829	:	dde;
	3830	:	dde;
	3831	:	edf;
	3832	:	eef;
	3833	:	eef;
	3834	:	eef;
	3835	:	eef;
	3836	:	eef;
	3837	:	eef;
	3838	:	eef;
	3839	:	eef;
	3840	:	553;
	3841	:	553;
	3842	:	554;
	3843	:	554;
	3844	:	554;
	3845	:	554;
	3846	:	554;
	3847	:	554;
	3848	:	553;
	3849	:	553;
	3850	:	553;
	3851	:	553;
	3852	:	553;
	3853	:	553;
	3854	:	553;
	3855	:	553;
	3856	:	453;
	3857	:	453;
	3858	:	453;
	3859	:	443;
	3860	:	443;
	3861	:	443;
	3862	:	443;
	3863	:	443;
	3864	:	443;
	3865	:	443;
	3866	:	443;
	3867	:	443;
	3868	:	442;
	3869	:	332;
	3870	:	432;
	3871	:	432;
	3872	:	332;
	3873	:	433;
	3874	:	332;
	3875	:	333;
	3876	:	332;
	3877	:	332;
	3878	:	332;
	3879	:	332;
	3880	:	433;
	3881	:	433;
	3882	:	433;
	3883	:	443;
	3884	:	443;
	3885	:	443;
	3886	:	433;
	3887	:	433;
	3888	:	443;
	3889	:	443;
	3890	:	443;
	3891	:	443;
	3892	:	443;
	3893	:	443;
	3894	:	443;
	3895	:	443;
	3896	:	443;
	3897	:	443;
	3898	:	443;
	3899	:	443;
	3900	:	443;
	3901	:	443;
	3902	:	443;
	3903	:	543;
	3904	:	554;
	3905	:	543;
	3906	:	553;
	3907	:	553;
	3908	:	554;
	3909	:	554;
	3910	:	553;
	3911	:	553;
	3912	:	554;
	3913	:	553;
	3914	:	553;
	3915	:	553;
	3916	:	553;
	3917	:	543;
	3918	:	553;
	3919	:	554;
	3920	:	664;
	3921	:	665;
	3922	:	665;
	3923	:	776;
	3924	:	787;
	3925	:	887;
	3926	:	888;
	3927	:	888;
	3928	:	888;
	3929	:	888;
	3930	:	888;
	3931	:	899;
	3932	:	999;
	3933	:	999;
	3934	:	999;
	3935	:	999;
	3936	:	999;
	3937	:	999;
	3938	:	999;
	3939	:	999;
	3940	:	999;
	3941	:	999;
	3942	:	999;
	3943	:	999;
	3944	:	998;
	3945	:	998;
	3946	:	988;
	3947	:	888;
	3948	:	888;
	3949	:	887;
	3950	:	887;
	3951	:	776;
	3952	:	776;
	3953	:	775;
	3954	:	776;
	3955	:	665;
	3956	:	664;
	3957	:	654;
	3958	:	553;
	3959	:	543;
	3960	:	543;
	3961	:	543;
	3962	:	543;
	3963	:	543;
	3964	:	553;
	3965	:	543;
	3966	:	553;
	3967	:	553;
	3968	:	553;
	3969	:	553;
	3970	:	553;
	3971	:	553;
	3972	:	554;
	3973	:	554;
	3974	:	554;
	3975	:	654;
	3976	:	654;
	3977	:	654;
	3978	:	654;
	3979	:	654;
	3980	:	654;
	3981	:	664;
	3982	:	654;
	3983	:	664;
	3984	:	664;
	3985	:	664;
	3986	:	664;
	3987	:	664;
	3988	:	664;
	3989	:	664;
	3990	:	664;
	3991	:	654;
	3992	:	664;
	3993	:	664;
	3994	:	654;
	3995	:	654;
	3996	:	664;
	3997	:	654;
	3998	:	654;
	3999	:	654;
	4000	:	664;
	4001	:	654;
	4002	:	664;
	4003	:	664;
	4004	:	664;
	4005	:	664;
	4006	:	664;
	4007	:	664;
	4008	:	654;
	4009	:	654;
	4010	:	654;
	4011	:	654;
	4012	:	664;
	4013	:	664;
	4014	:	664;
	4015	:	664;
	4016	:	664;
	4017	:	664;
	4018	:	654;
	4019	:	664;
	4020	:	664;
	4021	:	664;
	4022	:	664;
	4023	:	664;
	4024	:	665;
	4025	:	664;
	4026	:	664;
	4027	:	665;
	4028	:	664;
	4029	:	664;
	4030	:	665;
	4031	:	664;
	4032	:	665;
	4033	:	664;
	4034	:	665;
	4035	:	665;
	4036	:	664;
	4037	:	664;
	4038	:	654;
	4039	:	664;
	4040	:	654;
	4041	:	654;
	4042	:	654;
	4043	:	654;
	4044	:	554;
	4045	:	554;
	4046	:	554;
	4047	:	554;
	4048	:	554;
	4049	:	554;
	4050	:	554;
	4051	:	554;
	4052	:	543;
	4053	:	543;
	4054	:	543;
	4055	:	543;
	4056	:	554;
	4057	:	554;
	4058	:	655;
	4059	:	665;
	4060	:	676;
	4061	:	777;
	4062	:	777;
	4063	:	888;
	4064	:	888;
	4065	:	999;
	4066	:	999;
	4067	:	99a;
	4068	:	99a;
	4069	:	9aa;
	4070	:	99a;
	4071	:	99a;
	4072	:	99a;
	4073	:	9aa;
	4074	:	aab;
	4075	:	aab;
	4076	:	aab;
	4077	:	aab;
	4078	:	bbb;
	4079	:	aab;
	4080	:	bab;
	4081	:	bbb;
	4082	:	bbc;
	4083	:	ccd;
	4084	:	ccd;
	4085	:	dcd;
	4086	:	dde;
	4087	:	ddf;
	4088	:	ddf;
	4089	:	eef;
	4090	:	eef;
	4091	:	eef;
	4092	:	eef;
	4093	:	eef;
	4094	:	eef;
	4095	:	eef;
	4096	:	563;
	4097	:	553;
	4098	:	553;
	4099	:	554;
	4100	:	554;
	4101	:	554;
	4102	:	554;
	4103	:	554;
	4104	:	553;
	4105	:	553;
	4106	:	553;
	4107	:	553;
	4108	:	553;
	4109	:	553;
	4110	:	553;
	4111	:	553;
	4112	:	553;
	4113	:	453;
	4114	:	443;
	4115	:	443;
	4116	:	443;
	4117	:	443;
	4118	:	443;
	4119	:	443;
	4120	:	443;
	4121	:	443;
	4122	:	443;
	4123	:	443;
	4124	:	442;
	4125	:	442;
	4126	:	442;
	4127	:	332;
	4128	:	332;
	4129	:	333;
	4130	:	333;
	4131	:	332;
	4132	:	332;
	4133	:	332;
	4134	:	333;
	4135	:	333;
	4136	:	333;
	4137	:	433;
	4138	:	433;
	4139	:	433;
	4140	:	443;
	4141	:	443;
	4142	:	443;
	4143	:	443;
	4144	:	443;
	4145	:	433;
	4146	:	443;
	4147	:	443;
	4148	:	443;
	4149	:	443;
	4150	:	443;
	4151	:	443;
	4152	:	443;
	4153	:	443;
	4154	:	443;
	4155	:	443;
	4156	:	443;
	4157	:	443;
	4158	:	443;
	4159	:	443;
	4160	:	443;
	4161	:	443;
	4162	:	543;
	4163	:	543;
	4164	:	543;
	4165	:	553;
	4166	:	553;
	4167	:	553;
	4168	:	553;
	4169	:	443;
	4170	:	543;
	4171	:	543;
	4172	:	553;
	4173	:	553;
	4174	:	554;
	4175	:	664;
	4176	:	665;
	4177	:	665;
	4178	:	776;
	4179	:	787;
	4180	:	888;
	4181	:	888;
	4182	:	888;
	4183	:	899;
	4184	:	899;
	4185	:	999;
	4186	:	999;
	4187	:	999;
	4188	:	999;
	4189	:	999;
	4190	:	999;
	4191	:	999;
	4192	:	999;
	4193	:	999;
	4194	:	999;
	4195	:	999;
	4196	:	999;
	4197	:	999;
	4198	:	999;
	4199	:	999;
	4200	:	999;
	4201	:	999;
	4202	:	999;
	4203	:	998;
	4204	:	888;
	4205	:	888;
	4206	:	887;
	4207	:	887;
	4208	:	877;
	4209	:	776;
	4210	:	776;
	4211	:	665;
	4212	:	665;
	4213	:	654;
	4214	:	553;
	4215	:	543;
	4216	:	543;
	4217	:	543;
	4218	:	543;
	4219	:	543;
	4220	:	553;
	4221	:	553;
	4222	:	553;
	4223	:	543;
	4224	:	553;
	4225	:	553;
	4226	:	554;
	4227	:	553;
	4228	:	554;
	4229	:	554;
	4230	:	654;
	4231	:	654;
	4232	:	654;
	4233	:	654;
	4234	:	654;
	4235	:	664;
	4236	:	664;
	4237	:	654;
	4238	:	654;
	4239	:	664;
	4240	:	654;
	4241	:	664;
	4242	:	664;
	4243	:	664;
	4244	:	664;
	4245	:	664;
	4246	:	664;
	4247	:	664;
	4248	:	654;
	4249	:	654;
	4250	:	654;
	4251	:	654;
	4252	:	654;
	4253	:	664;
	4254	:	654;
	4255	:	654;
	4256	:	654;
	4257	:	654;
	4258	:	654;
	4259	:	654;
	4260	:	654;
	4261	:	654;
	4262	:	654;
	4263	:	654;
	4264	:	654;
	4265	:	654;
	4266	:	664;
	4267	:	654;
	4268	:	664;
	4269	:	654;
	4270	:	664;
	4271	:	654;
	4272	:	664;
	4273	:	664;
	4274	:	664;
	4275	:	665;
	4276	:	664;
	4277	:	664;
	4278	:	664;
	4279	:	664;
	4280	:	664;
	4281	:	664;
	4282	:	664;
	4283	:	665;
	4284	:	665;
	4285	:	665;
	4286	:	665;
	4287	:	664;
	4288	:	664;
	4289	:	664;
	4290	:	664;
	4291	:	664;
	4292	:	664;
	4293	:	664;
	4294	:	664;
	4295	:	654;
	4296	:	664;
	4297	:	654;
	4298	:	654;
	4299	:	654;
	4300	:	554;
	4301	:	654;
	4302	:	554;
	4303	:	554;
	4304	:	554;
	4305	:	554;
	4306	:	554;
	4307	:	554;
	4308	:	554;
	4309	:	543;
	4310	:	543;
	4311	:	544;
	4312	:	554;
	4313	:	554;
	4314	:	554;
	4315	:	665;
	4316	:	776;
	4317	:	777;
	4318	:	787;
	4319	:	888;
	4320	:	888;
	4321	:	999;
	4322	:	99a;
	4323	:	9aa;
	4324	:	9aa;
	4325	:	99a;
	4326	:	99a;
	4327	:	99a;
	4328	:	99a;
	4329	:	99a;
	4330	:	aaa;
	4331	:	aab;
	4332	:	bbb;
	4333	:	aab;
	4334	:	aab;
	4335	:	abb;
	4336	:	aab;
	4337	:	bbb;
	4338	:	bbc;
	4339	:	bbc;
	4340	:	ccd;
	4341	:	dcd;
	4342	:	dde;
	4343	:	dde;
	4344	:	eef;
	4345	:	eef;
	4346	:	eef;
	4347	:	eef;
	4348	:	eef;
	4349	:	eef;
	4350	:	eef;
	4351	:	eef;
	4352	:	563;
	4353	:	553;
	4354	:	553;
	4355	:	554;
	4356	:	554;
	4357	:	554;
	4358	:	554;
	4359	:	553;
	4360	:	553;
	4361	:	553;
	4362	:	553;
	4363	:	553;
	4364	:	553;
	4365	:	553;
	4366	:	453;
	4367	:	553;
	4368	:	453;
	4369	:	453;
	4370	:	443;
	4371	:	443;
	4372	:	443;
	4373	:	443;
	4374	:	443;
	4375	:	443;
	4376	:	443;
	4377	:	443;
	4378	:	443;
	4379	:	443;
	4380	:	443;
	4381	:	442;
	4382	:	442;
	4383	:	332;
	4384	:	443;
	4385	:	332;
	4386	:	332;
	4387	:	332;
	4388	:	332;
	4389	:	332;
	4390	:	332;
	4391	:	333;
	4392	:	333;
	4393	:	333;
	4394	:	433;
	4395	:	433;
	4396	:	433;
	4397	:	433;
	4398	:	433;
	4399	:	433;
	4400	:	433;
	4401	:	433;
	4402	:	443;
	4403	:	443;
	4404	:	443;
	4405	:	443;
	4406	:	443;
	4407	:	443;
	4408	:	443;
	4409	:	443;
	4410	:	443;
	4411	:	443;
	4412	:	443;
	4413	:	443;
	4414	:	443;
	4415	:	443;
	4416	:	443;
	4417	:	443;
	4418	:	543;
	4419	:	443;
	4420	:	443;
	4421	:	553;
	4422	:	543;
	4423	:	543;
	4424	:	543;
	4425	:	543;
	4426	:	543;
	4427	:	543;
	4428	:	443;
	4429	:	554;
	4430	:	664;
	4431	:	665;
	4432	:	676;
	4433	:	776;
	4434	:	787;
	4435	:	888;
	4436	:	888;
	4437	:	999;
	4438	:	889;
	4439	:	999;
	4440	:	999;
	4441	:	999;
	4442	:	99a;
	4443	:	999;
	4444	:	99a;
	4445	:	999;
	4446	:	99a;
	4447	:	99a;
	4448	:	999;
	4449	:	a9a;
	4450	:	999;
	4451	:	999;
	4452	:	999;
	4453	:	999;
	4454	:	999;
	4455	:	999;
	4456	:	999;
	4457	:	999;
	4458	:	999;
	4459	:	999;
	4460	:	998;
	4461	:	998;
	4462	:	888;
	4463	:	888;
	4464	:	887;
	4465	:	877;
	4466	:	776;
	4467	:	776;
	4468	:	665;
	4469	:	665;
	4470	:	654;
	4471	:	553;
	4472	:	543;
	4473	:	543;
	4474	:	543;
	4475	:	543;
	4476	:	553;
	4477	:	553;
	4478	:	553;
	4479	:	553;
	4480	:	553;
	4481	:	553;
	4482	:	553;
	4483	:	554;
	4484	:	553;
	4485	:	654;
	4486	:	554;
	4487	:	654;
	4488	:	654;
	4489	:	654;
	4490	:	654;
	4491	:	654;
	4492	:	654;
	4493	:	654;
	4494	:	654;
	4495	:	654;
	4496	:	664;
	4497	:	664;
	4498	:	664;
	4499	:	664;
	4500	:	664;
	4501	:	664;
	4502	:	664;
	4503	:	664;
	4504	:	664;
	4505	:	654;
	4506	:	654;
	4507	:	654;
	4508	:	664;
	4509	:	654;
	4510	:	654;
	4511	:	654;
	4512	:	654;
	4513	:	654;
	4514	:	654;
	4515	:	654;
	4516	:	654;
	4517	:	654;
	4518	:	654;
	4519	:	654;
	4520	:	654;
	4521	:	654;
	4522	:	654;
	4523	:	654;
	4524	:	654;
	4525	:	654;
	4526	:	664;
	4527	:	664;
	4528	:	654;
	4529	:	654;
	4530	:	664;
	4531	:	664;
	4532	:	664;
	4533	:	664;
	4534	:	664;
	4535	:	664;
	4536	:	664;
	4537	:	664;
	4538	:	664;
	4539	:	664;
	4540	:	664;
	4541	:	665;
	4542	:	665;
	4543	:	664;
	4544	:	664;
	4545	:	664;
	4546	:	665;
	4547	:	664;
	4548	:	664;
	4549	:	665;
	4550	:	664;
	4551	:	664;
	4552	:	664;
	4553	:	654;
	4554	:	654;
	4555	:	654;
	4556	:	554;
	4557	:	654;
	4558	:	554;
	4559	:	554;
	4560	:	554;
	4561	:	554;
	4562	:	554;
	4563	:	554;
	4564	:	553;
	4565	:	553;
	4566	:	543;
	4567	:	543;
	4568	:	554;
	4569	:	554;
	4570	:	554;
	4571	:	665;
	4572	:	776;
	4573	:	777;
	4574	:	787;
	4575	:	888;
	4576	:	999;
	4577	:	999;
	4578	:	99a;
	4579	:	9aa;
	4580	:	aaa;
	4581	:	aab;
	4582	:	99a;
	4583	:	99a;
	4584	:	99a;
	4585	:	99a;
	4586	:	aab;
	4587	:	aab;
	4588	:	aab;
	4589	:	aab;
	4590	:	aab;
	4591	:	aab;
	4592	:	aab;
	4593	:	bbb;
	4594	:	bbb;
	4595	:	bbc;
	4596	:	ccc;
	4597	:	ccd;
	4598	:	dde;
	4599	:	dde;
	4600	:	dde;
	4601	:	eef;
	4602	:	eef;
	4603	:	eef;
	4604	:	eef;
	4605	:	eef;
	4606	:	eef;
	4607	:	eef;
	4608	:	553;
	4609	:	553;
	4610	:	554;
	4611	:	554;
	4612	:	554;
	4613	:	554;
	4614	:	554;
	4615	:	553;
	4616	:	553;
	4617	:	553;
	4618	:	553;
	4619	:	553;
	4620	:	553;
	4621	:	453;
	4622	:	553;
	4623	:	453;
	4624	:	453;
	4625	:	453;
	4626	:	443;
	4627	:	443;
	4628	:	443;
	4629	:	443;
	4630	:	443;
	4631	:	443;
	4632	:	443;
	4633	:	443;
	4634	:	443;
	4635	:	443;
	4636	:	443;
	4637	:	442;
	4638	:	442;
	4639	:	442;
	4640	:	332;
	4641	:	333;
	4642	:	333;
	4643	:	332;
	4644	:	333;
	4645	:	332;
	4646	:	332;
	4647	:	333;
	4648	:	433;
	4649	:	433;
	4650	:	433;
	4651	:	433;
	4652	:	433;
	4653	:	433;
	4654	:	443;
	4655	:	433;
	4656	:	443;
	4657	:	433;
	4658	:	443;
	4659	:	433;
	4660	:	443;
	4661	:	443;
	4662	:	443;
	4663	:	443;
	4664	:	443;
	4665	:	443;
	4666	:	443;
	4667	:	443;
	4668	:	443;
	4669	:	443;
	4670	:	443;
	4671	:	443;
	4672	:	443;
	4673	:	443;
	4674	:	543;
	4675	:	543;
	4676	:	543;
	4677	:	443;
	4678	:	543;
	4679	:	443;
	4680	:	543;
	4681	:	443;
	4682	:	443;
	4683	:	543;
	4684	:	554;
	4685	:	564;
	4686	:	665;
	4687	:	676;
	4688	:	777;
	4689	:	777;
	4690	:	888;
	4691	:	898;
	4692	:	999;
	4693	:	999;
	4694	:	999;
	4695	:	99a;
	4696	:	99a;
	4697	:	99a;
	4698	:	99a;
	4699	:	99a;
	4700	:	a9a;
	4701	:	a9a;
	4702	:	aaa;
	4703	:	a9a;
	4704	:	a9a;
	4705	:	a9a;
	4706	:	99a;
	4707	:	99a;
	4708	:	99a;
	4709	:	999;
	4710	:	999;
	4711	:	999;
	4712	:	999;
	4713	:	999;
	4714	:	999;
	4715	:	999;
	4716	:	999;
	4717	:	999;
	4718	:	888;
	4719	:	888;
	4720	:	888;
	4721	:	887;
	4722	:	877;
	4723	:	776;
	4724	:	776;
	4725	:	665;
	4726	:	664;
	4727	:	553;
	4728	:	543;
	4729	:	543;
	4730	:	543;
	4731	:	553;
	4732	:	553;
	4733	:	543;
	4734	:	553;
	4735	:	553;
	4736	:	553;
	4737	:	553;
	4738	:	554;
	4739	:	553;
	4740	:	554;
	4741	:	553;
	4742	:	554;
	4743	:	654;
	4744	:	654;
	4745	:	654;
	4746	:	654;
	4747	:	654;
	4748	:	654;
	4749	:	654;
	4750	:	664;
	4751	:	664;
	4752	:	664;
	4753	:	664;
	4754	:	654;
	4755	:	664;
	4756	:	664;
	4757	:	654;
	4758	:	664;
	4759	:	664;
	4760	:	654;
	4761	:	654;
	4762	:	664;
	4763	:	664;
	4764	:	654;
	4765	:	664;
	4766	:	654;
	4767	:	654;
	4768	:	654;
	4769	:	654;
	4770	:	664;
	4771	:	654;
	4772	:	654;
	4773	:	654;
	4774	:	654;
	4775	:	654;
	4776	:	654;
	4777	:	654;
	4778	:	654;
	4779	:	654;
	4780	:	654;
	4781	:	654;
	4782	:	654;
	4783	:	664;
	4784	:	654;
	4785	:	664;
	4786	:	654;
	4787	:	654;
	4788	:	664;
	4789	:	654;
	4790	:	664;
	4791	:	654;
	4792	:	664;
	4793	:	665;
	4794	:	664;
	4795	:	664;
	4796	:	665;
	4797	:	665;
	4798	:	664;
	4799	:	664;
	4800	:	665;
	4801	:	665;
	4802	:	665;
	4803	:	665;
	4804	:	665;
	4805	:	664;
	4806	:	664;
	4807	:	664;
	4808	:	654;
	4809	:	654;
	4810	:	654;
	4811	:	554;
	4812	:	554;
	4813	:	554;
	4814	:	554;
	4815	:	554;
	4816	:	554;
	4817	:	554;
	4818	:	554;
	4819	:	554;
	4820	:	554;
	4821	:	554;
	4822	:	543;
	4823	:	543;
	4824	:	554;
	4825	:	554;
	4826	:	555;
	4827	:	665;
	4828	:	776;
	4829	:	777;
	4830	:	888;
	4831	:	888;
	4832	:	999;
	4833	:	999;
	4834	:	aaa;
	4835	:	aaa;
	4836	:	aaa;
	4837	:	aab;
	4838	:	99a;
	4839	:	99a;
	4840	:	99a;
	4841	:	99a;
	4842	:	aaa;
	4843	:	aab;
	4844	:	aab;
	4845	:	aab;
	4846	:	aab;
	4847	:	aab;
	4848	:	aab;
	4849	:	aab;
	4850	:	bab;
	4851	:	bbc;
	4852	:	ccc;
	4853	:	ccd;
	4854	:	ccd;
	4855	:	dde;
	4856	:	ddf;
	4857	:	eef;
	4858	:	eef;
	4859	:	fef;
	4860	:	eef;
	4861	:	eef;
	4862	:	eef;
	4863	:	fef;
	4864	:	563;
	4865	:	553;
	4866	:	554;
	4867	:	554;
	4868	:	554;
	4869	:	554;
	4870	:	554;
	4871	:	553;
	4872	:	553;
	4873	:	553;
	4874	:	553;
	4875	:	553;
	4876	:	453;
	4877	:	553;
	4878	:	453;
	4879	:	453;
	4880	:	453;
	4881	:	453;
	4882	:	443;
	4883	:	443;
	4884	:	443;
	4885	:	443;
	4886	:	443;
	4887	:	443;
	4888	:	443;
	4889	:	443;
	4890	:	443;
	4891	:	442;
	4892	:	342;
	4893	:	442;
	4894	:	442;
	4895	:	443;
	4896	:	333;
	4897	:	332;
	4898	:	332;
	4899	:	332;
	4900	:	332;
	4901	:	332;
	4902	:	333;
	4903	:	333;
	4904	:	333;
	4905	:	433;
	4906	:	443;
	4907	:	433;
	4908	:	433;
	4909	:	443;
	4910	:	433;
	4911	:	433;
	4912	:	443;
	4913	:	433;
	4914	:	433;
	4915	:	443;
	4916	:	443;
	4917	:	443;
	4918	:	443;
	4919	:	443;
	4920	:	443;
	4921	:	443;
	4922	:	443;
	4923	:	443;
	4924	:	443;
	4925	:	443;
	4926	:	443;
	4927	:	443;
	4928	:	443;
	4929	:	443;
	4930	:	443;
	4931	:	543;
	4932	:	543;
	4933	:	543;
	4934	:	543;
	4935	:	543;
	4936	:	543;
	4937	:	543;
	4938	:	443;
	4939	:	553;
	4940	:	664;
	4941	:	665;
	4942	:	776;
	4943	:	777;
	4944	:	887;
	4945	:	888;
	4946	:	899;
	4947	:	999;
	4948	:	99a;
	4949	:	99a;
	4950	:	99a;
	4951	:	99a;
	4952	:	99a;
	4953	:	99a;
	4954	:	99a;
	4955	:	aaa;
	4956	:	aaa;
	4957	:	aaa;
	4958	:	aaa;
	4959	:	aaa;
	4960	:	a9a;
	4961	:	a9a;
	4962	:	aaa;
	4963	:	aaa;
	4964	:	999;
	4965	:	a9a;
	4966	:	a99;
	4967	:	999;
	4968	:	999;
	4969	:	999;
	4970	:	999;
	4971	:	999;
	4972	:	999;
	4973	:	999;
	4974	:	888;
	4975	:	888;
	4976	:	888;
	4977	:	888;
	4978	:	877;
	4979	:	777;
	4980	:	776;
	4981	:	766;
	4982	:	665;
	4983	:	654;
	4984	:	553;
	4985	:	543;
	4986	:	553;
	4987	:	553;
	4988	:	553;
	4989	:	553;
	4990	:	553;
	4991	:	553;
	4992	:	553;
	4993	:	553;
	4994	:	553;
	4995	:	654;
	4996	:	553;
	4997	:	553;
	4998	:	553;
	4999	:	654;
	5000	:	654;
	5001	:	654;
	5002	:	654;
	5003	:	654;
	5004	:	654;
	5005	:	664;
	5006	:	664;
	5007	:	664;
	5008	:	664;
	5009	:	664;
	5010	:	664;
	5011	:	664;
	5012	:	664;
	5013	:	664;
	5014	:	664;
	5015	:	664;
	5016	:	654;
	5017	:	664;
	5018	:	654;
	5019	:	654;
	5020	:	654;
	5021	:	654;
	5022	:	654;
	5023	:	654;
	5024	:	654;
	5025	:	654;
	5026	:	654;
	5027	:	654;
	5028	:	654;
	5029	:	654;
	5030	:	654;
	5031	:	654;
	5032	:	654;
	5033	:	654;
	5034	:	664;
	5035	:	654;
	5036	:	654;
	5037	:	654;
	5038	:	654;
	5039	:	654;
	5040	:	654;
	5041	:	654;
	5042	:	654;
	5043	:	654;
	5044	:	664;
	5045	:	664;
	5046	:	664;
	5047	:	664;
	5048	:	664;
	5049	:	664;
	5050	:	664;
	5051	:	664;
	5052	:	665;
	5053	:	664;
	5054	:	664;
	5055	:	665;
	5056	:	664;
	5057	:	665;
	5058	:	664;
	5059	:	665;
	5060	:	665;
	5061	:	664;
	5062	:	664;
	5063	:	665;
	5064	:	664;
	5065	:	664;
	5066	:	654;
	5067	:	654;
	5068	:	554;
	5069	:	554;
	5070	:	554;
	5071	:	554;
	5072	:	554;
	5073	:	554;
	5074	:	554;
	5075	:	554;
	5076	:	554;
	5077	:	554;
	5078	:	554;
	5079	:	543;
	5080	:	543;
	5081	:	554;
	5082	:	665;
	5083	:	665;
	5084	:	777;
	5085	:	777;
	5086	:	888;
	5087	:	889;
	5088	:	999;
	5089	:	99a;
	5090	:	aaa;
	5091	:	aaa;
	5092	:	aab;
	5093	:	99a;
	5094	:	99a;
	5095	:	99a;
	5096	:	99a;
	5097	:	99a;
	5098	:	aaa;
	5099	:	aaa;
	5100	:	aab;
	5101	:	aab;
	5102	:	aab;
	5103	:	aab;
	5104	:	aab;
	5105	:	aab;
	5106	:	bab;
	5107	:	bbc;
	5108	:	ccc;
	5109	:	ccc;
	5110	:	ccd;
	5111	:	dce;
	5112	:	dde;
	5113	:	edf;
	5114	:	edf;
	5115	:	eef;
	5116	:	fef;
	5117	:	eef;
	5118	:	eef;
	5119	:	eef;
	5120	:	553;
	5121	:	553;
	5122	:	554;
	5123	:	554;
	5124	:	554;
	5125	:	553;
	5126	:	554;
	5127	:	553;
	5128	:	553;
	5129	:	553;
	5130	:	553;
	5131	:	553;
	5132	:	553;
	5133	:	453;
	5134	:	453;
	5135	:	453;
	5136	:	453;
	5137	:	443;
	5138	:	443;
	5139	:	443;
	5140	:	443;
	5141	:	443;
	5142	:	443;
	5143	:	443;
	5144	:	443;
	5145	:	443;
	5146	:	443;
	5147	:	443;
	5148	:	443;
	5149	:	442;
	5150	:	342;
	5151	:	442;
	5152	:	332;
	5153	:	332;
	5154	:	332;
	5155	:	332;
	5156	:	332;
	5157	:	332;
	5158	:	333;
	5159	:	333;
	5160	:	333;
	5161	:	333;
	5162	:	433;
	5163	:	433;
	5164	:	433;
	5165	:	333;
	5166	:	333;
	5167	:	433;
	5168	:	333;
	5169	:	433;
	5170	:	433;
	5171	:	333;
	5172	:	433;
	5173	:	433;
	5174	:	433;
	5175	:	433;
	5176	:	443;
	5177	:	443;
	5178	:	443;
	5179	:	443;
	5180	:	443;
	5181	:	443;
	5182	:	443;
	5183	:	443;
	5184	:	443;
	5185	:	443;
	5186	:	443;
	5187	:	443;
	5188	:	443;
	5189	:	443;
	5190	:	443;
	5191	:	543;
	5192	:	443;
	5193	:	443;
	5194	:	554;
	5195	:	554;
	5196	:	665;
	5197	:	776;
	5198	:	777;
	5199	:	887;
	5200	:	888;
	5201	:	899;
	5202	:	999;
	5203	:	99a;
	5204	:	99a;
	5205	:	99a;
	5206	:	99a;
	5207	:	a9a;
	5208	:	aaa;
	5209	:	aaa;
	5210	:	aaa;
	5211	:	aaa;
	5212	:	aab;
	5213	:	aaa;
	5214	:	aaa;
	5215	:	aaa;
	5216	:	aaa;
	5217	:	aaa;
	5218	:	aaa;
	5219	:	aaa;
	5220	:	aaa;
	5221	:	aaa;
	5222	:	aaa;
	5223	:	a9a;
	5224	:	99a;
	5225	:	999;
	5226	:	999;
	5227	:	999;
	5228	:	999;
	5229	:	999;
	5230	:	999;
	5231	:	999;
	5232	:	888;
	5233	:	888;
	5234	:	888;
	5235	:	877;
	5236	:	777;
	5237	:	776;
	5238	:	776;
	5239	:	665;
	5240	:	654;
	5241	:	543;
	5242	:	553;
	5243	:	553;
	5244	:	553;
	5245	:	553;
	5246	:	553;
	5247	:	553;
	5248	:	553;
	5249	:	553;
	5250	:	553;
	5251	:	554;
	5252	:	554;
	5253	:	654;
	5254	:	553;
	5255	:	654;
	5256	:	654;
	5257	:	654;
	5258	:	654;
	5259	:	654;
	5260	:	654;
	5261	:	664;
	5262	:	664;
	5263	:	664;
	5264	:	664;
	5265	:	664;
	5266	:	654;
	5267	:	664;
	5268	:	664;
	5269	:	664;
	5270	:	664;
	5271	:	664;
	5272	:	664;
	5273	:	654;
	5274	:	654;
	5275	:	664;
	5276	:	664;
	5277	:	654;
	5278	:	654;
	5279	:	654;
	5280	:	654;
	5281	:	654;
	5282	:	654;
	5283	:	654;
	5284	:	654;
	5285	:	654;
	5286	:	654;
	5287	:	654;
	5288	:	654;
	5289	:	654;
	5290	:	664;
	5291	:	654;
	5292	:	654;
	5293	:	654;
	5294	:	654;
	5295	:	654;
	5296	:	654;
	5297	:	654;
	5298	:	654;
	5299	:	654;
	5300	:	654;
	5301	:	654;
	5302	:	654;
	5303	:	664;
	5304	:	664;
	5305	:	664;
	5306	:	664;
	5307	:	664;
	5308	:	664;
	5309	:	664;
	5310	:	664;
	5311	:	665;
	5312	:	664;
	5313	:	665;
	5314	:	665;
	5315	:	665;
	5316	:	664;
	5317	:	665;
	5318	:	664;
	5319	:	665;
	5320	:	654;
	5321	:	664;
	5322	:	654;
	5323	:	554;
	5324	:	654;
	5325	:	654;
	5326	:	554;
	5327	:	554;
	5328	:	554;
	5329	:	554;
	5330	:	554;
	5331	:	554;
	5332	:	553;
	5333	:	554;
	5334	:	544;
	5335	:	543;
	5336	:	543;
	5337	:	554;
	5338	:	665;
	5339	:	665;
	5340	:	777;
	5341	:	787;
	5342	:	888;
	5343	:	889;
	5344	:	99a;
	5345	:	99a;
	5346	:	99a;
	5347	:	aaa;
	5348	:	aab;
	5349	:	aaa;
	5350	:	a9a;
	5351	:	99a;
	5352	:	99a;
	5353	:	99a;
	5354	:	99a;
	5355	:	aaa;
	5356	:	aaa;
	5357	:	aab;
	5358	:	aab;
	5359	:	aab;
	5360	:	aab;
	5361	:	aab;
	5362	:	aab;
	5363	:	bbb;
	5364	:	bbc;
	5365	:	ccc;
	5366	:	ccd;
	5367	:	dce;
	5368	:	dde;
	5369	:	ddf;
	5370	:	eef;
	5371	:	eef;
	5372	:	eef;
	5373	:	eef;
	5374	:	eef;
	5375	:	eef;
	5376	:	553;
	5377	:	553;
	5378	:	554;
	5379	:	554;
	5380	:	554;
	5381	:	554;
	5382	:	553;
	5383	:	553;
	5384	:	553;
	5385	:	553;
	5386	:	553;
	5387	:	453;
	5388	:	553;
	5389	:	453;
	5390	:	553;
	5391	:	453;
	5392	:	453;
	5393	:	443;
	5394	:	443;
	5395	:	443;
	5396	:	443;
	5397	:	443;
	5398	:	443;
	5399	:	442;
	5400	:	442;
	5401	:	442;
	5402	:	443;
	5403	:	443;
	5404	:	443;
	5405	:	442;
	5406	:	342;
	5407	:	443;
	5408	:	333;
	5409	:	332;
	5410	:	332;
	5411	:	332;
	5412	:	332;
	5413	:	332;
	5414	:	332;
	5415	:	333;
	5416	:	332;
	5417	:	333;
	5418	:	333;
	5419	:	333;
	5420	:	433;
	5421	:	333;
	5422	:	333;
	5423	:	333;
	5424	:	433;
	5425	:	433;
	5426	:	433;
	5427	:	333;
	5428	:	433;
	5429	:	433;
	5430	:	433;
	5431	:	443;
	5432	:	443;
	5433	:	443;
	5434	:	443;
	5435	:	443;
	5436	:	443;
	5437	:	443;
	5438	:	443;
	5439	:	443;
	5440	:	443;
	5441	:	443;
	5442	:	443;
	5443	:	443;
	5444	:	443;
	5445	:	543;
	5446	:	443;
	5447	:	443;
	5448	:	443;
	5449	:	543;
	5450	:	554;
	5451	:	665;
	5452	:	676;
	5453	:	777;
	5454	:	887;
	5455	:	888;
	5456	:	898;
	5457	:	999;
	5458	:	99a;
	5459	:	99a;
	5460	:	99a;
	5461	:	99a;
	5462	:	aaa;
	5463	:	aaa;
	5464	:	aab;
	5465	:	aaa;
	5466	:	aaa;
	5467	:	aaa;
	5468	:	aab;
	5469	:	aab;
	5470	:	aab;
	5471	:	aab;
	5472	:	aab;
	5473	:	aab;
	5474	:	aaa;
	5475	:	aaa;
	5476	:	aaa;
	5477	:	aaa;
	5478	:	aaa;
	5479	:	a9a;
	5480	:	a9a;
	5481	:	99a;
	5482	:	999;
	5483	:	999;
	5484	:	999;
	5485	:	999;
	5486	:	999;
	5487	:	999;
	5488	:	998;
	5489	:	998;
	5490	:	888;
	5491	:	887;
	5492	:	887;
	5493	:	777;
	5494	:	776;
	5495	:	765;
	5496	:	664;
	5497	:	654;
	5498	:	553;
	5499	:	553;
	5500	:	553;
	5501	:	553;
	5502	:	553;
	5503	:	553;
	5504	:	553;
	5505	:	554;
	5506	:	553;
	5507	:	553;
	5508	:	554;
	5509	:	553;
	5510	:	654;
	5511	:	654;
	5512	:	654;
	5513	:	654;
	5514	:	654;
	5515	:	654;
	5516	:	654;
	5517	:	654;
	5518	:	664;
	5519	:	654;
	5520	:	664;
	5521	:	664;
	5522	:	664;
	5523	:	654;
	5524	:	664;
	5525	:	664;
	5526	:	664;
	5527	:	664;
	5528	:	654;
	5529	:	664;
	5530	:	664;
	5531	:	664;
	5532	:	664;
	5533	:	664;
	5534	:	654;
	5535	:	654;
	5536	:	654;
	5537	:	654;
	5538	:	654;
	5539	:	654;
	5540	:	654;
	5541	:	654;
	5542	:	654;
	5543	:	654;
	5544	:	654;
	5545	:	654;
	5546	:	654;
	5547	:	654;
	5548	:	654;
	5549	:	654;
	5550	:	654;
	5551	:	654;
	5552	:	654;
	5553	:	654;
	5554	:	654;
	5555	:	654;
	5556	:	664;
	5557	:	654;
	5558	:	664;
	5559	:	664;
	5560	:	664;
	5561	:	664;
	5562	:	664;
	5563	:	664;
	5564	:	665;
	5565	:	664;
	5566	:	664;
	5567	:	664;
	5568	:	664;
	5569	:	665;
	5570	:	665;
	5571	:	664;
	5572	:	664;
	5573	:	664;
	5574	:	664;
	5575	:	664;
	5576	:	664;
	5577	:	664;
	5578	:	654;
	5579	:	654;
	5580	:	554;
	5581	:	654;
	5582	:	554;
	5583	:	554;
	5584	:	554;
	5585	:	554;
	5586	:	554;
	5587	:	554;
	5588	:	554;
	5589	:	543;
	5590	:	544;
	5591	:	543;
	5592	:	543;
	5593	:	554;
	5594	:	665;
	5595	:	666;
	5596	:	777;
	5597	:	888;
	5598	:	888;
	5599	:	999;
	5600	:	99a;
	5601	:	99a;
	5602	:	aaa;
	5603	:	aab;
	5604	:	aab;
	5605	:	aab;
	5606	:	aaa;
	5607	:	99a;
	5608	:	99a;
	5609	:	99a;
	5610	:	9aa;
	5611	:	aaa;
	5612	:	aaa;
	5613	:	aaa;
	5614	:	aaa;
	5615	:	aaa;
	5616	:	aab;
	5617	:	aaa;
	5618	:	aab;
	5619	:	bbb;
	5620	:	bbc;
	5621	:	cbc;
	5622	:	ccd;
	5623	:	dcd;
	5624	:	dce;
	5625	:	dde;
	5626	:	edf;
	5627	:	ddf;
	5628	:	eef;
	5629	:	eef;
	5630	:	eef;
	5631	:	eef;
	5632	:	553;
	5633	:	554;
	5634	:	554;
	5635	:	554;
	5636	:	554;
	5637	:	554;
	5638	:	553;
	5639	:	553;
	5640	:	553;
	5641	:	563;
	5642	:	453;
	5643	:	453;
	5644	:	453;
	5645	:	453;
	5646	:	452;
	5647	:	452;
	5648	:	453;
	5649	:	443;
	5650	:	443;
	5651	:	443;
	5652	:	443;
	5653	:	453;
	5654	:	442;
	5655	:	443;
	5656	:	442;
	5657	:	442;
	5658	:	443;
	5659	:	443;
	5660	:	443;
	5661	:	443;
	5662	:	443;
	5663	:	433;
	5664	:	333;
	5665	:	332;
	5666	:	333;
	5667	:	333;
	5668	:	332;
	5669	:	332;
	5670	:	332;
	5671	:	332;
	5672	:	332;
	5673	:	333;
	5674	:	332;
	5675	:	333;
	5676	:	333;
	5677	:	333;
	5678	:	333;
	5679	:	333;
	5680	:	333;
	5681	:	333;
	5682	:	333;
	5683	:	333;
	5684	:	333;
	5685	:	433;
	5686	:	443;
	5687	:	443;
	5688	:	443;
	5689	:	443;
	5690	:	443;
	5691	:	443;
	5692	:	443;
	5693	:	443;
	5694	:	443;
	5695	:	443;
	5696	:	443;
	5697	:	443;
	5698	:	443;
	5699	:	443;
	5700	:	543;
	5701	:	543;
	5702	:	443;
	5703	:	443;
	5704	:	443;
	5705	:	554;
	5706	:	665;
	5707	:	666;
	5708	:	776;
	5709	:	777;
	5710	:	888;
	5711	:	999;
	5712	:	999;
	5713	:	999;
	5714	:	99a;
	5715	:	aaa;
	5716	:	a9a;
	5717	:	aaa;
	5718	:	aab;
	5719	:	aab;
	5720	:	aab;
	5721	:	aab;
	5722	:	aab;
	5723	:	bab;
	5724	:	aab;
	5725	:	aab;
	5726	:	bab;
	5727	:	aab;
	5728	:	aab;
	5729	:	aab;
	5730	:	aab;
	5731	:	aab;
	5732	:	aab;
	5733	:	aaa;
	5734	:	aaa;
	5735	:	a9a;
	5736	:	aaa;
	5737	:	a9a;
	5738	:	a9a;
	5739	:	a9a;
	5740	:	999;
	5741	:	999;
	5742	:	999;
	5743	:	999;
	5744	:	999;
	5745	:	999;
	5746	:	888;
	5747	:	888;
	5748	:	888;
	5749	:	877;
	5750	:	776;
	5751	:	766;
	5752	:	665;
	5753	:	664;
	5754	:	553;
	5755	:	553;
	5756	:	553;
	5757	:	553;
	5758	:	553;
	5759	:	553;
	5760	:	553;
	5761	:	553;
	5762	:	654;
	5763	:	554;
	5764	:	654;
	5765	:	553;
	5766	:	553;
	5767	:	654;
	5768	:	654;
	5769	:	654;
	5770	:	654;
	5771	:	654;
	5772	:	654;
	5773	:	654;
	5774	:	654;
	5775	:	654;
	5776	:	664;
	5777	:	664;
	5778	:	664;
	5779	:	664;
	5780	:	664;
	5781	:	664;
	5782	:	664;
	5783	:	654;
	5784	:	654;
	5785	:	654;
	5786	:	654;
	5787	:	654;
	5788	:	654;
	5789	:	654;
	5790	:	664;
	5791	:	654;
	5792	:	654;
	5793	:	654;
	5794	:	654;
	5795	:	654;
	5796	:	654;
	5797	:	654;
	5798	:	654;
	5799	:	654;
	5800	:	654;
	5801	:	654;
	5802	:	654;
	5803	:	654;
	5804	:	654;
	5805	:	654;
	5806	:	654;
	5807	:	654;
	5808	:	654;
	5809	:	654;
	5810	:	654;
	5811	:	654;
	5812	:	654;
	5813	:	654;
	5814	:	664;
	5815	:	664;
	5816	:	664;
	5817	:	664;
	5818	:	664;
	5819	:	664;
	5820	:	665;
	5821	:	664;
	5822	:	664;
	5823	:	664;
	5824	:	664;
	5825	:	665;
	5826	:	664;
	5827	:	664;
	5828	:	664;
	5829	:	665;
	5830	:	664;
	5831	:	664;
	5832	:	654;
	5833	:	654;
	5834	:	654;
	5835	:	554;
	5836	:	654;
	5837	:	654;
	5838	:	554;
	5839	:	554;
	5840	:	554;
	5841	:	554;
	5842	:	554;
	5843	:	554;
	5844	:	553;
	5845	:	553;
	5846	:	543;
	5847	:	543;
	5848	:	443;
	5849	:	554;
	5850	:	665;
	5851	:	666;
	5852	:	777;
	5853	:	888;
	5854	:	888;
	5855	:	899;
	5856	:	99a;
	5857	:	99a;
	5858	:	aaa;
	5859	:	aab;
	5860	:	aaa;
	5861	:	aaa;
	5862	:	aaa;
	5863	:	aaa;
	5864	:	99a;
	5865	:	99a;
	5866	:	99a;
	5867	:	9aa;
	5868	:	aaa;
	5869	:	aaa;
	5870	:	aaa;
	5871	:	aaa;
	5872	:	aaa;
	5873	:	aaa;
	5874	:	aaa;
	5875	:	bab;
	5876	:	bbb;
	5877	:	cbc;
	5878	:	cbc;
	5879	:	ccd;
	5880	:	dce;
	5881	:	dde;
	5882	:	dde;
	5883	:	eef;
	5884	:	eef;
	5885	:	eef;
	5886	:	eef;
	5887	:	eef;
	5888	:	553;
	5889	:	554;
	5890	:	554;
	5891	:	554;
	5892	:	554;
	5893	:	553;
	5894	:	553;
	5895	:	553;
	5896	:	563;
	5897	:	563;
	5898	:	453;
	5899	:	453;
	5900	:	463;
	5901	:	453;
	5902	:	453;
	5903	:	453;
	5904	:	453;
	5905	:	453;
	5906	:	443;
	5907	:	453;
	5908	:	443;
	5909	:	453;
	5910	:	453;
	5911	:	442;
	5912	:	453;
	5913	:	442;
	5914	:	442;
	5915	:	442;
	5916	:	442;
	5917	:	443;
	5918	:	443;
	5919	:	333;
	5920	:	332;
	5921	:	332;
	5922	:	333;
	5923	:	333;
	5924	:	332;
	5925	:	333;
	5926	:	333;
	5927	:	332;
	5928	:	333;
	5929	:	333;
	5930	:	333;
	5931	:	333;
	5932	:	433;
	5933	:	333;
	5934	:	333;
	5935	:	333;
	5936	:	333;
	5937	:	433;
	5938	:	433;
	5939	:	333;
	5940	:	443;
	5941	:	443;
	5942	:	443;
	5943	:	443;
	5944	:	443;
	5945	:	443;
	5946	:	443;
	5947	:	443;
	5948	:	443;
	5949	:	443;
	5950	:	443;
	5951	:	443;
	5952	:	443;
	5953	:	443;
	5954	:	443;
	5955	:	443;
	5956	:	443;
	5957	:	443;
	5958	:	443;
	5959	:	443;
	5960	:	553;
	5961	:	564;
	5962	:	665;
	5963	:	776;
	5964	:	787;
	5965	:	888;
	5966	:	999;
	5967	:	999;
	5968	:	999;
	5969	:	99a;
	5970	:	aaa;
	5971	:	aab;
	5972	:	aaa;
	5973	:	aab;
	5974	:	aab;
	5975	:	aab;
	5976	:	aab;
	5977	:	bab;
	5978	:	aab;
	5979	:	bab;
	5980	:	bab;
	5981	:	bbb;
	5982	:	bab;
	5983	:	bab;
	5984	:	bab;
	5985	:	aab;
	5986	:	aab;
	5987	:	aab;
	5988	:	aab;
	5989	:	aab;
	5990	:	aaa;
	5991	:	aaa;
	5992	:	aaa;
	5993	:	aaa;
	5994	:	aaa;
	5995	:	aaa;
	5996	:	99a;
	5997	:	999;
	5998	:	999;
	5999	:	999;
	6000	:	999;
	6001	:	999;
	6002	:	989;
	6003	:	888;
	6004	:	888;
	6005	:	887;
	6006	:	877;
	6007	:	776;
	6008	:	766;
	6009	:	665;
	6010	:	664;
	6011	:	553;
	6012	:	553;
	6013	:	553;
	6014	:	553;
	6015	:	553;
	6016	:	553;
	6017	:	553;
	6018	:	553;
	6019	:	553;
	6020	:	654;
	6021	:	654;
	6022	:	654;
	6023	:	654;
	6024	:	654;
	6025	:	654;
	6026	:	654;
	6027	:	654;
	6028	:	654;
	6029	:	654;
	6030	:	654;
	6031	:	654;
	6032	:	654;
	6033	:	664;
	6034	:	664;
	6035	:	664;
	6036	:	664;
	6037	:	664;
	6038	:	664;
	6039	:	664;
	6040	:	654;
	6041	:	654;
	6042	:	654;
	6043	:	654;
	6044	:	654;
	6045	:	664;
	6046	:	654;
	6047	:	654;
	6048	:	654;
	6049	:	654;
	6050	:	654;
	6051	:	654;
	6052	:	654;
	6053	:	654;
	6054	:	654;
	6055	:	654;
	6056	:	654;
	6057	:	654;
	6058	:	654;
	6059	:	654;
	6060	:	654;
	6061	:	654;
	6062	:	654;
	6063	:	654;
	6064	:	654;
	6065	:	654;
	6066	:	654;
	6067	:	654;
	6068	:	654;
	6069	:	654;
	6070	:	664;
	6071	:	664;
	6072	:	664;
	6073	:	664;
	6074	:	664;
	6075	:	664;
	6076	:	664;
	6077	:	664;
	6078	:	665;
	6079	:	665;
	6080	:	664;
	6081	:	665;
	6082	:	664;
	6083	:	664;
	6084	:	664;
	6085	:	664;
	6086	:	665;
	6087	:	665;
	6088	:	664;
	6089	:	664;
	6090	:	654;
	6091	:	654;
	6092	:	654;
	6093	:	654;
	6094	:	554;
	6095	:	554;
	6096	:	554;
	6097	:	554;
	6098	:	554;
	6099	:	554;
	6100	:	554;
	6101	:	554;
	6102	:	543;
	6103	:	553;
	6104	:	553;
	6105	:	554;
	6106	:	665;
	6107	:	666;
	6108	:	777;
	6109	:	888;
	6110	:	888;
	6111	:	999;
	6112	:	999;
	6113	:	99a;
	6114	:	9aa;
	6115	:	aaa;
	6116	:	aab;
	6117	:	aab;
	6118	:	aaa;
	6119	:	99a;
	6120	:	99a;
	6121	:	99a;
	6122	:	99a;
	6123	:	aaa;
	6124	:	aaa;
	6125	:	aaa;
	6126	:	aaa;
	6127	:	aaa;
	6128	:	aaa;
	6129	:	aaa;
	6130	:	aaa;
	6131	:	aab;
	6132	:	bbb;
	6133	:	bbc;
	6134	:	cbc;
	6135	:	ccd;
	6136	:	ccd;
	6137	:	dde;
	6138	:	ede;
	6139	:	dde;
	6140	:	eef;
	6141	:	eef;
	6142	:	eef;
	6143	:	eef;
	6144	:	553;
	6145	:	554;
	6146	:	554;
	6147	:	554;
	6148	:	554;
	6149	:	553;
	6150	:	563;
	6151	:	563;
	6152	:	563;
	6153	:	563;
	6154	:	563;
	6155	:	563;
	6156	:	453;
	6157	:	453;
	6158	:	453;
	6159	:	453;
	6160	:	453;
	6161	:	453;
	6162	:	453;
	6163	:	453;
	6164	:	453;
	6165	:	453;
	6166	:	453;
	6167	:	453;
	6168	:	453;
	6169	:	453;
	6170	:	452;
	6171	:	442;
	6172	:	442;
	6173	:	443;
	6174	:	433;
	6175	:	333;
	6176	:	333;
	6177	:	333;
	6178	:	333;
	6179	:	333;
	6180	:	332;
	6181	:	332;
	6182	:	332;
	6183	:	332;
	6184	:	332;
	6185	:	332;
	6186	:	333;
	6187	:	333;
	6188	:	333;
	6189	:	333;
	6190	:	333;
	6191	:	333;
	6192	:	333;
	6193	:	333;
	6194	:	333;
	6195	:	443;
	6196	:	333;
	6197	:	443;
	6198	:	443;
	6199	:	443;
	6200	:	443;
	6201	:	443;
	6202	:	443;
	6203	:	443;
	6204	:	443;
	6205	:	443;
	6206	:	443;
	6207	:	443;
	6208	:	443;
	6209	:	443;
	6210	:	443;
	6211	:	443;
	6212	:	443;
	6213	:	443;
	6214	:	443;
	6215	:	553;
	6216	:	554;
	6217	:	665;
	6218	:	776;
	6219	:	777;
	6220	:	888;
	6221	:	889;
	6222	:	999;
	6223	:	999;
	6224	:	99a;
	6225	:	aaa;
	6226	:	aaa;
	6227	:	aab;
	6228	:	aab;
	6229	:	aab;
	6230	:	aab;
	6231	:	bab;
	6232	:	bab;
	6233	:	bbb;
	6234	:	bab;
	6235	:	bbc;
	6236	:	bab;
	6237	:	bbb;
	6238	:	bab;
	6239	:	bbb;
	6240	:	bab;
	6241	:	bab;
	6242	:	bab;
	6243	:	bab;
	6244	:	bab;
	6245	:	aab;
	6246	:	bab;
	6247	:	aab;
	6248	:	aab;
	6249	:	aab;
	6250	:	aaa;
	6251	:	a9a;
	6252	:	a9a;
	6253	:	a9a;
	6254	:	a9a;
	6255	:	a9a;
	6256	:	999;
	6257	:	999;
	6258	:	989;
	6259	:	988;
	6260	:	988;
	6261	:	888;
	6262	:	888;
	6263	:	877;
	6264	:	776;
	6265	:	765;
	6266	:	664;
	6267	:	654;
	6268	:	553;
	6269	:	553;
	6270	:	553;
	6271	:	554;
	6272	:	553;
	6273	:	553;
	6274	:	553;
	6275	:	553;
	6276	:	654;
	6277	:	654;
	6278	:	654;
	6279	:	654;
	6280	:	654;
	6281	:	654;
	6282	:	654;
	6283	:	654;
	6284	:	654;
	6285	:	654;
	6286	:	654;
	6287	:	664;
	6288	:	664;
	6289	:	664;
	6290	:	654;
	6291	:	664;
	6292	:	664;
	6293	:	664;
	6294	:	664;
	6295	:	664;
	6296	:	664;
	6297	:	654;
	6298	:	654;
	6299	:	664;
	6300	:	654;
	6301	:	654;
	6302	:	654;
	6303	:	664;
	6304	:	654;
	6305	:	654;
	6306	:	654;
	6307	:	654;
	6308	:	654;
	6309	:	654;
	6310	:	654;
	6311	:	554;
	6312	:	654;
	6313	:	654;
	6314	:	654;
	6315	:	654;
	6316	:	654;
	6317	:	654;
	6318	:	654;
	6319	:	654;
	6320	:	654;
	6321	:	654;
	6322	:	654;
	6323	:	654;
	6324	:	654;
	6325	:	654;
	6326	:	664;
	6327	:	664;
	6328	:	664;
	6329	:	664;
	6330	:	665;
	6331	:	664;
	6332	:	665;
	6333	:	664;
	6334	:	665;
	6335	:	664;
	6336	:	664;
	6337	:	664;
	6338	:	665;
	6339	:	664;
	6340	:	665;
	6341	:	664;
	6342	:	654;
	6343	:	665;
	6344	:	664;
	6345	:	664;
	6346	:	654;
	6347	:	654;
	6348	:	654;
	6349	:	654;
	6350	:	554;
	6351	:	554;
	6352	:	554;
	6353	:	554;
	6354	:	554;
	6355	:	554;
	6356	:	554;
	6357	:	554;
	6358	:	554;
	6359	:	554;
	6360	:	554;
	6361	:	554;
	6362	:	665;
	6363	:	676;
	6364	:	777;
	6365	:	888;
	6366	:	889;
	6367	:	889;
	6368	:	99a;
	6369	:	99a;
	6370	:	99a;
	6371	:	aab;
	6372	:	aaa;
	6373	:	aab;
	6374	:	aaa;
	6375	:	aab;
	6376	:	99a;
	6377	:	99a;
	6378	:	99a;
	6379	:	aaa;
	6380	:	aaa;
	6381	:	aaa;
	6382	:	aaa;
	6383	:	aaa;
	6384	:	aaa;
	6385	:	aaa;
	6386	:	a9a;
	6387	:	aaa;
	6388	:	aab;
	6389	:	bbc;
	6390	:	cbc;
	6391	:	ccd;
	6392	:	dcd;
	6393	:	dce;
	6394	:	dde;
	6395	:	dde;
	6396	:	eef;
	6397	:	eef;
	6398	:	eef;
	6399	:	eef;
	6400	:	553;
	6401	:	554;
	6402	:	554;
	6403	:	554;
	6404	:	554;
	6405	:	553;
	6406	:	563;
	6407	:	563;
	6408	:	563;
	6409	:	563;
	6410	:	563;
	6411	:	463;
	6412	:	463;
	6413	:	452;
	6414	:	453;
	6415	:	453;
	6416	:	453;
	6417	:	453;
	6418	:	453;
	6419	:	453;
	6420	:	452;
	6421	:	453;
	6422	:	453;
	6423	:	452;
	6424	:	452;
	6425	:	452;
	6426	:	453;
	6427	:	453;
	6428	:	443;
	6429	:	443;
	6430	:	433;
	6431	:	333;
	6432	:	333;
	6433	:	333;
	6434	:	333;
	6435	:	333;
	6436	:	332;
	6437	:	332;
	6438	:	332;
	6439	:	332;
	6440	:	332;
	6441	:	332;
	6442	:	333;
	6443	:	333;
	6444	:	333;
	6445	:	333;
	6446	:	333;
	6447	:	333;
	6448	:	333;
	6449	:	333;
	6450	:	443;
	6451	:	443;
	6452	:	443;
	6453	:	443;
	6454	:	333;
	6455	:	443;
	6456	:	443;
	6457	:	443;
	6458	:	443;
	6459	:	443;
	6460	:	443;
	6461	:	443;
	6462	:	443;
	6463	:	443;
	6464	:	443;
	6465	:	443;
	6466	:	443;
	6467	:	443;
	6468	:	443;
	6469	:	443;
	6470	:	443;
	6471	:	554;
	6472	:	664;
	6473	:	666;
	6474	:	777;
	6475	:	888;
	6476	:	888;
	6477	:	999;
	6478	:	99a;
	6479	:	a9a;
	6480	:	99a;
	6481	:	aaa;
	6482	:	aab;
	6483	:	aab;
	6484	:	bab;
	6485	:	aab;
	6486	:	bbb;
	6487	:	bab;
	6488	:	bbb;
	6489	:	bbb;
	6490	:	bbc;
	6491	:	bbc;
	6492	:	bbc;
	6493	:	bbc;
	6494	:	bbb;
	6495	:	bbc;
	6496	:	bbc;
	6497	:	bbb;
	6498	:	bbb;
	6499	:	bbb;
	6500	:	bab;
	6501	:	bbb;
	6502	:	bab;
	6503	:	bab;
	6504	:	bab;
	6505	:	aab;
	6506	:	aab;
	6507	:	aab;
	6508	:	aaa;
	6509	:	a9a;
	6510	:	a9a;
	6511	:	a9a;
	6512	:	999;
	6513	:	999;
	6514	:	999;
	6515	:	999;
	6516	:	988;
	6517	:	888;
	6518	:	888;
	6519	:	877;
	6520	:	877;
	6521	:	776;
	6522	:	765;
	6523	:	664;
	6524	:	553;
	6525	:	553;
	6526	:	553;
	6527	:	553;
	6528	:	553;
	6529	:	553;
	6530	:	553;
	6531	:	553;
	6532	:	553;
	6533	:	654;
	6534	:	654;
	6535	:	654;
	6536	:	654;
	6537	:	654;
	6538	:	654;
	6539	:	654;
	6540	:	664;
	6541	:	654;
	6542	:	654;
	6543	:	664;
	6544	:	664;
	6545	:	664;
	6546	:	664;
	6547	:	664;
	6548	:	664;
	6549	:	664;
	6550	:	654;
	6551	:	664;
	6552	:	664;
	6553	:	654;
	6554	:	664;
	6555	:	654;
	6556	:	654;
	6557	:	654;
	6558	:	654;
	6559	:	654;
	6560	:	654;
	6561	:	654;
	6562	:	654;
	6563	:	654;
	6564	:	654;
	6565	:	654;
	6566	:	654;
	6567	:	654;
	6568	:	654;
	6569	:	654;
	6570	:	654;
	6571	:	654;
	6572	:	654;
	6573	:	654;
	6574	:	654;
	6575	:	654;
	6576	:	654;
	6577	:	654;
	6578	:	654;
	6579	:	654;
	6580	:	654;
	6581	:	654;
	6582	:	664;
	6583	:	654;
	6584	:	664;
	6585	:	664;
	6586	:	665;
	6587	:	664;
	6588	:	664;
	6589	:	664;
	6590	:	664;
	6591	:	664;
	6592	:	664;
	6593	:	664;
	6594	:	664;
	6595	:	665;
	6596	:	664;
	6597	:	664;
	6598	:	664;
	6599	:	665;
	6600	:	664;
	6601	:	664;
	6602	:	654;
	6603	:	654;
	6604	:	654;
	6605	:	654;
	6606	:	554;
	6607	:	554;
	6608	:	554;
	6609	:	554;
	6610	:	554;
	6611	:	554;
	6612	:	554;
	6613	:	554;
	6614	:	554;
	6615	:	554;
	6616	:	554;
	6617	:	554;
	6618	:	665;
	6619	:	666;
	6620	:	777;
	6621	:	888;
	6622	:	889;
	6623	:	889;
	6624	:	99a;
	6625	:	99a;
	6626	:	99a;
	6627	:	9aa;
	6628	:	aab;
	6629	:	aab;
	6630	:	aaa;
	6631	:	aaa;
	6632	:	99a;
	6633	:	99a;
	6634	:	99a;
	6635	:	99a;
	6636	:	99a;
	6637	:	aaa;
	6638	:	aaa;
	6639	:	aaa;
	6640	:	aaa;
	6641	:	9aa;
	6642	:	a9a;
	6643	:	aaa;
	6644	:	aab;
	6645	:	bab;
	6646	:	bbc;
	6647	:	cbc;
	6648	:	ccd;
	6649	:	dcd;
	6650	:	dde;
	6651	:	dde;
	6652	:	eef;
	6653	:	eef;
	6654	:	eef;
	6655	:	eef;
	6656	:	553;
	6657	:	554;
	6658	:	554;
	6659	:	554;
	6660	:	554;
	6661	:	563;
	6662	:	563;
	6663	:	563;
	6664	:	563;
	6665	:	563;
	6666	:	463;
	6667	:	463;
	6668	:	463;
	6669	:	462;
	6670	:	453;
	6671	:	453;
	6672	:	453;
	6673	:	453;
	6674	:	453;
	6675	:	453;
	6676	:	453;
	6677	:	452;
	6678	:	452;
	6679	:	452;
	6680	:	452;
	6681	:	452;
	6682	:	452;
	6683	:	442;
	6684	:	443;
	6685	:	443;
	6686	:	333;
	6687	:	433;
	6688	:	433;
	6689	:	333;
	6690	:	332;
	6691	:	333;
	6692	:	332;
	6693	:	332;
	6694	:	332;
	6695	:	332;
	6696	:	332;
	6697	:	332;
	6698	:	333;
	6699	:	333;
	6700	:	333;
	6701	:	332;
	6702	:	333;
	6703	:	333;
	6704	:	443;
	6705	:	343;
	6706	:	443;
	6707	:	443;
	6708	:	442;
	6709	:	443;
	6710	:	442;
	6711	:	443;
	6712	:	443;
	6713	:	443;
	6714	:	443;
	6715	:	443;
	6716	:	443;
	6717	:	443;
	6718	:	443;
	6719	:	443;
	6720	:	443;
	6721	:	443;
	6722	:	443;
	6723	:	443;
	6724	:	443;
	6725	:	543;
	6726	:	554;
	6727	:	554;
	6728	:	665;
	6729	:	776;
	6730	:	888;
	6731	:	888;
	6732	:	999;
	6733	:	999;
	6734	:	99a;
	6735	:	aaa;
	6736	:	aaa;
	6737	:	aab;
	6738	:	aab;
	6739	:	aab;
	6740	:	bbb;
	6741	:	bab;
	6742	:	bbb;
	6743	:	bbc;
	6744	:	bbc;
	6745	:	bbc;
	6746	:	bbc;
	6747	:	bbc;
	6748	:	bbc;
	6749	:	bbc;
	6750	:	cbc;
	6751	:	bbc;
	6752	:	bbc;
	6753	:	bbb;
	6754	:	bbc;
	6755	:	bbc;
	6756	:	bbb;
	6757	:	bbb;
	6758	:	bab;
	6759	:	bab;
	6760	:	bab;
	6761	:	bab;
	6762	:	bab;
	6763	:	bab;
	6764	:	aaa;
	6765	:	aaa;
	6766	:	a9a;
	6767	:	a9a;
	6768	:	999;
	6769	:	a9a;
	6770	:	a99;
	6771	:	999;
	6772	:	988;
	6773	:	998;
	6774	:	988;
	6775	:	887;
	6776	:	877;
	6777	:	776;
	6778	:	775;
	6779	:	665;
	6780	:	553;
	6781	:	553;
	6782	:	553;
	6783	:	553;
	6784	:	554;
	6785	:	653;
	6786	:	654;
	6787	:	654;
	6788	:	654;
	6789	:	654;
	6790	:	654;
	6791	:	654;
	6792	:	654;
	6793	:	654;
	6794	:	654;
	6795	:	654;
	6796	:	654;
	6797	:	654;
	6798	:	654;
	6799	:	664;
	6800	:	654;
	6801	:	664;
	6802	:	664;
	6803	:	664;
	6804	:	654;
	6805	:	664;
	6806	:	664;
	6807	:	664;
	6808	:	664;
	6809	:	664;
	6810	:	654;
	6811	:	654;
	6812	:	654;
	6813	:	654;
	6814	:	654;
	6815	:	654;
	6816	:	654;
	6817	:	654;
	6818	:	654;
	6819	:	654;
	6820	:	654;
	6821	:	654;
	6822	:	654;
	6823	:	654;
	6824	:	654;
	6825	:	654;
	6826	:	654;
	6827	:	654;
	6828	:	654;
	6829	:	654;
	6830	:	654;
	6831	:	654;
	6832	:	654;
	6833	:	654;
	6834	:	654;
	6835	:	664;
	6836	:	654;
	6837	:	654;
	6838	:	664;
	6839	:	654;
	6840	:	664;
	6841	:	664;
	6842	:	664;
	6843	:	665;
	6844	:	665;
	6845	:	664;
	6846	:	664;
	6847	:	665;
	6848	:	664;
	6849	:	665;
	6850	:	664;
	6851	:	665;
	6852	:	664;
	6853	:	664;
	6854	:	664;
	6855	:	665;
	6856	:	654;
	6857	:	654;
	6858	:	654;
	6859	:	654;
	6860	:	654;
	6861	:	654;
	6862	:	554;
	6863	:	554;
	6864	:	554;
	6865	:	554;
	6866	:	554;
	6867	:	554;
	6868	:	554;
	6869	:	554;
	6870	:	554;
	6871	:	554;
	6872	:	554;
	6873	:	554;
	6874	:	565;
	6875	:	666;
	6876	:	777;
	6877	:	788;
	6878	:	888;
	6879	:	899;
	6880	:	99a;
	6881	:	99a;
	6882	:	99a;
	6883	:	aaa;
	6884	:	aaa;
	6885	:	aab;
	6886	:	aaa;
	6887	:	aaa;
	6888	:	99a;
	6889	:	99a;
	6890	:	99a;
	6891	:	99a;
	6892	:	a9a;
	6893	:	99a;
	6894	:	aaa;
	6895	:	aaa;
	6896	:	99a;
	6897	:	aaa;
	6898	:	aaa;
	6899	:	aaa;
	6900	:	aaa;
	6901	:	bab;
	6902	:	bbb;
	6903	:	cbc;
	6904	:	ccd;
	6905	:	ccd;
	6906	:	dde;
	6907	:	dde;
	6908	:	dde;
	6909	:	eef;
	6910	:	eef;
	6911	:	edf;
	6912	:	553;
	6913	:	553;
	6914	:	554;
	6915	:	554;
	6916	:	554;
	6917	:	563;
	6918	:	563;
	6919	:	563;
	6920	:	563;
	6921	:	563;
	6922	:	563;
	6923	:	462;
	6924	:	463;
	6925	:	452;
	6926	:	453;
	6927	:	453;
	6928	:	453;
	6929	:	453;
	6930	:	453;
	6931	:	453;
	6932	:	453;
	6933	:	453;
	6934	:	452;
	6935	:	452;
	6936	:	452;
	6937	:	452;
	6938	:	452;
	6939	:	442;
	6940	:	443;
	6941	:	433;
	6942	:	433;
	6943	:	433;
	6944	:	333;
	6945	:	333;
	6946	:	333;
	6947	:	333;
	6948	:	333;
	6949	:	333;
	6950	:	332;
	6951	:	332;
	6952	:	332;
	6953	:	332;
	6954	:	332;
	6955	:	332;
	6956	:	332;
	6957	:	333;
	6958	:	333;
	6959	:	443;
	6960	:	443;
	6961	:	342;
	6962	:	343;
	6963	:	443;
	6964	:	343;
	6965	:	442;
	6966	:	443;
	6967	:	443;
	6968	:	443;
	6969	:	443;
	6970	:	443;
	6971	:	443;
	6972	:	443;
	6973	:	443;
	6974	:	443;
	6975	:	443;
	6976	:	443;
	6977	:	443;
	6978	:	443;
	6979	:	443;
	6980	:	443;
	6981	:	553;
	6982	:	554;
	6983	:	665;
	6984	:	776;
	6985	:	777;
	6986	:	888;
	6987	:	989;
	6988	:	999;
	6989	:	99a;
	6990	:	aaa;
	6991	:	aaa;
	6992	:	aaa;
	6993	:	aab;
	6994	:	bbb;
	6995	:	bbb;
	6996	:	bbb;
	6997	:	bbc;
	6998	:	bbc;
	6999	:	bbc;
	7000	:	bbc;
	7001	:	cbc;
	7002	:	cbc;
	7003	:	bbc;
	7004	:	bbc;
	7005	:	cbc;
	7006	:	bbc;
	7007	:	bbc;
	7008	:	cbc;
	7009	:	cbc;
	7010	:	bbc;
	7011	:	cbc;
	7012	:	bbc;
	7013	:	bbc;
	7014	:	bbc;
	7015	:	bbb;
	7016	:	bbb;
	7017	:	bbc;
	7018	:	bbb;
	7019	:	bab;
	7020	:	bab;
	7021	:	aab;
	7022	:	aaa;
	7023	:	aaa;
	7024	:	aaa;
	7025	:	a9a;
	7026	:	a99;
	7027	:	999;
	7028	:	999;
	7029	:	988;
	7030	:	988;
	7031	:	888;
	7032	:	887;
	7033	:	877;
	7034	:	776;
	7035	:	775;
	7036	:	654;
	7037	:	553;
	7038	:	553;
	7039	:	653;
	7040	:	554;
	7041	:	553;
	7042	:	654;
	7043	:	553;
	7044	:	553;
	7045	:	654;
	7046	:	654;
	7047	:	654;
	7048	:	654;
	7049	:	654;
	7050	:	664;
	7051	:	654;
	7052	:	654;
	7053	:	654;
	7054	:	654;
	7055	:	664;
	7056	:	664;
	7057	:	664;
	7058	:	664;
	7059	:	654;
	7060	:	664;
	7061	:	664;
	7062	:	664;
	7063	:	664;
	7064	:	664;
	7065	:	664;
	7066	:	654;
	7067	:	654;
	7068	:	664;
	7069	:	654;
	7070	:	654;
	7071	:	654;
	7072	:	654;
	7073	:	654;
	7074	:	654;
	7075	:	654;
	7076	:	654;
	7077	:	654;
	7078	:	654;
	7079	:	654;
	7080	:	654;
	7081	:	654;
	7082	:	654;
	7083	:	654;
	7084	:	654;
	7085	:	654;
	7086	:	654;
	7087	:	654;
	7088	:	654;
	7089	:	654;
	7090	:	654;
	7091	:	654;
	7092	:	654;
	7093	:	654;
	7094	:	664;
	7095	:	664;
	7096	:	664;
	7097	:	664;
	7098	:	664;
	7099	:	665;
	7100	:	664;
	7101	:	664;
	7102	:	664;
	7103	:	664;
	7104	:	664;
	7105	:	664;
	7106	:	665;
	7107	:	664;
	7108	:	665;
	7109	:	664;
	7110	:	664;
	7111	:	654;
	7112	:	654;
	7113	:	664;
	7114	:	664;
	7115	:	654;
	7116	:	654;
	7117	:	654;
	7118	:	654;
	7119	:	554;
	7120	:	554;
	7121	:	554;
	7122	:	554;
	7123	:	554;
	7124	:	554;
	7125	:	554;
	7126	:	554;
	7127	:	554;
	7128	:	554;
	7129	:	554;
	7130	:	555;
	7131	:	665;
	7132	:	777;
	7133	:	788;
	7134	:	888;
	7135	:	899;
	7136	:	99a;
	7137	:	999;
	7138	:	99a;
	7139	:	9aa;
	7140	:	aaa;
	7141	:	aaa;
	7142	:	aaa;
	7143	:	a9a;
	7144	:	99a;
	7145	:	99a;
	7146	:	99a;
	7147	:	99a;
	7148	:	99a;
	7149	:	aaa;
	7150	:	9aa;
	7151	:	aaa;
	7152	:	99a;
	7153	:	99a;
	7154	:	99a;
	7155	:	aaa;
	7156	:	aab;
	7157	:	bab;
	7158	:	bab;
	7159	:	cbc;
	7160	:	cbc;
	7161	:	ccd;
	7162	:	dcd;
	7163	:	dde;
	7164	:	dde;
	7165	:	dde;
	7166	:	edf;
	7167	:	eef;
	7168	:	553;
	7169	:	554;
	7170	:	554;
	7171	:	554;
	7172	:	564;
	7173	:	563;
	7174	:	563;
	7175	:	563;
	7176	:	563;
	7177	:	562;
	7178	:	562;
	7179	:	462;
	7180	:	463;
	7181	:	463;
	7182	:	453;
	7183	:	553;
	7184	:	453;
	7185	:	453;
	7186	:	453;
	7187	:	453;
	7188	:	452;
	7189	:	452;
	7190	:	452;
	7191	:	452;
	7192	:	452;
	7193	:	452;
	7194	:	452;
	7195	:	453;
	7196	:	443;
	7197	:	443;
	7198	:	433;
	7199	:	333;
	7200	:	333;
	7201	:	333;
	7202	:	333;
	7203	:	333;
	7204	:	332;
	7205	:	332;
	7206	:	332;
	7207	:	332;
	7208	:	332;
	7209	:	332;
	7210	:	332;
	7211	:	333;
	7212	:	332;
	7213	:	343;
	7214	:	343;
	7215	:	342;
	7216	:	443;
	7217	:	443;
	7218	:	342;
	7219	:	342;
	7220	:	342;
	7221	:	443;
	7222	:	443;
	7223	:	443;
	7224	:	443;
	7225	:	443;
	7226	:	443;
	7227	:	443;
	7228	:	443;
	7229	:	443;
	7230	:	443;
	7231	:	443;
	7232	:	443;
	7233	:	443;
	7234	:	443;
	7235	:	443;
	7236	:	543;
	7237	:	554;
	7238	:	665;
	7239	:	676;
	7240	:	777;
	7241	:	787;
	7242	:	888;
	7243	:	999;
	7244	:	99a;
	7245	:	99a;
	7246	:	aaa;
	7247	:	aaa;
	7248	:	aab;
	7249	:	bab;
	7250	:	bbb;
	7251	:	bbc;
	7252	:	bbc;
	7253	:	bbc;
	7254	:	bbc;
	7255	:	cbc;
	7256	:	cbc;
	7257	:	cbc;
	7258	:	bbc;
	7259	:	cbc;
	7260	:	bbc;
	7261	:	cbc;
	7262	:	cbc;
	7263	:	cbc;
	7264	:	cbc;
	7265	:	cbc;
	7266	:	bbc;
	7267	:	cbc;
	7268	:	cbc;
	7269	:	cbc;
	7270	:	cbc;
	7271	:	bbc;
	7272	:	cbc;
	7273	:	bbb;
	7274	:	bbb;
	7275	:	bbb;
	7276	:	bbb;
	7277	:	bab;
	7278	:	aaa;
	7279	:	aaa;
	7280	:	aaa;
	7281	:	a9a;
	7282	:	a9a;
	7283	:	999;
	7284	:	999;
	7285	:	999;
	7286	:	999;
	7287	:	888;
	7288	:	887;
	7289	:	887;
	7290	:	776;
	7291	:	776;
	7292	:	664;
	7293	:	553;
	7294	:	653;
	7295	:	553;
	7296	:	553;
	7297	:	653;
	7298	:	654;
	7299	:	654;
	7300	:	654;
	7301	:	654;
	7302	:	654;
	7303	:	654;
	7304	:	654;
	7305	:	654;
	7306	:	654;
	7307	:	654;
	7308	:	664;
	7309	:	654;
	7310	:	664;
	7311	:	664;
	7312	:	664;
	7313	:	664;
	7314	:	664;
	7315	:	654;
	7316	:	664;
	7317	:	654;
	7318	:	664;
	7319	:	664;
	7320	:	664;
	7321	:	654;
	7322	:	654;
	7323	:	654;
	7324	:	654;
	7325	:	654;
	7326	:	654;
	7327	:	654;
	7328	:	654;
	7329	:	654;
	7330	:	654;
	7331	:	654;
	7332	:	654;
	7333	:	654;
	7334	:	654;
	7335	:	654;
	7336	:	654;
	7337	:	654;
	7338	:	654;
	7339	:	654;
	7340	:	654;
	7341	:	654;
	7342	:	654;
	7343	:	654;
	7344	:	654;
	7345	:	654;
	7346	:	654;
	7347	:	654;
	7348	:	664;
	7349	:	654;
	7350	:	654;
	7351	:	654;
	7352	:	664;
	7353	:	664;
	7354	:	664;
	7355	:	664;
	7356	:	664;
	7357	:	664;
	7358	:	664;
	7359	:	664;
	7360	:	664;
	7361	:	664;
	7362	:	664;
	7363	:	664;
	7364	:	665;
	7365	:	654;
	7366	:	664;
	7367	:	654;
	7368	:	654;
	7369	:	664;
	7370	:	654;
	7371	:	654;
	7372	:	654;
	7373	:	654;
	7374	:	654;
	7375	:	554;
	7376	:	554;
	7377	:	554;
	7378	:	554;
	7379	:	554;
	7380	:	554;
	7381	:	554;
	7382	:	554;
	7383	:	554;
	7384	:	554;
	7385	:	554;
	7386	:	555;
	7387	:	665;
	7388	:	777;
	7389	:	788;
	7390	:	888;
	7391	:	899;
	7392	:	999;
	7393	:	99a;
	7394	:	99a;
	7395	:	aaa;
	7396	:	aaa;
	7397	:	aaa;
	7398	:	aaa;
	7399	:	aaa;
	7400	:	99a;
	7401	:	99a;
	7402	:	99a;
	7403	:	99a;
	7404	:	99a;
	7405	:	99a;
	7406	:	99a;
	7407	:	9aa;
	7408	:	99a;
	7409	:	999;
	7410	:	999;
	7411	:	aaa;
	7412	:	aaa;
	7413	:	aab;
	7414	:	bab;
	7415	:	bbb;
	7416	:	cbc;
	7417	:	ccd;
	7418	:	ccd;
	7419	:	dce;
	7420	:	dde;
	7421	:	dde;
	7422	:	edf;
	7423	:	dde;
	7424	:	554;
	7425	:	554;
	7426	:	554;
	7427	:	554;
	7428	:	554;
	7429	:	563;
	7430	:	563;
	7431	:	563;
	7432	:	563;
	7433	:	563;
	7434	:	462;
	7435	:	563;
	7436	:	462;
	7437	:	462;
	7438	:	463;
	7439	:	453;
	7440	:	453;
	7441	:	453;
	7442	:	453;
	7443	:	452;
	7444	:	452;
	7445	:	452;
	7446	:	452;
	7447	:	452;
	7448	:	452;
	7449	:	452;
	7450	:	452;
	7451	:	443;
	7452	:	443;
	7453	:	433;
	7454	:	433;
	7455	:	433;
	7456	:	333;
	7457	:	333;
	7458	:	332;
	7459	:	333;
	7460	:	332;
	7461	:	332;
	7462	:	332;
	7463	:	332;
	7464	:	332;
	7465	:	332;
	7466	:	332;
	7467	:	333;
	7468	:	342;
	7469	:	342;
	7470	:	343;
	7471	:	343;
	7472	:	343;
	7473	:	342;
	7474	:	343;
	7475	:	443;
	7476	:	342;
	7477	:	443;
	7478	:	443;
	7479	:	443;
	7480	:	443;
	7481	:	443;
	7482	:	443;
	7483	:	443;
	7484	:	443;
	7485	:	443;
	7486	:	443;
	7487	:	443;
	7488	:	443;
	7489	:	443;
	7490	:	443;
	7491	:	443;
	7492	:	543;
	7493	:	664;
	7494	:	665;
	7495	:	776;
	7496	:	777;
	7497	:	888;
	7498	:	999;
	7499	:	99a;
	7500	:	aaa;
	7501	:	aaa;
	7502	:	aaa;
	7503	:	aab;
	7504	:	bab;
	7505	:	bab;
	7506	:	bbb;
	7507	:	bbc;
	7508	:	bbc;
	7509	:	cbc;
	7510	:	cbc;
	7511	:	ccc;
	7512	:	cbc;
	7513	:	cbc;
	7514	:	cbc;
	7515	:	cbc;
	7516	:	cbc;
	7517	:	ccc;
	7518	:	cbc;
	7519	:	cbc;
	7520	:	cbc;
	7521	:	cbc;
	7522	:	cbc;
	7523	:	cbc;
	7524	:	cbc;
	7525	:	cbc;
	7526	:	cbc;
	7527	:	cbc;
	7528	:	cbc;
	7529	:	bbc;
	7530	:	bbb;
	7531	:	bbc;
	7532	:	bab;
	7533	:	bbb;
	7534	:	bab;
	7535	:	aaa;
	7536	:	aaa;
	7537	:	a9a;
	7538	:	a9a;
	7539	:	999;
	7540	:	999;
	7541	:	999;
	7542	:	999;
	7543	:	888;
	7544	:	888;
	7545	:	887;
	7546	:	877;
	7547	:	776;
	7548	:	665;
	7549	:	653;
	7550	:	553;
	7551	:	553;
	7552	:	553;
	7553	:	653;
	7554	:	653;
	7555	:	553;
	7556	:	654;
	7557	:	654;
	7558	:	654;
	7559	:	654;
	7560	:	654;
	7561	:	654;
	7562	:	654;
	7563	:	654;
	7564	:	654;
	7565	:	664;
	7566	:	664;
	7567	:	664;
	7568	:	664;
	7569	:	664;
	7570	:	654;
	7571	:	664;
	7572	:	664;
	7573	:	664;
	7574	:	664;
	7575	:	664;
	7576	:	664;
	7577	:	654;
	7578	:	654;
	7579	:	654;
	7580	:	654;
	7581	:	654;
	7582	:	654;
	7583	:	654;
	7584	:	654;
	7585	:	654;
	7586	:	654;
	7587	:	654;
	7588	:	654;
	7589	:	654;
	7590	:	654;
	7591	:	654;
	7592	:	654;
	7593	:	654;
	7594	:	654;
	7595	:	654;
	7596	:	654;
	7597	:	654;
	7598	:	654;
	7599	:	654;
	7600	:	654;
	7601	:	654;
	7602	:	654;
	7603	:	654;
	7604	:	654;
	7605	:	664;
	7606	:	654;
	7607	:	664;
	7608	:	654;
	7609	:	664;
	7610	:	664;
	7611	:	664;
	7612	:	664;
	7613	:	665;
	7614	:	664;
	7615	:	665;
	7616	:	664;
	7617	:	654;
	7618	:	664;
	7619	:	654;
	7620	:	654;
	7621	:	654;
	7622	:	664;
	7623	:	664;
	7624	:	654;
	7625	:	654;
	7626	:	654;
	7627	:	654;
	7628	:	654;
	7629	:	654;
	7630	:	654;
	7631	:	554;
	7632	:	554;
	7633	:	654;
	7634	:	554;
	7635	:	554;
	7636	:	554;
	7637	:	554;
	7638	:	554;
	7639	:	554;
	7640	:	554;
	7641	:	554;
	7642	:	555;
	7643	:	665;
	7644	:	777;
	7645	:	787;
	7646	:	888;
	7647	:	899;
	7648	:	999;
	7649	:	999;
	7650	:	99a;
	7651	:	aaa;
	7652	:	aaa;
	7653	:	aaa;
	7654	:	aaa;
	7655	:	aaa;
	7656	:	99a;
	7657	:	99a;
	7658	:	99a;
	7659	:	99a;
	7660	:	99a;
	7661	:	999;
	7662	:	99a;
	7663	:	99a;
	7664	:	999;
	7665	:	999;
	7666	:	999;
	7667	:	99a;
	7668	:	aaa;
	7669	:	aaa;
	7670	:	aab;
	7671	:	bbb;
	7672	:	cbc;
	7673	:	cbc;
	7674	:	ccd;
	7675	:	dcd;
	7676	:	dde;
	7677	:	dde;
	7678	:	dde;
	7679	:	dde;
	7680	:	554;
	7681	:	554;
	7682	:	554;
	7683	:	554;
	7684	:	554;
	7685	:	563;
	7686	:	563;
	7687	:	563;
	7688	:	563;
	7689	:	563;
	7690	:	462;
	7691	:	563;
	7692	:	462;
	7693	:	462;
	7694	:	463;
	7695	:	453;
	7696	:	453;
	7697	:	453;
	7698	:	453;
	7699	:	452;
	7700	:	452;
	7701	:	452;
	7702	:	452;
	7703	:	452;
	7704	:	452;
	7705	:	452;
	7706	:	452;
	7707	:	443;
	7708	:	443;
	7709	:	433;
	7710	:	433;
	7711	:	433;
	7712	:	333;
	7713	:	333;
	7714	:	332;
	7715	:	333;
	7716	:	332;
	7717	:	332;
	7718	:	332;
	7719	:	332;
	7720	:	332;
	7721	:	332;
	7722	:	332;
	7723	:	333;
	7724	:	342;
	7725	:	342;
	7726	:	343;
	7727	:	343;
	7728	:	343;
	7729	:	342;
	7730	:	343;
	7731	:	443;
	7732	:	342;
	7733	:	443;
	7734	:	443;
	7735	:	443;
	7736	:	443;
	7737	:	443;
	7738	:	443;
	7739	:	443;
	7740	:	443;
	7741	:	443;
	7742	:	443;
	7743	:	443;
	7744	:	443;
	7745	:	443;
	7746	:	443;
	7747	:	443;
	7748	:	543;
	7749	:	664;
	7750	:	665;
	7751	:	776;
	7752	:	777;
	7753	:	888;
	7754	:	999;
	7755	:	99a;
	7756	:	aaa;
	7757	:	aaa;
	7758	:	aaa;
	7759	:	aab;
	7760	:	bab;
	7761	:	bab;
	7762	:	bbb;
	7763	:	bbc;
	7764	:	bbc;
	7765	:	cbc;
	7766	:	cbc;
	7767	:	ccc;
	7768	:	cbc;
	7769	:	cbc;
	7770	:	cbc;
	7771	:	cbc;
	7772	:	cbc;
	7773	:	ccc;
	7774	:	cbc;
	7775	:	cbc;
	7776	:	cbc;
	7777	:	cbc;
	7778	:	cbc;
	7779	:	cbc;
	7780	:	cbc;
	7781	:	cbc;
	7782	:	cbc;
	7783	:	cbc;
	7784	:	cbc;
	7785	:	bbc;
	7786	:	bbb;
	7787	:	bbc;
	7788	:	bab;
	7789	:	bbb;
	7790	:	bab;
	7791	:	aaa;
	7792	:	aaa;
	7793	:	a9a;
	7794	:	a9a;
	7795	:	999;
	7796	:	999;
	7797	:	999;
	7798	:	999;
	7799	:	888;
	7800	:	888;
	7801	:	887;
	7802	:	877;
	7803	:	776;
	7804	:	665;
	7805	:	653;
	7806	:	553;
	7807	:	553;
	7808	:	553;
	7809	:	653;
	7810	:	653;
	7811	:	553;
	7812	:	654;
	7813	:	654;
	7814	:	654;
	7815	:	654;
	7816	:	654;
	7817	:	654;
	7818	:	654;
	7819	:	654;
	7820	:	654;
	7821	:	664;
	7822	:	664;
	7823	:	664;
	7824	:	664;
	7825	:	664;
	7826	:	654;
	7827	:	664;
	7828	:	664;
	7829	:	664;
	7830	:	664;
	7831	:	664;
	7832	:	664;
	7833	:	654;
	7834	:	654;
	7835	:	654;
	7836	:	654;
	7837	:	654;
	7838	:	654;
	7839	:	654;
	7840	:	654;
	7841	:	654;
	7842	:	654;
	7843	:	654;
	7844	:	654;
	7845	:	654;
	7846	:	654;
	7847	:	654;
	7848	:	654;
	7849	:	654;
	7850	:	654;
	7851	:	654;
	7852	:	654;
	7853	:	654;
	7854	:	654;
	7855	:	654;
	7856	:	654;
	7857	:	654;
	7858	:	654;
	7859	:	654;
	7860	:	654;
	7861	:	664;
	7862	:	654;
	7863	:	664;
	7864	:	654;
	7865	:	664;
	7866	:	664;
	7867	:	664;
	7868	:	664;
	7869	:	665;
	7870	:	664;
	7871	:	665;
	7872	:	664;
	7873	:	654;
	7874	:	664;
	7875	:	654;
	7876	:	654;
	7877	:	654;
	7878	:	664;
	7879	:	664;
	7880	:	654;
	7881	:	654;
	7882	:	654;
	7883	:	654;
	7884	:	654;
	7885	:	654;
	7886	:	654;
	7887	:	554;
	7888	:	554;
	7889	:	654;
	7890	:	554;
	7891	:	554;
	7892	:	554;
	7893	:	554;
	7894	:	554;
	7895	:	554;
	7896	:	554;
	7897	:	554;
	7898	:	555;
	7899	:	665;
	7900	:	777;
	7901	:	787;
	7902	:	888;
	7903	:	899;
	7904	:	999;
	7905	:	999;
	7906	:	99a;
	7907	:	aaa;
	7908	:	aaa;
	7909	:	aaa;
	7910	:	aaa;
	7911	:	aaa;
	7912	:	99a;
	7913	:	99a;
	7914	:	99a;
	7915	:	99a;
	7916	:	99a;
	7917	:	999;
	7918	:	99a;
	7919	:	99a;
	7920	:	999;
	7921	:	999;
	7922	:	999;
	7923	:	99a;
	7924	:	aaa;
	7925	:	aaa;
	7926	:	aab;
	7927	:	bbb;
	7928	:	cbc;
	7929	:	cbc;
	7930	:	ccd;
	7931	:	dcd;
	7932	:	dde;
	7933	:	dde;
	7934	:	dde;
	7935	:	dde;
	7936	:	554;
	7937	:	554;
	7938	:	554;
	7939	:	563;
	7940	:	563;
	7941	:	563;
	7942	:	563;
	7943	:	563;
	7944	:	563;
	7945	:	563;
	7946	:	562;
	7947	:	563;
	7948	:	462;
	7949	:	562;
	7950	:	563;
	7951	:	463;
	7952	:	563;
	7953	:	462;
	7954	:	463;
	7955	:	462;
	7956	:	462;
	7957	:	462;
	7958	:	462;
	7959	:	462;
	7960	:	452;
	7961	:	452;
	7962	:	453;
	7963	:	443;
	7964	:	443;
	7965	:	443;
	7966	:	443;
	7967	:	433;
	7968	:	333;
	7969	:	333;
	7970	:	333;
	7971	:	333;
	7972	:	333;
	7973	:	332;
	7974	:	332;
	7975	:	332;
	7976	:	332;
	7977	:	332;
	7978	:	342;
	7979	:	442;
	7980	:	342;
	7981	:	342;
	7982	:	442;
	7983	:	442;
	7984	:	442;
	7985	:	442;
	7986	:	442;
	7987	:	443;
	7988	:	443;
	7989	:	443;
	7990	:	442;
	7991	:	443;
	7992	:	443;
	7993	:	443;
	7994	:	443;
	7995	:	443;
	7996	:	443;
	7997	:	443;
	7998	:	443;
	7999	:	443;
	8000	:	443;
	8001	:	543;
	8002	:	543;
	8003	:	553;
	8004	:	554;
	8005	:	665;
	8006	:	776;
	8007	:	887;
	8008	:	888;
	8009	:	999;
	8010	:	aaa;
	8011	:	aaa;
	8012	:	aab;
	8013	:	aab;
	8014	:	aab;
	8015	:	aab;
	8016	:	bbb;
	8017	:	bbb;
	8018	:	bbc;
	8019	:	cbc;
	8020	:	cbc;
	8021	:	cbc;
	8022	:	ccc;
	8023	:	cbc;
	8024	:	ccd;
	8025	:	ccd;
	8026	:	cbc;
	8027	:	ccd;
	8028	:	ccd;
	8029	:	ccd;
	8030	:	ccd;
	8031	:	ccd;
	8032	:	ccd;
	8033	:	ccd;
	8034	:	cbc;
	8035	:	ccd;
	8036	:	cbc;
	8037	:	cbc;
	8038	:	cbc;
	8039	:	cbc;
	8040	:	cbc;
	8041	:	bbc;
	8042	:	cbc;
	8043	:	bbc;
	8044	:	bbc;
	8045	:	bbb;
	8046	:	bab;
	8047	:	bab;
	8048	:	bab;
	8049	:	aaa;
	8050	:	aaa;
	8051	:	a9a;
	8052	:	a99;
	8053	:	a99;
	8054	:	999;
	8055	:	988;
	8056	:	988;
	8057	:	887;
	8058	:	887;
	8059	:	877;
	8060	:	775;
	8061	:	664;
	8062	:	653;
	8063	:	553;
	8064	:	653;
	8065	:	653;
	8066	:	553;
	8067	:	553;
	8068	:	654;
	8069	:	654;
	8070	:	654;
	8071	:	654;
	8072	:	654;
	8073	:	654;
	8074	:	654;
	8075	:	654;
	8076	:	654;
	8077	:	654;
	8078	:	664;
	8079	:	664;
	8080	:	654;
	8081	:	654;
	8082	:	654;
	8083	:	664;
	8084	:	654;
	8085	:	654;
	8086	:	654;
	8087	:	654;
	8088	:	664;
	8089	:	664;
	8090	:	654;
	8091	:	654;
	8092	:	654;
	8093	:	654;
	8094	:	654;
	8095	:	654;
	8096	:	654;
	8097	:	654;
	8098	:	654;
	8099	:	654;
	8100	:	654;
	8101	:	654;
	8102	:	654;
	8103	:	654;
	8104	:	654;
	8105	:	654;
	8106	:	654;
	8107	:	654;
	8108	:	654;
	8109	:	654;
	8110	:	654;
	8111	:	654;
	8112	:	654;
	8113	:	654;
	8114	:	654;
	8115	:	664;
	8116	:	654;
	8117	:	654;
	8118	:	654;
	8119	:	654;
	8120	:	664;
	8121	:	654;
	8122	:	664;
	8123	:	654;
	8124	:	664;
	8125	:	654;
	8126	:	664;
	8127	:	664;
	8128	:	664;
	8129	:	664;
	8130	:	664;
	8131	:	664;
	8132	:	664;
	8133	:	654;
	8134	:	654;
	8135	:	654;
	8136	:	654;
	8137	:	654;
	8138	:	654;
	8139	:	654;
	8140	:	654;
	8141	:	654;
	8142	:	654;
	8143	:	654;
	8144	:	654;
	8145	:	654;
	8146	:	554;
	8147	:	554;
	8148	:	554;
	8149	:	554;
	8150	:	554;
	8151	:	554;
	8152	:	554;
	8153	:	554;
	8154	:	555;
	8155	:	665;
	8156	:	676;
	8157	:	777;
	8158	:	788;
	8159	:	888;
	8160	:	999;
	8161	:	999;
	8162	:	99a;
	8163	:	99a;
	8164	:	aaa;
	8165	:	aaa;
	8166	:	aaa;
	8167	:	aaa;
	8168	:	aaa;
	8169	:	99a;
	8170	:	99a;
	8171	:	999;
	8172	:	99a;
	8173	:	99a;
	8174	:	99a;
	8175	:	99a;
	8176	:	999;
	8177	:	999;
	8178	:	999;
	8179	:	999;
	8180	:	99a;
	8181	:	aaa;
	8182	:	aaa;
	8183	:	bab;
	8184	:	bbb;
	8185	:	bbc;
	8186	:	ccc;
	8187	:	ccd;
	8188	:	dce;
	8189	:	dde;
	8190	:	dde;
	8191	:	dde;
	8192	:	553;
	8193	:	554;
	8194	:	554;
	8195	:	553;
	8196	:	563;
	8197	:	563;
	8198	:	563;
	8199	:	563;
	8200	:	563;
	8201	:	562;
	8202	:	562;
	8203	:	562;
	8204	:	462;
	8205	:	462;
	8206	:	462;
	8207	:	463;
	8208	:	462;
	8209	:	463;
	8210	:	462;
	8211	:	462;
	8212	:	462;
	8213	:	462;
	8214	:	462;
	8215	:	452;
	8216	:	452;
	8217	:	452;
	8218	:	453;
	8219	:	443;
	8220	:	443;
	8221	:	443;
	8222	:	433;
	8223	:	433;
	8224	:	433;
	8225	:	333;
	8226	:	333;
	8227	:	333;
	8228	:	333;
	8229	:	332;
	8230	:	332;
	8231	:	332;
	8232	:	332;
	8233	:	342;
	8234	:	442;
	8235	:	442;
	8236	:	342;
	8237	:	442;
	8238	:	442;
	8239	:	443;
	8240	:	442;
	8241	:	442;
	8242	:	442;
	8243	:	442;
	8244	:	443;
	8245	:	443;
	8246	:	443;
	8247	:	443;
	8248	:	443;
	8249	:	443;
	8250	:	443;
	8251	:	443;
	8252	:	443;
	8253	:	443;
	8254	:	443;
	8255	:	443;
	8256	:	443;
	8257	:	443;
	8258	:	543;
	8259	:	554;
	8260	:	665;
	8261	:	776;
	8262	:	777;
	8263	:	888;
	8264	:	999;
	8265	:	999;
	8266	:	aaa;
	8267	:	aaa;
	8268	:	aab;
	8269	:	aab;
	8270	:	bbb;
	8271	:	bbb;
	8272	:	bab;
	8273	:	bbb;
	8274	:	cbc;
	8275	:	cbc;
	8276	:	ccd;
	8277	:	cbc;
	8278	:	ccc;
	8279	:	ccd;
	8280	:	ccd;
	8281	:	cbc;
	8282	:	ccd;
	8283	:	cbc;
	8284	:	ccd;
	8285	:	ccd;
	8286	:	ccd;
	8287	:	ccd;
	8288	:	ccd;
	8289	:	ccd;
	8290	:	ccd;
	8291	:	ccd;
	8292	:	ccd;
	8293	:	ccd;
	8294	:	cbc;
	8295	:	ccd;
	8296	:	cbc;
	8297	:	cbc;
	8298	:	cbc;
	8299	:	cbc;
	8300	:	cbc;
	8301	:	bbc;
	8302	:	bbb;
	8303	:	bab;
	8304	:	bab;
	8305	:	bab;
	8306	:	aab;
	8307	:	aaa;
	8308	:	a9a;
	8309	:	a99;
	8310	:	999;
	8311	:	999;
	8312	:	988;
	8313	:	988;
	8314	:	887;
	8315	:	877;
	8316	:	776;
	8317	:	664;
	8318	:	553;
	8319	:	654;
	8320	:	653;
	8321	:	553;
	8322	:	653;
	8323	:	553;
	8324	:	654;
	8325	:	654;
	8326	:	654;
	8327	:	654;
	8328	:	654;
	8329	:	654;
	8330	:	654;
	8331	:	654;
	8332	:	654;
	8333	:	654;
	8334	:	654;
	8335	:	664;
	8336	:	664;
	8337	:	654;
	8338	:	664;
	8339	:	664;
	8340	:	654;
	8341	:	654;
	8342	:	664;
	8343	:	654;
	8344	:	664;
	8345	:	654;
	8346	:	654;
	8347	:	654;
	8348	:	654;
	8349	:	654;
	8350	:	654;
	8351	:	654;
	8352	:	654;
	8353	:	654;
	8354	:	654;
	8355	:	654;
	8356	:	654;
	8357	:	654;
	8358	:	654;
	8359	:	654;
	8360	:	654;
	8361	:	654;
	8362	:	654;
	8363	:	654;
	8364	:	654;
	8365	:	654;
	8366	:	654;
	8367	:	654;
	8368	:	654;
	8369	:	654;
	8370	:	654;
	8371	:	654;
	8372	:	664;
	8373	:	654;
	8374	:	654;
	8375	:	654;
	8376	:	654;
	8377	:	664;
	8378	:	654;
	8379	:	664;
	8380	:	664;
	8381	:	664;
	8382	:	664;
	8383	:	664;
	8384	:	654;
	8385	:	664;
	8386	:	665;
	8387	:	654;
	8388	:	664;
	8389	:	664;
	8390	:	654;
	8391	:	654;
	8392	:	654;
	8393	:	654;
	8394	:	654;
	8395	:	654;
	8396	:	654;
	8397	:	654;
	8398	:	654;
	8399	:	654;
	8400	:	654;
	8401	:	654;
	8402	:	554;
	8403	:	554;
	8404	:	554;
	8405	:	554;
	8406	:	554;
	8407	:	554;
	8408	:	554;
	8409	:	554;
	8410	:	554;
	8411	:	665;
	8412	:	676;
	8413	:	777;
	8414	:	787;
	8415	:	888;
	8416	:	889;
	8417	:	999;
	8418	:	99a;
	8419	:	99a;
	8420	:	99a;
	8421	:	aaa;
	8422	:	aaa;
	8423	:	a9a;
	8424	:	a9a;
	8425	:	a9a;
	8426	:	99a;
	8427	:	99a;
	8428	:	999;
	8429	:	999;
	8430	:	999;
	8431	:	999;
	8432	:	999;
	8433	:	999;
	8434	:	889;
	8435	:	989;
	8436	:	999;
	8437	:	999;
	8438	:	aaa;
	8439	:	aab;
	8440	:	bbb;
	8441	:	bbc;
	8442	:	cbc;
	8443	:	ccd;
	8444	:	ccd;
	8445	:	dce;
	8446	:	dce;
	8447	:	dde;
	8448	:	554;
	8449	:	554;
	8450	:	554;
	8451	:	563;
	8452	:	563;
	8453	:	563;
	8454	:	563;
	8455	:	563;
	8456	:	563;
	8457	:	562;
	8458	:	462;
	8459	:	462;
	8460	:	462;
	8461	:	462;
	8462	:	462;
	8463	:	462;
	8464	:	462;
	8465	:	562;
	8466	:	462;
	8467	:	462;
	8468	:	462;
	8469	:	462;
	8470	:	462;
	8471	:	462;
	8472	:	452;
	8473	:	453;
	8474	:	443;
	8475	:	443;
	8476	:	443;
	8477	:	443;
	8478	:	433;
	8479	:	433;
	8480	:	433;
	8481	:	333;
	8482	:	333;
	8483	:	332;
	8484	:	332;
	8485	:	332;
	8486	:	333;
	8487	:	332;
	8488	:	342;
	8489	:	342;
	8490	:	342;
	8491	:	442;
	8492	:	342;
	8493	:	442;
	8494	:	442;
	8495	:	342;
	8496	:	442;
	8497	:	442;
	8498	:	442;
	8499	:	442;
	8500	:	443;
	8501	:	443;
	8502	:	443;
	8503	:	443;
	8504	:	443;
	8505	:	443;
	8506	:	443;
	8507	:	443;
	8508	:	443;
	8509	:	443;
	8510	:	443;
	8511	:	443;
	8512	:	543;
	8513	:	543;
	8514	:	554;
	8515	:	554;
	8516	:	665;
	8517	:	776;
	8518	:	887;
	8519	:	888;
	8520	:	999;
	8521	:	999;
	8522	:	aab;
	8523	:	aab;
	8524	:	bab;
	8525	:	aab;
	8526	:	bbb;
	8527	:	bbc;
	8528	:	bbb;
	8529	:	bbc;
	8530	:	bbc;
	8531	:	cbc;
	8532	:	ccd;
	8533	:	ccd;
	8534	:	ccd;
	8535	:	ccd;
	8536	:	ccd;
	8537	:	ccd;
	8538	:	ccd;
	8539	:	ccd;
	8540	:	ccd;
	8541	:	ccd;
	8542	:	ccd;
	8543	:	ccd;
	8544	:	ccd;
	8545	:	ccd;
	8546	:	ccd;
	8547	:	ccd;
	8548	:	cbd;
	8549	:	cbc;
	8550	:	cbc;
	8551	:	ccc;
	8552	:	cbc;
	8553	:	cbc;
	8554	:	cbc;
	8555	:	cbc;
	8556	:	cbc;
	8557	:	cbc;
	8558	:	bbb;
	8559	:	bbb;
	8560	:	bbb;
	8561	:	bab;
	8562	:	bab;
	8563	:	aaa;
	8564	:	a9a;
	8565	:	a99;
	8566	:	a99;
	8567	:	999;
	8568	:	998;
	8569	:	988;
	8570	:	888;
	8571	:	877;
	8572	:	775;
	8573	:	764;
	8574	:	654;
	8575	:	553;
	8576	:	653;
	8577	:	553;
	8578	:	653;
	8579	:	654;
	8580	:	654;
	8581	:	654;
	8582	:	654;
	8583	:	654;
	8584	:	654;
	8585	:	654;
	8586	:	654;
	8587	:	654;
	8588	:	654;
	8589	:	664;
	8590	:	654;
	8591	:	654;
	8592	:	654;
	8593	:	664;
	8594	:	664;
	8595	:	654;
	8596	:	654;
	8597	:	654;
	8598	:	654;
	8599	:	654;
	8600	:	654;
	8601	:	654;
	8602	:	654;
	8603	:	654;
	8604	:	654;
	8605	:	654;
	8606	:	654;
	8607	:	654;
	8608	:	654;
	8609	:	654;
	8610	:	654;
	8611	:	654;
	8612	:	654;
	8613	:	654;
	8614	:	654;
	8615	:	654;
	8616	:	554;
	8617	:	654;
	8618	:	654;
	8619	:	654;
	8620	:	654;
	8621	:	654;
	8622	:	654;
	8623	:	654;
	8624	:	654;
	8625	:	654;
	8626	:	654;
	8627	:	654;
	8628	:	654;
	8629	:	654;
	8630	:	654;
	8631	:	654;
	8632	:	664;
	8633	:	664;
	8634	:	664;
	8635	:	664;
	8636	:	654;
	8637	:	664;
	8638	:	664;
	8639	:	654;
	8640	:	654;
	8641	:	654;
	8642	:	664;
	8643	:	654;
	8644	:	664;
	8645	:	654;
	8646	:	654;
	8647	:	654;
	8648	:	654;
	8649	:	654;
	8650	:	654;
	8651	:	654;
	8652	:	654;
	8653	:	654;
	8654	:	554;
	8655	:	654;
	8656	:	654;
	8657	:	654;
	8658	:	554;
	8659	:	654;
	8660	:	554;
	8661	:	554;
	8662	:	554;
	8663	:	554;
	8664	:	554;
	8665	:	554;
	8666	:	554;
	8667	:	665;
	8668	:	676;
	8669	:	777;
	8670	:	787;
	8671	:	888;
	8672	:	899;
	8673	:	999;
	8674	:	999;
	8675	:	99a;
	8676	:	a9a;
	8677	:	a9a;
	8678	:	aaa;
	8679	:	a9a;
	8680	:	a9a;
	8681	:	99a;
	8682	:	99a;
	8683	:	999;
	8684	:	999;
	8685	:	99a;
	8686	:	999;
	8687	:	999;
	8688	:	899;
	8689	:	889;
	8690	:	889;
	8691	:	898;
	8692	:	999;
	8693	:	999;
	8694	:	aaa;
	8695	:	aaa;
	8696	:	aab;
	8697	:	bbc;
	8698	:	bbc;
	8699	:	ccc;
	8700	:	ccd;
	8701	:	dcd;
	8702	:	dce;
	8703	:	dcd;
	8704	:	554;
	8705	:	554;
	8706	:	564;
	8707	:	563;
	8708	:	563;
	8709	:	563;
	8710	:	563;
	8711	:	563;
	8712	:	562;
	8713	:	562;
	8714	:	462;
	8715	:	562;
	8716	:	462;
	8717	:	462;
	8718	:	563;
	8719	:	563;
	8720	:	462;
	8721	:	562;
	8722	:	462;
	8723	:	462;
	8724	:	462;
	8725	:	462;
	8726	:	462;
	8727	:	462;
	8728	:	452;
	8729	:	452;
	8730	:	453;
	8731	:	443;
	8732	:	443;
	8733	:	443;
	8734	:	443;
	8735	:	433;
	8736	:	433;
	8737	:	333;
	8738	:	433;
	8739	:	333;
	8740	:	333;
	8741	:	333;
	8742	:	332;
	8743	:	342;
	8744	:	342;
	8745	:	442;
	8746	:	442;
	8747	:	452;
	8748	:	452;
	8749	:	342;
	8750	:	342;
	8751	:	442;
	8752	:	452;
	8753	:	442;
	8754	:	442;
	8755	:	442;
	8756	:	442;
	8757	:	442;
	8758	:	443;
	8759	:	443;
	8760	:	443;
	8761	:	443;
	8762	:	443;
	8763	:	443;
	8764	:	443;
	8765	:	443;
	8766	:	443;
	8767	:	543;
	8768	:	543;
	8769	:	543;
	8770	:	554;
	8771	:	665;
	8772	:	675;
	8773	:	887;
	8774	:	888;
	8775	:	998;
	8776	:	999;
	8777	:	99a;
	8778	:	aab;
	8779	:	aab;
	8780	:	bab;
	8781	:	bbb;
	8782	:	bbb;
	8783	:	bbb;
	8784	:	bbb;
	8785	:	bbc;
	8786	:	cbc;
	8787	:	ccc;
	8788	:	ccd;
	8789	:	ccc;
	8790	:	cbc;
	8791	:	ccd;
	8792	:	ccc;
	8793	:	ccd;
	8794	:	ccd;
	8795	:	ccd;
	8796	:	ccd;
	8797	:	ccd;
	8798	:	ccd;
	8799	:	ccd;
	8800	:	ccd;
	8801	:	ccd;
	8802	:	ccd;
	8803	:	ccd;
	8804	:	ccd;
	8805	:	cbc;
	8806	:	ccd;
	8807	:	cbd;
	8808	:	ccc;
	8809	:	cbc;
	8810	:	cbc;
	8811	:	cbc;
	8812	:	cbc;
	8813	:	cbc;
	8814	:	cbc;
	8815	:	bbb;
	8816	:	bbb;
	8817	:	bab;
	8818	:	bab;
	8819	:	baa;
	8820	:	aaa;
	8821	:	aaa;
	8822	:	a99;
	8823	:	999;
	8824	:	988;
	8825	:	888;
	8826	:	887;
	8827	:	887;
	8828	:	776;
	8829	:	764;
	8830	:	654;
	8831	:	653;
	8832	:	653;
	8833	:	653;
	8834	:	653;
	8835	:	553;
	8836	:	654;
	8837	:	654;
	8838	:	654;
	8839	:	654;
	8840	:	654;
	8841	:	654;
	8842	:	654;
	8843	:	654;
	8844	:	654;
	8845	:	654;
	8846	:	654;
	8847	:	654;
	8848	:	654;
	8849	:	654;
	8850	:	654;
	8851	:	664;
	8852	:	654;
	8853	:	654;
	8854	:	654;
	8855	:	654;
	8856	:	654;
	8857	:	654;
	8858	:	654;
	8859	:	654;
	8860	:	654;
	8861	:	654;
	8862	:	654;
	8863	:	654;
	8864	:	654;
	8865	:	654;
	8866	:	654;
	8867	:	654;
	8868	:	654;
	8869	:	654;
	8870	:	654;
	8871	:	654;
	8872	:	654;
	8873	:	654;
	8874	:	654;
	8875	:	654;
	8876	:	654;
	8877	:	654;
	8878	:	654;
	8879	:	654;
	8880	:	654;
	8881	:	654;
	8882	:	654;
	8883	:	654;
	8884	:	654;
	8885	:	654;
	8886	:	654;
	8887	:	664;
	8888	:	654;
	8889	:	664;
	8890	:	654;
	8891	:	664;
	8892	:	654;
	8893	:	654;
	8894	:	664;
	8895	:	654;
	8896	:	654;
	8897	:	664;
	8898	:	654;
	8899	:	654;
	8900	:	654;
	8901	:	654;
	8902	:	654;
	8903	:	654;
	8904	:	654;
	8905	:	654;
	8906	:	654;
	8907	:	654;
	8908	:	654;
	8909	:	654;
	8910	:	554;
	8911	:	654;
	8912	:	654;
	8913	:	654;
	8914	:	554;
	8915	:	554;
	8916	:	554;
	8917	:	554;
	8918	:	554;
	8919	:	554;
	8920	:	554;
	8921	:	554;
	8922	:	554;
	8923	:	665;
	8924	:	666;
	8925	:	777;
	8926	:	777;
	8927	:	888;
	8928	:	889;
	8929	:	999;
	8930	:	999;
	8931	:	99a;
	8932	:	99a;
	8933	:	a9a;
	8934	:	aaa;
	8935	:	aaa;
	8936	:	99a;
	8937	:	99a;
	8938	:	99a;
	8939	:	999;
	8940	:	999;
	8941	:	999;
	8942	:	999;
	8943	:	999;
	8944	:	999;
	8945	:	888;
	8946	:	888;
	8947	:	888;
	8948	:	889;
	8949	:	999;
	8950	:	99a;
	8951	:	aaa;
	8952	:	aab;
	8953	:	bab;
	8954	:	bbc;
	8955	:	ccc;
	8956	:	ccd;
	8957	:	ccd;
	8958	:	ccd;
	8959	:	ccd;
	8960	:	564;
	8961	:	554;
	8962	:	564;
	8963	:	563;
	8964	:	563;
	8965	:	563;
	8966	:	573;
	8967	:	563;
	8968	:	562;
	8969	:	562;
	8970	:	562;
	8971	:	462;
	8972	:	562;
	8973	:	562;
	8974	:	562;
	8975	:	562;
	8976	:	562;
	8977	:	562;
	8978	:	462;
	8979	:	462;
	8980	:	462;
	8981	:	462;
	8982	:	462;
	8983	:	462;
	8984	:	452;
	8985	:	453;
	8986	:	443;
	8987	:	443;
	8988	:	443;
	8989	:	443;
	8990	:	443;
	8991	:	433;
	8992	:	433;
	8993	:	333;
	8994	:	433;
	8995	:	333;
	8996	:	332;
	8997	:	333;
	8998	:	342;
	8999	:	442;
	9000	:	342;
	9001	:	442;
	9002	:	452;
	9003	:	452;
	9004	:	452;
	9005	:	452;
	9006	:	452;
	9007	:	452;
	9008	:	452;
	9009	:	452;
	9010	:	442;
	9011	:	442;
	9012	:	442;
	9013	:	443;
	9014	:	443;
	9015	:	443;
	9016	:	443;
	9017	:	443;
	9018	:	443;
	9019	:	443;
	9020	:	443;
	9021	:	443;
	9022	:	443;
	9023	:	543;
	9024	:	543;
	9025	:	553;
	9026	:	654;
	9027	:	665;
	9028	:	776;
	9029	:	887;
	9030	:	888;
	9031	:	999;
	9032	:	a9a;
	9033	:	aaa;
	9034	:	aab;
	9035	:	bab;
	9036	:	aab;
	9037	:	bbb;
	9038	:	bbc;
	9039	:	bbc;
	9040	:	bbc;
	9041	:	cbc;
	9042	:	cbc;
	9043	:	ccd;
	9044	:	ccc;
	9045	:	ccd;
	9046	:	ccd;
	9047	:	ccd;
	9048	:	dcd;
	9049	:	ccd;
	9050	:	ccd;
	9051	:	ccd;
	9052	:	ccd;
	9053	:	dcd;
	9054	:	dcd;
	9055	:	dcd;
	9056	:	dcd;
	9057	:	ccd;
	9058	:	ccd;
	9059	:	ccd;
	9060	:	cbc;
	9061	:	ccd;
	9062	:	ccd;
	9063	:	ccd;
	9064	:	ccd;
	9065	:	cbd;
	9066	:	cbc;
	9067	:	cbc;
	9068	:	cbc;
	9069	:	cbc;
	9070	:	cbc;
	9071	:	cbc;
	9072	:	bbb;
	9073	:	bab;
	9074	:	bab;
	9075	:	aaa;
	9076	:	aaa;
	9077	:	a99;
	9078	:	a99;
	9079	:	999;
	9080	:	988;
	9081	:	988;
	9082	:	888;
	9083	:	877;
	9084	:	776;
	9085	:	765;
	9086	:	654;
	9087	:	653;
	9088	:	654;
	9089	:	653;
	9090	:	654;
	9091	:	654;
	9092	:	654;
	9093	:	654;
	9094	:	654;
	9095	:	654;
	9096	:	654;
	9097	:	654;
	9098	:	654;
	9099	:	654;
	9100	:	654;
	9101	:	654;
	9102	:	664;
	9103	:	654;
	9104	:	654;
	9105	:	654;
	9106	:	664;
	9107	:	654;
	9108	:	664;
	9109	:	664;
	9110	:	664;
	9111	:	664;
	9112	:	664;
	9113	:	654;
	9114	:	654;
	9115	:	654;
	9116	:	654;
	9117	:	654;
	9118	:	654;
	9119	:	654;
	9120	:	654;
	9121	:	654;
	9122	:	554;
	9123	:	654;
	9124	:	654;
	9125	:	654;
	9126	:	654;
	9127	:	554;
	9128	:	654;
	9129	:	654;
	9130	:	654;
	9131	:	654;
	9132	:	654;
	9133	:	654;
	9134	:	654;
	9135	:	654;
	9136	:	654;
	9137	:	654;
	9138	:	654;
	9139	:	654;
	9140	:	654;
	9141	:	664;
	9142	:	664;
	9143	:	654;
	9144	:	654;
	9145	:	654;
	9146	:	664;
	9147	:	664;
	9148	:	654;
	9149	:	654;
	9150	:	654;
	9151	:	664;
	9152	:	664;
	9153	:	654;
	9154	:	654;
	9155	:	664;
	9156	:	654;
	9157	:	654;
	9158	:	654;
	9159	:	654;
	9160	:	654;
	9161	:	654;
	9162	:	654;
	9163	:	554;
	9164	:	654;
	9165	:	654;
	9166	:	654;
	9167	:	654;
	9168	:	654;
	9169	:	654;
	9170	:	654;
	9171	:	554;
	9172	:	554;
	9173	:	554;
	9174	:	554;
	9175	:	554;
	9176	:	554;
	9177	:	554;
	9178	:	554;
	9179	:	665;
	9180	:	676;
	9181	:	776;
	9182	:	777;
	9183	:	888;
	9184	:	888;
	9185	:	889;
	9186	:	999;
	9187	:	999;
	9188	:	99a;
	9189	:	a9a;
	9190	:	aaa;
	9191	:	a9a;
	9192	:	99a;
	9193	:	aaa;
	9194	:	99a;
	9195	:	99a;
	9196	:	999;
	9197	:	999;
	9198	:	999;
	9199	:	999;
	9200	:	999;
	9201	:	989;
	9202	:	888;
	9203	:	888;
	9204	:	888;
	9205	:	999;
	9206	:	99a;
	9207	:	aaa;
	9208	:	aab;
	9209	:	bab;
	9210	:	bbb;
	9211	:	bbc;
	9212	:	cbc;
	9213	:	ccd;
	9214	:	ccd;
	9215	:	ccd;
	9216	:	564;
	9217	:	564;
	9218	:	563;
	9219	:	563;
	9220	:	563;
	9221	:	563;
	9222	:	572;
	9223	:	572;
	9224	:	572;
	9225	:	562;
	9226	:	572;
	9227	:	462;
	9228	:	462;
	9229	:	462;
	9230	:	562;
	9231	:	562;
	9232	:	563;
	9233	:	562;
	9234	:	462;
	9235	:	562;
	9236	:	462;
	9237	:	462;
	9238	:	462;
	9239	:	462;
	9240	:	452;
	9241	:	453;
	9242	:	443;
	9243	:	443;
	9244	:	433;
	9245	:	443;
	9246	:	433;
	9247	:	433;
	9248	:	433;
	9249	:	433;
	9250	:	333;
	9251	:	333;
	9252	:	333;
	9253	:	342;
	9254	:	342;
	9255	:	442;
	9256	:	452;
	9257	:	452;
	9258	:	452;
	9259	:	452;
	9260	:	452;
	9261	:	452;
	9262	:	452;
	9263	:	452;
	9264	:	452;
	9265	:	452;
	9266	:	452;
	9267	:	442;
	9268	:	443;
	9269	:	443;
	9270	:	443;
	9271	:	443;
	9272	:	443;
	9273	:	443;
	9274	:	443;
	9275	:	443;
	9276	:	543;
	9277	:	543;
	9278	:	543;
	9279	:	543;
	9280	:	543;
	9281	:	554;
	9282	:	665;
	9283	:	775;
	9284	:	776;
	9285	:	888;
	9286	:	998;
	9287	:	999;
	9288	:	999;
	9289	:	aaa;
	9290	:	aab;
	9291	:	aab;
	9292	:	bab;
	9293	:	bbb;
	9294	:	bbb;
	9295	:	bbc;
	9296	:	bbc;
	9297	:	bbc;
	9298	:	ccc;
	9299	:	ccd;
	9300	:	ccd;
	9301	:	dcd;
	9302	:	ccd;
	9303	:	ccd;
	9304	:	dcd;
	9305	:	ccd;
	9306	:	dcd;
	9307	:	dcd;
	9308	:	ccd;
	9309	:	dcd;
	9310	:	dcd;
	9311	:	ccd;
	9312	:	ccd;
	9313	:	ccd;
	9314	:	dcd;
	9315	:	dcd;
	9316	:	ccd;
	9317	:	dcd;
	9318	:	ccd;
	9319	:	ccd;
	9320	:	cbc;
	9321	:	cbd;
	9322	:	ccd;
	9323	:	cbc;
	9324	:	cbc;
	9325	:	cbc;
	9326	:	cbc;
	9327	:	bbc;
	9328	:	cbc;
	9329	:	bbb;
	9330	:	bab;
	9331	:	bab;
	9332	:	aaa;
	9333	:	aaa;
	9334	:	a99;
	9335	:	999;
	9336	:	998;
	9337	:	888;
	9338	:	887;
	9339	:	887;
	9340	:	776;
	9341	:	765;
	9342	:	654;
	9343	:	654;
	9344	:	654;
	9345	:	654;
	9346	:	654;
	9347	:	654;
	9348	:	654;
	9349	:	654;
	9350	:	654;
	9351	:	654;
	9352	:	654;
	9353	:	654;
	9354	:	654;
	9355	:	654;
	9356	:	654;
	9357	:	664;
	9358	:	654;
	9359	:	664;
	9360	:	664;
	9361	:	664;
	9362	:	664;
	9363	:	664;
	9364	:	654;
	9365	:	664;
	9366	:	664;
	9367	:	664;
	9368	:	654;
	9369	:	654;
	9370	:	654;
	9371	:	654;
	9372	:	654;
	9373	:	654;
	9374	:	654;
	9375	:	654;
	9376	:	654;
	9377	:	654;
	9378	:	654;
	9379	:	654;
	9380	:	554;
	9381	:	554;
	9382	:	654;
	9383	:	654;
	9384	:	654;
	9385	:	654;
	9386	:	654;
	9387	:	654;
	9388	:	654;
	9389	:	654;
	9390	:	654;
	9391	:	654;
	9392	:	654;
	9393	:	654;
	9394	:	654;
	9395	:	654;
	9396	:	654;
	9397	:	654;
	9398	:	654;
	9399	:	654;
	9400	:	654;
	9401	:	654;
	9402	:	654;
	9403	:	654;
	9404	:	664;
	9405	:	654;
	9406	:	654;
	9407	:	654;
	9408	:	654;
	9409	:	654;
	9410	:	654;
	9411	:	654;
	9412	:	654;
	9413	:	654;
	9414	:	654;
	9415	:	654;
	9416	:	654;
	9417	:	654;
	9418	:	654;
	9419	:	654;
	9420	:	654;
	9421	:	654;
	9422	:	554;
	9423	:	654;
	9424	:	554;
	9425	:	554;
	9426	:	554;
	9427	:	554;
	9428	:	554;
	9429	:	554;
	9430	:	554;
	9431	:	554;
	9432	:	554;
	9433	:	554;
	9434	:	554;
	9435	:	665;
	9436	:	666;
	9437	:	776;
	9438	:	777;
	9439	:	777;
	9440	:	888;
	9441	:	899;
	9442	:	989;
	9443	:	999;
	9444	:	99a;
	9445	:	99a;
	9446	:	aaa;
	9447	:	a9a;
	9448	:	99a;
	9449	:	99a;
	9450	:	99a;
	9451	:	999;
	9452	:	999;
	9453	:	999;
	9454	:	999;
	9455	:	999;
	9456	:	999;
	9457	:	889;
	9458	:	888;
	9459	:	888;
	9460	:	888;
	9461	:	999;
	9462	:	999;
	9463	:	a9a;
	9464	:	aaa;
	9465	:	aab;
	9466	:	bab;
	9467	:	bbc;
	9468	:	cbc;
	9469	:	ccd;
	9470	:	ccd;
	9471	:	ccd;
	9472	:	564;
	9473	:	563;
	9474	:	563;
	9475	:	563;
	9476	:	563;
	9477	:	573;
	9478	:	572;
	9479	:	572;
	9480	:	572;
	9481	:	572;
	9482	:	462;
	9483	:	572;
	9484	:	562;
	9485	:	562;
	9486	:	562;
	9487	:	562;
	9488	:	562;
	9489	:	562;
	9490	:	562;
	9491	:	572;
	9492	:	462;
	9493	:	462;
	9494	:	462;
	9495	:	462;
	9496	:	452;
	9497	:	453;
	9498	:	443;
	9499	:	443;
	9500	:	443;
	9501	:	443;
	9502	:	433;
	9503	:	433;
	9504	:	333;
	9505	:	333;
	9506	:	333;
	9507	:	333;
	9508	:	443;
	9509	:	442;
	9510	:	442;
	9511	:	452;
	9512	:	452;
	9513	:	452;
	9514	:	452;
	9515	:	452;
	9516	:	452;
	9517	:	452;
	9518	:	452;
	9519	:	452;
	9520	:	452;
	9521	:	452;
	9522	:	452;
	9523	:	453;
	9524	:	443;
	9525	:	443;
	9526	:	443;
	9527	:	443;
	9528	:	443;
	9529	:	443;
	9530	:	443;
	9531	:	543;
	9532	:	543;
	9533	:	543;
	9534	:	543;
	9535	:	543;
	9536	:	553;
	9537	:	654;
	9538	:	665;
	9539	:	776;
	9540	:	777;
	9541	:	888;
	9542	:	888;
	9543	:	999;
	9544	:	99a;
	9545	:	aaa;
	9546	:	bab;
	9547	:	bbb;
	9548	:	aab;
	9549	:	bbb;
	9550	:	bbb;
	9551	:	bbb;
	9552	:	bbc;
	9553	:	cbc;
	9554	:	ccc;
	9555	:	ccd;
	9556	:	ccd;
	9557	:	ccd;
	9558	:	dcd;
	9559	:	ccd;
	9560	:	ccd;
	9561	:	dcd;
	9562	:	ccd;
	9563	:	dcd;
	9564	:	ccd;
	9565	:	dcd;
	9566	:	dcd;
	9567	:	dcd;
	9568	:	dcd;
	9569	:	dcd;
	9570	:	dcd;
	9571	:	dcd;
	9572	:	ccd;
	9573	:	dcd;
	9574	:	ccd;
	9575	:	ccd;
	9576	:	ccd;
	9577	:	dcd;
	9578	:	ccc;
	9579	:	ccd;
	9580	:	ccc;
	9581	:	ccc;
	9582	:	cbc;
	9583	:	cbc;
	9584	:	cbc;
	9585	:	bbc;
	9586	:	bbb;
	9587	:	bab;
	9588	:	baa;
	9589	:	aaa;
	9590	:	a9a;
	9591	:	999;
	9592	:	988;
	9593	:	988;
	9594	:	887;
	9595	:	877;
	9596	:	776;
	9597	:	765;
	9598	:	664;
	9599	:	654;
	9600	:	654;
	9601	:	654;
	9602	:	654;
	9603	:	654;
	9604	:	654;
	9605	:	654;
	9606	:	654;
	9607	:	654;
	9608	:	654;
	9609	:	654;
	9610	:	654;
	9611	:	664;
	9612	:	664;
	9613	:	654;
	9614	:	664;
	9615	:	654;
	9616	:	654;
	9617	:	654;
	9618	:	654;
	9619	:	664;
	9620	:	664;
	9621	:	654;
	9622	:	664;
	9623	:	654;
	9624	:	654;
	9625	:	654;
	9626	:	654;
	9627	:	654;
	9628	:	654;
	9629	:	654;
	9630	:	654;
	9631	:	654;
	9632	:	654;
	9633	:	654;
	9634	:	554;
	9635	:	654;
	9636	:	654;
	9637	:	554;
	9638	:	654;
	9639	:	654;
	9640	:	654;
	9641	:	654;
	9642	:	654;
	9643	:	654;
	9644	:	654;
	9645	:	654;
	9646	:	654;
	9647	:	654;
	9648	:	654;
	9649	:	654;
	9650	:	654;
	9651	:	654;
	9652	:	654;
	9653	:	654;
	9654	:	664;
	9655	:	664;
	9656	:	664;
	9657	:	654;
	9658	:	664;
	9659	:	654;
	9660	:	654;
	9661	:	654;
	9662	:	654;
	9663	:	654;
	9664	:	654;
	9665	:	654;
	9666	:	654;
	9667	:	654;
	9668	:	654;
	9669	:	654;
	9670	:	654;
	9671	:	654;
	9672	:	654;
	9673	:	654;
	9674	:	654;
	9675	:	654;
	9676	:	654;
	9677	:	654;
	9678	:	554;
	9679	:	554;
	9680	:	554;
	9681	:	554;
	9682	:	554;
	9683	:	554;
	9684	:	554;
	9685	:	554;
	9686	:	554;
	9687	:	554;
	9688	:	554;
	9689	:	554;
	9690	:	554;
	9691	:	655;
	9692	:	666;
	9693	:	776;
	9694	:	777;
	9695	:	777;
	9696	:	888;
	9697	:	888;
	9698	:	989;
	9699	:	999;
	9700	:	99a;
	9701	:	99a;
	9702	:	a9a;
	9703	:	99a;
	9704	:	99a;
	9705	:	a9a;
	9706	:	99a;
	9707	:	999;
	9708	:	999;
	9709	:	999;
	9710	:	999;
	9711	:	989;
	9712	:	889;
	9713	:	888;
	9714	:	888;
	9715	:	888;
	9716	:	888;
	9717	:	999;
	9718	:	999;
	9719	:	a9a;
	9720	:	aaa;
	9721	:	aab;
	9722	:	aab;
	9723	:	bbb;
	9724	:	cbc;
	9725	:	cbc;
	9726	:	cbc;
	9727	:	ccd;
	9728	:	564;
	9729	:	563;
	9730	:	563;
	9731	:	563;
	9732	:	563;
	9733	:	573;
	9734	:	572;
	9735	:	572;
	9736	:	572;
	9737	:	572;
	9738	:	462;
	9739	:	572;
	9740	:	562;
	9741	:	562;
	9742	:	562;
	9743	:	562;
	9744	:	562;
	9745	:	562;
	9746	:	562;
	9747	:	572;
	9748	:	462;
	9749	:	462;
	9750	:	462;
	9751	:	462;
	9752	:	452;
	9753	:	453;
	9754	:	443;
	9755	:	443;
	9756	:	443;
	9757	:	443;
	9758	:	433;
	9759	:	433;
	9760	:	333;
	9761	:	333;
	9762	:	333;
	9763	:	333;
	9764	:	443;
	9765	:	442;
	9766	:	442;
	9767	:	452;
	9768	:	452;
	9769	:	452;
	9770	:	452;
	9771	:	452;
	9772	:	452;
	9773	:	452;
	9774	:	452;
	9775	:	452;
	9776	:	452;
	9777	:	452;
	9778	:	452;
	9779	:	453;
	9780	:	443;
	9781	:	443;
	9782	:	443;
	9783	:	443;
	9784	:	443;
	9785	:	443;
	9786	:	443;
	9787	:	543;
	9788	:	543;
	9789	:	543;
	9790	:	543;
	9791	:	543;
	9792	:	553;
	9793	:	654;
	9794	:	665;
	9795	:	776;
	9796	:	777;
	9797	:	888;
	9798	:	888;
	9799	:	999;
	9800	:	99a;
	9801	:	aaa;
	9802	:	bab;
	9803	:	bbb;
	9804	:	aab;
	9805	:	bbb;
	9806	:	bbb;
	9807	:	bbb;
	9808	:	bbc;
	9809	:	cbc;
	9810	:	ccc;
	9811	:	ccd;
	9812	:	ccd;
	9813	:	ccd;
	9814	:	dcd;
	9815	:	ccd;
	9816	:	ccd;
	9817	:	dcd;
	9818	:	ccd;
	9819	:	dcd;
	9820	:	ccd;
	9821	:	dcd;
	9822	:	dcd;
	9823	:	dcd;
	9824	:	dcd;
	9825	:	dcd;
	9826	:	dcd;
	9827	:	dcd;
	9828	:	ccd;
	9829	:	dcd;
	9830	:	ccd;
	9831	:	ccd;
	9832	:	ccd;
	9833	:	dcd;
	9834	:	ccc;
	9835	:	ccd;
	9836	:	ccc;
	9837	:	ccc;
	9838	:	cbc;
	9839	:	cbc;
	9840	:	cbc;
	9841	:	bbc;
	9842	:	bbb;
	9843	:	bab;
	9844	:	baa;
	9845	:	aaa;
	9846	:	a9a;
	9847	:	999;
	9848	:	988;
	9849	:	988;
	9850	:	887;
	9851	:	877;
	9852	:	776;
	9853	:	765;
	9854	:	664;
	9855	:	654;
	9856	:	654;
	9857	:	654;
	9858	:	654;
	9859	:	654;
	9860	:	654;
	9861	:	654;
	9862	:	654;
	9863	:	654;
	9864	:	654;
	9865	:	654;
	9866	:	654;
	9867	:	664;
	9868	:	664;
	9869	:	654;
	9870	:	664;
	9871	:	654;
	9872	:	654;
	9873	:	654;
	9874	:	654;
	9875	:	664;
	9876	:	664;
	9877	:	654;
	9878	:	664;
	9879	:	654;
	9880	:	654;
	9881	:	654;
	9882	:	654;
	9883	:	654;
	9884	:	654;
	9885	:	654;
	9886	:	654;
	9887	:	654;
	9888	:	654;
	9889	:	654;
	9890	:	554;
	9891	:	654;
	9892	:	654;
	9893	:	554;
	9894	:	654;
	9895	:	654;
	9896	:	654;
	9897	:	654;
	9898	:	654;
	9899	:	654;
	9900	:	654;
	9901	:	654;
	9902	:	654;
	9903	:	654;
	9904	:	654;
	9905	:	654;
	9906	:	654;
	9907	:	654;
	9908	:	654;
	9909	:	654;
	9910	:	664;
	9911	:	664;
	9912	:	664;
	9913	:	654;
	9914	:	664;
	9915	:	654;
	9916	:	654;
	9917	:	654;
	9918	:	654;
	9919	:	654;
	9920	:	654;
	9921	:	654;
	9922	:	654;
	9923	:	654;
	9924	:	654;
	9925	:	654;
	9926	:	654;
	9927	:	654;
	9928	:	654;
	9929	:	654;
	9930	:	654;
	9931	:	654;
	9932	:	654;
	9933	:	654;
	9934	:	554;
	9935	:	554;
	9936	:	554;
	9937	:	554;
	9938	:	554;
	9939	:	554;
	9940	:	554;
	9941	:	554;
	9942	:	554;
	9943	:	554;
	9944	:	554;
	9945	:	554;
	9946	:	554;
	9947	:	655;
	9948	:	666;
	9949	:	776;
	9950	:	777;
	9951	:	777;
	9952	:	888;
	9953	:	888;
	9954	:	989;
	9955	:	999;
	9956	:	99a;
	9957	:	99a;
	9958	:	a9a;
	9959	:	99a;
	9960	:	99a;
	9961	:	a9a;
	9962	:	99a;
	9963	:	999;
	9964	:	999;
	9965	:	999;
	9966	:	999;
	9967	:	989;
	9968	:	889;
	9969	:	888;
	9970	:	888;
	9971	:	888;
	9972	:	888;
	9973	:	999;
	9974	:	999;
	9975	:	a9a;
	9976	:	aaa;
	9977	:	aab;
	9978	:	aab;
	9979	:	bbb;
	9980	:	cbc;
	9981	:	cbc;
	9982	:	cbc;
	9983	:	ccd;
	9984	:	563;
	9985	:	564;
	9986	:	563;
	9987	:	563;
	9988	:	573;
	9989	:	572;
	9990	:	572;
	9991	:	572;
	9992	:	572;
	9993	:	572;
	9994	:	572;
	9995	:	562;
	9996	:	562;
	9997	:	562;
	9998	:	572;
	9999	:	572;
	10000	:	572;
	10001	:	572;
	10002	:	572;
	10003	:	572;
	10004	:	472;
	10005	:	462;
	10006	:	462;
	10007	:	462;
	10008	:	452;
	10009	:	453;
	10010	:	443;
	10011	:	443;
	10012	:	433;
	10013	:	433;
	10014	:	433;
	10015	:	433;
	10016	:	333;
	10017	:	433;
	10018	:	333;
	10019	:	343;
	10020	:	443;
	10021	:	452;
	10022	:	452;
	10023	:	452;
	10024	:	452;
	10025	:	452;
	10026	:	462;
	10027	:	462;
	10028	:	452;
	10029	:	452;
	10030	:	452;
	10031	:	452;
	10032	:	452;
	10033	:	452;
	10034	:	452;
	10035	:	442;
	10036	:	443;
	10037	:	443;
	10038	:	443;
	10039	:	543;
	10040	:	443;
	10041	:	543;
	10042	:	543;
	10043	:	543;
	10044	:	543;
	10045	:	553;
	10046	:	553;
	10047	:	553;
	10048	:	654;
	10049	:	664;
	10050	:	775;
	10051	:	776;
	10052	:	786;
	10053	:	887;
	10054	:	998;
	10055	:	999;
	10056	:	aaa;
	10057	:	aaa;
	10058	:	bbb;
	10059	:	bbb;
	10060	:	bbb;
	10061	:	bbb;
	10062	:	bbb;
	10063	:	bbb;
	10064	:	cbc;
	10065	:	bbc;
	10066	:	ccc;
	10067	:	ccd;
	10068	:	dcd;
	10069	:	dcd;
	10070	:	dcd;
	10071	:	dcd;
	10072	:	dcd;
	10073	:	dcd;
	10074	:	dcd;
	10075	:	dcd;
	10076	:	dcd;
	10077	:	dcd;
	10078	:	dcd;
	10079	:	dcd;
	10080	:	dcd;
	10081	:	dcd;
	10082	:	ccd;
	10083	:	dcd;
	10084	:	dcd;
	10085	:	dcd;
	10086	:	dcd;
	10087	:	dcd;
	10088	:	dcd;
	10089	:	dcd;
	10090	:	dcd;
	10091	:	dcd;
	10092	:	dcd;
	10093	:	dcd;
	10094	:	ccd;
	10095	:	cbc;
	10096	:	cbc;
	10097	:	cbc;
	10098	:	bbc;
	10099	:	bbb;
	10100	:	bbb;
	10101	:	aaa;
	10102	:	aaa;
	10103	:	a99;
	10104	:	999;
	10105	:	988;
	10106	:	887;
	10107	:	877;
	10108	:	776;
	10109	:	765;
	10110	:	664;
	10111	:	654;
	10112	:	654;
	10113	:	654;
	10114	:	654;
	10115	:	654;
	10116	:	654;
	10117	:	654;
	10118	:	654;
	10119	:	654;
	10120	:	654;
	10121	:	654;
	10122	:	654;
	10123	:	654;
	10124	:	654;
	10125	:	654;
	10126	:	654;
	10127	:	664;
	10128	:	664;
	10129	:	664;
	10130	:	664;
	10131	:	664;
	10132	:	664;
	10133	:	654;
	10134	:	664;
	10135	:	664;
	10136	:	664;
	10137	:	654;
	10138	:	654;
	10139	:	654;
	10140	:	654;
	10141	:	654;
	10142	:	554;
	10143	:	654;
	10144	:	654;
	10145	:	553;
	10146	:	654;
	10147	:	554;
	10148	:	554;
	10149	:	654;
	10150	:	654;
	10151	:	654;
	10152	:	654;
	10153	:	654;
	10154	:	654;
	10155	:	654;
	10156	:	654;
	10157	:	654;
	10158	:	654;
	10159	:	654;
	10160	:	654;
	10161	:	654;
	10162	:	654;
	10163	:	654;
	10164	:	654;
	10165	:	654;
	10166	:	654;
	10167	:	664;
	10168	:	664;
	10169	:	654;
	10170	:	664;
	10171	:	664;
	10172	:	664;
	10173	:	654;
	10174	:	654;
	10175	:	664;
	10176	:	654;
	10177	:	654;
	10178	:	654;
	10179	:	664;
	10180	:	654;
	10181	:	654;
	10182	:	654;
	10183	:	654;
	10184	:	654;
	10185	:	654;
	10186	:	654;
	10187	:	654;
	10188	:	654;
	10189	:	654;
	10190	:	554;
	10191	:	554;
	10192	:	654;
	10193	:	554;
	10194	:	554;
	10195	:	554;
	10196	:	654;
	10197	:	554;
	10198	:	654;
	10199	:	654;
	10200	:	554;
	10201	:	554;
	10202	:	554;
	10203	:	554;
	10204	:	665;
	10205	:	666;
	10206	:	776;
	10207	:	777;
	10208	:	888;
	10209	:	888;
	10210	:	888;
	10211	:	889;
	10212	:	999;
	10213	:	999;
	10214	:	99a;
	10215	:	99a;
	10216	:	99a;
	10217	:	99a;
	10218	:	99a;
	10219	:	99a;
	10220	:	999;
	10221	:	999;
	10222	:	888;
	10223	:	888;
	10224	:	889;
	10225	:	888;
	10226	:	888;
	10227	:	888;
	10228	:	888;
	10229	:	999;
	10230	:	999;
	10231	:	999;
	10232	:	aaa;
	10233	:	aaa;
	10234	:	bab;
	10235	:	bbb;
	10236	:	bbc;
	10237	:	bbc;
	10238	:	cbc;
	10239	:	ccd;
	10240	:	563;
	10241	:	563;
	10242	:	563;
	10243	:	563;
	10244	:	573;
	10245	:	572;
	10246	:	572;
	10247	:	572;
	10248	:	572;
	10249	:	572;
	10250	:	472;
	10251	:	572;
	10252	:	572;
	10253	:	572;
	10254	:	572;
	10255	:	572;
	10256	:	572;
	10257	:	572;
	10258	:	572;
	10259	:	572;
	10260	:	572;
	10261	:	462;
	10262	:	462;
	10263	:	452;
	10264	:	452;
	10265	:	453;
	10266	:	443;
	10267	:	443;
	10268	:	443;
	10269	:	433;
	10270	:	433;
	10271	:	443;
	10272	:	433;
	10273	:	333;
	10274	:	443;
	10275	:	443;
	10276	:	443;
	10277	:	452;
	10278	:	452;
	10279	:	452;
	10280	:	452;
	10281	:	462;
	10282	:	462;
	10283	:	462;
	10284	:	462;
	10285	:	462;
	10286	:	452;
	10287	:	452;
	10288	:	452;
	10289	:	452;
	10290	:	452;
	10291	:	442;
	10292	:	443;
	10293	:	443;
	10294	:	443;
	10295	:	543;
	10296	:	543;
	10297	:	543;
	10298	:	543;
	10299	:	543;
	10300	:	553;
	10301	:	553;
	10302	:	553;
	10303	:	553;
	10304	:	664;
	10305	:	665;
	10306	:	675;
	10307	:	776;
	10308	:	776;
	10309	:	887;
	10310	:	998;
	10311	:	999;
	10312	:	aaa;
	10313	:	aaa;
	10314	:	bbb;
	10315	:	bbb;
	10316	:	bbb;
	10317	:	bbb;
	10318	:	bbb;
	10319	:	bbb;
	10320	:	cbb;
	10321	:	cbc;
	10322	:	ccc;
	10323	:	ccd;
	10324	:	dcd;
	10325	:	dcd;
	10326	:	dcd;
	10327	:	dcd;
	10328	:	dcd;
	10329	:	dcd;
	10330	:	dcd;
	10331	:	dcd;
	10332	:	ddd;
	10333	:	dcd;
	10334	:	dcd;
	10335	:	dcd;
	10336	:	dcd;
	10337	:	dcd;
	10338	:	dcd;
	10339	:	dcd;
	10340	:	dcd;
	10341	:	dcd;
	10342	:	dcd;
	10343	:	dcd;
	10344	:	dcd;
	10345	:	dcd;
	10346	:	ccd;
	10347	:	dcd;
	10348	:	dcd;
	10349	:	ccd;
	10350	:	cbc;
	10351	:	dcd;
	10352	:	ccc;
	10353	:	cbc;
	10354	:	cbc;
	10355	:	bbb;
	10356	:	bab;
	10357	:	baa;
	10358	:	aaa;
	10359	:	a99;
	10360	:	998;
	10361	:	988;
	10362	:	887;
	10363	:	887;
	10364	:	776;
	10365	:	765;
	10366	:	664;
	10367	:	654;
	10368	:	654;
	10369	:	654;
	10370	:	654;
	10371	:	654;
	10372	:	654;
	10373	:	654;
	10374	:	664;
	10375	:	654;
	10376	:	654;
	10377	:	664;
	10378	:	654;
	10379	:	664;
	10380	:	664;
	10381	:	654;
	10382	:	664;
	10383	:	664;
	10384	:	664;
	10385	:	664;
	10386	:	664;
	10387	:	664;
	10388	:	664;
	10389	:	664;
	10390	:	664;
	10391	:	664;
	10392	:	654;
	10393	:	654;
	10394	:	654;
	10395	:	654;
	10396	:	654;
	10397	:	654;
	10398	:	654;
	10399	:	654;
	10400	:	654;
	10401	:	654;
	10402	:	554;
	10403	:	654;
	10404	:	554;
	10405	:	554;
	10406	:	654;
	10407	:	654;
	10408	:	654;
	10409	:	654;
	10410	:	654;
	10411	:	654;
	10412	:	654;
	10413	:	654;
	10414	:	654;
	10415	:	654;
	10416	:	654;
	10417	:	654;
	10418	:	654;
	10419	:	654;
	10420	:	654;
	10421	:	654;
	10422	:	654;
	10423	:	664;
	10424	:	654;
	10425	:	654;
	10426	:	664;
	10427	:	664;
	10428	:	654;
	10429	:	654;
	10430	:	664;
	10431	:	654;
	10432	:	664;
	10433	:	664;
	10434	:	654;
	10435	:	654;
	10436	:	664;
	10437	:	654;
	10438	:	654;
	10439	:	654;
	10440	:	654;
	10441	:	654;
	10442	:	654;
	10443	:	654;
	10444	:	654;
	10445	:	654;
	10446	:	554;
	10447	:	654;
	10448	:	554;
	10449	:	554;
	10450	:	654;
	10451	:	554;
	10452	:	554;
	10453	:	654;
	10454	:	654;
	10455	:	554;
	10456	:	554;
	10457	:	554;
	10458	:	554;
	10459	:	554;
	10460	:	665;
	10461	:	666;
	10462	:	776;
	10463	:	777;
	10464	:	777;
	10465	:	888;
	10466	:	888;
	10467	:	888;
	10468	:	999;
	10469	:	999;
	10470	:	999;
	10471	:	999;
	10472	:	99a;
	10473	:	a9a;
	10474	:	99a;
	10475	:	99a;
	10476	:	999;
	10477	:	999;
	10478	:	889;
	10479	:	888;
	10480	:	888;
	10481	:	888;
	10482	:	888;
	10483	:	888;
	10484	:	988;
	10485	:	999;
	10486	:	999;
	10487	:	99a;
	10488	:	aaa;
	10489	:	aaa;
	10490	:	aab;
	10491	:	bbb;
	10492	:	bbc;
	10493	:	bbc;
	10494	:	bbc;
	10495	:	cbd;
	10496	:	563;
	10497	:	563;
	10498	:	563;
	10499	:	573;
	10500	:	573;
	10501	:	572;
	10502	:	572;
	10503	:	572;
	10504	:	572;
	10505	:	572;
	10506	:	572;
	10507	:	472;
	10508	:	572;
	10509	:	572;
	10510	:	572;
	10511	:	572;
	10512	:	572;
	10513	:	572;
	10514	:	572;
	10515	:	572;
	10516	:	472;
	10517	:	472;
	10518	:	462;
	10519	:	452;
	10520	:	452;
	10521	:	452;
	10522	:	443;
	10523	:	443;
	10524	:	443;
	10525	:	443;
	10526	:	443;
	10527	:	433;
	10528	:	433;
	10529	:	443;
	10530	:	342;
	10531	:	443;
	10532	:	442;
	10533	:	452;
	10534	:	452;
	10535	:	452;
	10536	:	462;
	10537	:	462;
	10538	:	462;
	10539	:	462;
	10540	:	462;
	10541	:	462;
	10542	:	452;
	10543	:	462;
	10544	:	452;
	10545	:	452;
	10546	:	452;
	10547	:	443;
	10548	:	443;
	10549	:	543;
	10550	:	543;
	10551	:	543;
	10552	:	543;
	10553	:	553;
	10554	:	554;
	10555	:	553;
	10556	:	554;
	10557	:	553;
	10558	:	553;
	10559	:	553;
	10560	:	664;
	10561	:	664;
	10562	:	664;
	10563	:	675;
	10564	:	776;
	10565	:	898;
	10566	:	999;
	10567	:	aaa;
	10568	:	aaa;
	10569	:	aaa;
	10570	:	bbb;
	10571	:	bbb;
	10572	:	bbc;
	10573	:	bbb;
	10574	:	bbb;
	10575	:	cbc;
	10576	:	ccc;
	10577	:	cbc;
	10578	:	dcc;
	10579	:	ccd;
	10580	:	dcd;
	10581	:	dcd;
	10582	:	dcd;
	10583	:	dcd;
	10584	:	dcd;
	10585	:	dcd;
	10586	:	ddd;
	10587	:	dcd;
	10588	:	dcd;
	10589	:	ddd;
	10590	:	dcd;
	10591	:	dcd;
	10592	:	dcd;
	10593	:	dcd;
	10594	:	dcd;
	10595	:	dcd;
	10596	:	dcd;
	10597	:	dcd;
	10598	:	dcd;
	10599	:	dcd;
	10600	:	dcd;
	10601	:	dcd;
	10602	:	dcd;
	10603	:	dcd;
	10604	:	dcd;
	10605	:	dcd;
	10606	:	dcd;
	10607	:	dde;
	10608	:	ccd;
	10609	:	ccd;
	10610	:	cbc;
	10611	:	cbc;
	10612	:	bab;
	10613	:	baa;
	10614	:	aaa;
	10615	:	999;
	10616	:	998;
	10617	:	988;
	10618	:	887;
	10619	:	877;
	10620	:	776;
	10621	:	765;
	10622	:	664;
	10623	:	654;
	10624	:	654;
	10625	:	654;
	10626	:	654;
	10627	:	654;
	10628	:	654;
	10629	:	664;
	10630	:	664;
	10631	:	654;
	10632	:	654;
	10633	:	664;
	10634	:	664;
	10635	:	664;
	10636	:	654;
	10637	:	664;
	10638	:	664;
	10639	:	664;
	10640	:	664;
	10641	:	664;
	10642	:	664;
	10643	:	664;
	10644	:	664;
	10645	:	664;
	10646	:	664;
	10647	:	664;
	10648	:	654;
	10649	:	664;
	10650	:	654;
	10651	:	654;
	10652	:	654;
	10653	:	654;
	10654	:	654;
	10655	:	654;
	10656	:	654;
	10657	:	654;
	10658	:	554;
	10659	:	554;
	10660	:	554;
	10661	:	654;
	10662	:	654;
	10663	:	654;
	10664	:	654;
	10665	:	654;
	10666	:	654;
	10667	:	654;
	10668	:	654;
	10669	:	654;
	10670	:	654;
	10671	:	654;
	10672	:	654;
	10673	:	654;
	10674	:	654;
	10675	:	654;
	10676	:	654;
	10677	:	664;
	10678	:	664;
	10679	:	664;
	10680	:	664;
	10681	:	664;
	10682	:	664;
	10683	:	654;
	10684	:	664;
	10685	:	664;
	10686	:	664;
	10687	:	664;
	10688	:	654;
	10689	:	654;
	10690	:	664;
	10691	:	654;
	10692	:	654;
	10693	:	654;
	10694	:	654;
	10695	:	654;
	10696	:	654;
	10697	:	654;
	10698	:	654;
	10699	:	654;
	10700	:	654;
	10701	:	654;
	10702	:	554;
	10703	:	554;
	10704	:	554;
	10705	:	554;
	10706	:	654;
	10707	:	654;
	10708	:	654;
	10709	:	654;
	10710	:	654;
	10711	:	654;
	10712	:	554;
	10713	:	554;
	10714	:	554;
	10715	:	554;
	10716	:	665;
	10717	:	666;
	10718	:	666;
	10719	:	777;
	10720	:	787;
	10721	:	888;
	10722	:	888;
	10723	:	888;
	10724	:	989;
	10725	:	999;
	10726	:	999;
	10727	:	999;
	10728	:	999;
	10729	:	99a;
	10730	:	99a;
	10731	:	999;
	10732	:	999;
	10733	:	889;
	10734	:	889;
	10735	:	888;
	10736	:	888;
	10737	:	888;
	10738	:	888;
	10739	:	888;
	10740	:	888;
	10741	:	888;
	10742	:	999;
	10743	:	99a;
	10744	:	aaa;
	10745	:	aaa;
	10746	:	aab;
	10747	:	bab;
	10748	:	bbc;
	10749	:	bbc;
	10750	:	bbc;
	10751	:	bbc;
	10752	:	563;
	10753	:	563;
	10754	:	563;
	10755	:	573;
	10756	:	573;
	10757	:	572;
	10758	:	572;
	10759	:	572;
	10760	:	572;
	10761	:	572;
	10762	:	572;
	10763	:	472;
	10764	:	572;
	10765	:	572;
	10766	:	572;
	10767	:	572;
	10768	:	572;
	10769	:	572;
	10770	:	572;
	10771	:	572;
	10772	:	472;
	10773	:	472;
	10774	:	462;
	10775	:	462;
	10776	:	452;
	10777	:	442;
	10778	:	443;
	10779	:	443;
	10780	:	443;
	10781	:	443;
	10782	:	433;
	10783	:	433;
	10784	:	333;
	10785	:	443;
	10786	:	443;
	10787	:	442;
	10788	:	452;
	10789	:	452;
	10790	:	462;
	10791	:	462;
	10792	:	462;
	10793	:	462;
	10794	:	462;
	10795	:	462;
	10796	:	462;
	10797	:	462;
	10798	:	462;
	10799	:	462;
	10800	:	452;
	10801	:	452;
	10802	:	453;
	10803	:	443;
	10804	:	543;
	10805	:	543;
	10806	:	543;
	10807	:	543;
	10808	:	553;
	10809	:	543;
	10810	:	553;
	10811	:	654;
	10812	:	654;
	10813	:	553;
	10814	:	553;
	10815	:	553;
	10816	:	664;
	10817	:	664;
	10818	:	664;
	10819	:	675;
	10820	:	786;
	10821	:	998;
	10822	:	9a9;
	10823	:	aa9;
	10824	:	aaa;
	10825	:	bba;
	10826	:	bbb;
	10827	:	bbb;
	10828	:	bbb;
	10829	:	bbb;
	10830	:	ccc;
	10831	:	ccc;
	10832	:	ccc;
	10833	:	ccc;
	10834	:	ccc;
	10835	:	dcc;
	10836	:	dcd;
	10837	:	dcd;
	10838	:	dcd;
	10839	:	dcd;
	10840	:	ddd;
	10841	:	ddd;
	10842	:	dcd;
	10843	:	dde;
	10844	:	dcd;
	10845	:	dcd;
	10846	:	dcd;
	10847	:	dde;
	10848	:	dcd;
	10849	:	dcd;
	10850	:	dcd;
	10851	:	dcd;
	10852	:	dcd;
	10853	:	dcd;
	10854	:	dcd;
	10855	:	dcd;
	10856	:	dcd;
	10857	:	dcd;
	10858	:	dcd;
	10859	:	dcd;
	10860	:	dcd;
	10861	:	dcd;
	10862	:	dcd;
	10863	:	dcd;
	10864	:	ccd;
	10865	:	ccc;
	10866	:	ccc;
	10867	:	bbc;
	10868	:	bbb;
	10869	:	baa;
	10870	:	aaa;
	10871	:	a99;
	10872	:	988;
	10873	:	988;
	10874	:	887;
	10875	:	876;
	10876	:	775;
	10877	:	765;
	10878	:	664;
	10879	:	654;
	10880	:	654;
	10881	:	654;
	10882	:	654;
	10883	:	654;
	10884	:	654;
	10885	:	654;
	10886	:	664;
	10887	:	664;
	10888	:	664;
	10889	:	664;
	10890	:	664;
	10891	:	664;
	10892	:	664;
	10893	:	664;
	10894	:	664;
	10895	:	664;
	10896	:	664;
	10897	:	664;
	10898	:	664;
	10899	:	664;
	10900	:	664;
	10901	:	664;
	10902	:	664;
	10903	:	664;
	10904	:	664;
	10905	:	654;
	10906	:	664;
	10907	:	654;
	10908	:	654;
	10909	:	654;
	10910	:	654;
	10911	:	654;
	10912	:	554;
	10913	:	554;
	10914	:	654;
	10915	:	654;
	10916	:	554;
	10917	:	654;
	10918	:	654;
	10919	:	654;
	10920	:	654;
	10921	:	554;
	10922	:	654;
	10923	:	654;
	10924	:	654;
	10925	:	654;
	10926	:	654;
	10927	:	654;
	10928	:	654;
	10929	:	654;
	10930	:	654;
	10931	:	654;
	10932	:	654;
	10933	:	654;
	10934	:	664;
	10935	:	664;
	10936	:	654;
	10937	:	664;
	10938	:	664;
	10939	:	664;
	10940	:	654;
	10941	:	664;
	10942	:	654;
	10943	:	654;
	10944	:	664;
	10945	:	664;
	10946	:	654;
	10947	:	654;
	10948	:	664;
	10949	:	664;
	10950	:	654;
	10951	:	654;
	10952	:	654;
	10953	:	654;
	10954	:	654;
	10955	:	654;
	10956	:	654;
	10957	:	654;
	10958	:	554;
	10959	:	554;
	10960	:	554;
	10961	:	554;
	10962	:	554;
	10963	:	654;
	10964	:	654;
	10965	:	654;
	10966	:	654;
	10967	:	654;
	10968	:	654;
	10969	:	554;
	10970	:	554;
	10971	:	554;
	10972	:	665;
	10973	:	665;
	10974	:	776;
	10975	:	776;
	10976	:	777;
	10977	:	888;
	10978	:	888;
	10979	:	888;
	10980	:	888;
	10981	:	999;
	10982	:	999;
	10983	:	999;
	10984	:	999;
	10985	:	99a;
	10986	:	999;
	10987	:	99a;
	10988	:	999;
	10989	:	999;
	10990	:	889;
	10991	:	888;
	10992	:	888;
	10993	:	888;
	10994	:	888;
	10995	:	888;
	10996	:	888;
	10997	:	888;
	10998	:	999;
	10999	:	999;
	11000	:	99a;
	11001	:	aaa;
	11002	:	aab;
	11003	:	aab;
	11004	:	bbc;
	11005	:	bbc;
	11006	:	bbc;
	11007	:	bbc;
	11008	:	563;
	11009	:	563;
	11010	:	563;
	11011	:	573;
	11012	:	572;
	11013	:	572;
	11014	:	572;
	11015	:	572;
	11016	:	572;
	11017	:	471;
	11018	:	572;
	11019	:	572;
	11020	:	572;
	11021	:	572;
	11022	:	572;
	11023	:	572;
	11024	:	572;
	11025	:	572;
	11026	:	572;
	11027	:	572;
	11028	:	472;
	11029	:	462;
	11030	:	462;
	11031	:	452;
	11032	:	452;
	11033	:	453;
	11034	:	443;
	11035	:	443;
	11036	:	433;
	11037	:	443;
	11038	:	333;
	11039	:	433;
	11040	:	443;
	11041	:	443;
	11042	:	442;
	11043	:	453;
	11044	:	452;
	11045	:	462;
	11046	:	462;
	11047	:	462;
	11048	:	462;
	11049	:	462;
	11050	:	462;
	11051	:	462;
	11052	:	462;
	11053	:	462;
	11054	:	462;
	11055	:	462;
	11056	:	452;
	11057	:	452;
	11058	:	453;
	11059	:	553;
	11060	:	543;
	11061	:	543;
	11062	:	553;
	11063	:	554;
	11064	:	553;
	11065	:	553;
	11066	:	654;
	11067	:	553;
	11068	:	553;
	11069	:	553;
	11070	:	663;
	11071	:	563;
	11072	:	663;
	11073	:	563;
	11074	:	674;
	11075	:	785;
	11076	:	886;
	11077	:	998;
	11078	:	9a9;
	11079	:	aaa;
	11080	:	aaa;
	11081	:	aaa;
	11082	:	bbb;
	11083	:	bbb;
	11084	:	bbb;
	11085	:	cbc;
	11086	:	ccc;
	11087	:	ccc;
	11088	:	ccc;
	11089	:	dcc;
	11090	:	ccc;
	11091	:	dcc;
	11092	:	dcd;
	11093	:	dcd;
	11094	:	dcd;
	11095	:	dcd;
	11096	:	dcd;
	11097	:	ddd;
	11098	:	dcd;
	11099	:	dcd;
	11100	:	ddd;
	11101	:	ddd;
	11102	:	ddd;
	11103	:	dcd;
	11104	:	ddd;
	11105	:	dcd;
	11106	:	dcd;
	11107	:	dcd;
	11108	:	dcd;
	11109	:	dcd;
	11110	:	dcd;
	11111	:	dce;
	11112	:	dcd;
	11113	:	dcd;
	11114	:	dcd;
	11115	:	dcd;
	11116	:	dcd;
	11117	:	dcd;
	11118	:	dcd;
	11119	:	dcd;
	11120	:	dcd;
	11121	:	ccd;
	11122	:	ccc;
	11123	:	cbc;
	11124	:	bbb;
	11125	:	baa;
	11126	:	aaa;
	11127	:	999;
	11128	:	988;
	11129	:	987;
	11130	:	887;
	11131	:	876;
	11132	:	775;
	11133	:	765;
	11134	:	764;
	11135	:	654;
	11136	:	654;
	11137	:	654;
	11138	:	654;
	11139	:	664;
	11140	:	654;
	11141	:	664;
	11142	:	664;
	11143	:	664;
	11144	:	664;
	11145	:	664;
	11146	:	654;
	11147	:	664;
	11148	:	664;
	11149	:	664;
	11150	:	664;
	11151	:	664;
	11152	:	664;
	11153	:	664;
	11154	:	664;
	11155	:	664;
	11156	:	664;
	11157	:	664;
	11158	:	664;
	11159	:	664;
	11160	:	654;
	11161	:	664;
	11162	:	654;
	11163	:	664;
	11164	:	654;
	11165	:	654;
	11166	:	654;
	11167	:	654;
	11168	:	654;
	11169	:	654;
	11170	:	654;
	11171	:	654;
	11172	:	654;
	11173	:	654;
	11174	:	654;
	11175	:	654;
	11176	:	654;
	11177	:	654;
	11178	:	654;
	11179	:	654;
	11180	:	654;
	11181	:	654;
	11182	:	654;
	11183	:	654;
	11184	:	654;
	11185	:	654;
	11186	:	654;
	11187	:	664;
	11188	:	654;
	11189	:	664;
	11190	:	664;
	11191	:	664;
	11192	:	664;
	11193	:	664;
	11194	:	664;
	11195	:	664;
	11196	:	664;
	11197	:	664;
	11198	:	654;
	11199	:	654;
	11200	:	664;
	11201	:	664;
	11202	:	664;
	11203	:	654;
	11204	:	654;
	11205	:	664;
	11206	:	654;
	11207	:	654;
	11208	:	654;
	11209	:	654;
	11210	:	654;
	11211	:	654;
	11212	:	654;
	11213	:	654;
	11214	:	554;
	11215	:	554;
	11216	:	554;
	11217	:	554;
	11218	:	554;
	11219	:	654;
	11220	:	654;
	11221	:	665;
	11222	:	654;
	11223	:	654;
	11224	:	654;
	11225	:	654;
	11226	:	554;
	11227	:	554;
	11228	:	655;
	11229	:	665;
	11230	:	666;
	11231	:	776;
	11232	:	777;
	11233	:	787;
	11234	:	888;
	11235	:	888;
	11236	:	888;
	11237	:	999;
	11238	:	989;
	11239	:	999;
	11240	:	999;
	11241	:	999;
	11242	:	999;
	11243	:	999;
	11244	:	999;
	11245	:	989;
	11246	:	889;
	11247	:	888;
	11248	:	888;
	11249	:	888;
	11250	:	888;
	11251	:	888;
	11252	:	888;
	11253	:	888;
	11254	:	999;
	11255	:	99a;
	11256	:	aaa;
	11257	:	aaa;
	11258	:	aaa;
	11259	:	bab;
	11260	:	aab;
	11261	:	bbc;
	11262	:	bbc;
	11263	:	bbc;
	11264	:	563;
	11265	:	563;
	11266	:	573;
	11267	:	573;
	11268	:	573;
	11269	:	572;
	11270	:	572;
	11271	:	572;
	11272	:	572;
	11273	:	572;
	11274	:	572;
	11275	:	572;
	11276	:	572;
	11277	:	572;
	11278	:	572;
	11279	:	572;
	11280	:	572;
	11281	:	572;
	11282	:	572;
	11283	:	471;
	11284	:	472;
	11285	:	462;
	11286	:	462;
	11287	:	452;
	11288	:	452;
	11289	:	453;
	11290	:	443;
	11291	:	443;
	11292	:	433;
	11293	:	433;
	11294	:	443;
	11295	:	433;
	11296	:	443;
	11297	:	443;
	11298	:	442;
	11299	:	452;
	11300	:	452;
	11301	:	462;
	11302	:	462;
	11303	:	462;
	11304	:	462;
	11305	:	461;
	11306	:	462;
	11307	:	462;
	11308	:	461;
	11309	:	462;
	11310	:	462;
	11311	:	462;
	11312	:	553;
	11313	:	453;
	11314	:	453;
	11315	:	543;
	11316	:	553;
	11317	:	543;
	11318	:	553;
	11319	:	553;
	11320	:	554;
	11321	:	553;
	11322	:	654;
	11323	:	654;
	11324	:	653;
	11325	:	553;
	11326	:	563;
	11327	:	563;
	11328	:	563;
	11329	:	563;
	11330	:	674;
	11331	:	786;
	11332	:	897;
	11333	:	998;
	11334	:	aa9;
	11335	:	aaa;
	11336	:	aba;
	11337	:	bba;
	11338	:	bbb;
	11339	:	bbb;
	11340	:	bbb;
	11341	:	bbb;
	11342	:	cbb;
	11343	:	ccc;
	11344	:	ccc;
	11345	:	ccc;
	11346	:	ddd;
	11347	:	dcd;
	11348	:	dcd;
	11349	:	ddd;
	11350	:	dcd;
	11351	:	dcd;
	11352	:	ddd;
	11353	:	dcd;
	11354	:	ddd;
	11355	:	edd;
	11356	:	ddd;
	11357	:	ddd;
	11358	:	ddd;
	11359	:	ddd;
	11360	:	ddd;
	11361	:	dcd;
	11362	:	dcd;
	11363	:	ddd;
	11364	:	dcd;
	11365	:	dcd;
	11366	:	dcd;
	11367	:	dcd;
	11368	:	ddd;
	11369	:	dcd;
	11370	:	dcd;
	11371	:	dce;
	11372	:	dcd;
	11373	:	ddd;
	11374	:	dcd;
	11375	:	dcd;
	11376	:	dcd;
	11377	:	ccd;
	11378	:	dcd;
	11379	:	cbc;
	11380	:	bbb;
	11381	:	baa;
	11382	:	aaa;
	11383	:	a99;
	11384	:	998;
	11385	:	987;
	11386	:	887;
	11387	:	876;
	11388	:	765;
	11389	:	765;
	11390	:	664;
	11391	:	664;
	11392	:	654;
	11393	:	654;
	11394	:	654;
	11395	:	654;
	11396	:	664;
	11397	:	664;
	11398	:	664;
	11399	:	664;
	11400	:	664;
	11401	:	664;
	11402	:	664;
	11403	:	664;
	11404	:	664;
	11405	:	664;
	11406	:	665;
	11407	:	664;
	11408	:	664;
	11409	:	664;
	11410	:	664;
	11411	:	664;
	11412	:	664;
	11413	:	664;
	11414	:	664;
	11415	:	654;
	11416	:	654;
	11417	:	654;
	11418	:	664;
	11419	:	654;
	11420	:	654;
	11421	:	654;
	11422	:	654;
	11423	:	654;
	11424	:	654;
	11425	:	654;
	11426	:	654;
	11427	:	654;
	11428	:	654;
	11429	:	654;
	11430	:	654;
	11431	:	654;
	11432	:	654;
	11433	:	654;
	11434	:	654;
	11435	:	654;
	11436	:	654;
	11437	:	654;
	11438	:	654;
	11439	:	654;
	11440	:	654;
	11441	:	664;
	11442	:	654;
	11443	:	654;
	11444	:	654;
	11445	:	664;
	11446	:	664;
	11447	:	664;
	11448	:	664;
	11449	:	664;
	11450	:	664;
	11451	:	664;
	11452	:	664;
	11453	:	654;
	11454	:	664;
	11455	:	664;
	11456	:	654;
	11457	:	664;
	11458	:	654;
	11459	:	654;
	11460	:	654;
	11461	:	654;
	11462	:	654;
	11463	:	654;
	11464	:	654;
	11465	:	654;
	11466	:	654;
	11467	:	654;
	11468	:	654;
	11469	:	654;
	11470	:	554;
	11471	:	554;
	11472	:	554;
	11473	:	554;
	11474	:	554;
	11475	:	665;
	11476	:	654;
	11477	:	665;
	11478	:	654;
	11479	:	654;
	11480	:	654;
	11481	:	654;
	11482	:	654;
	11483	:	654;
	11484	:	654;
	11485	:	665;
	11486	:	665;
	11487	:	776;
	11488	:	777;
	11489	:	777;
	11490	:	888;
	11491	:	888;
	11492	:	888;
	11493	:	889;
	11494	:	889;
	11495	:	999;
	11496	:	999;
	11497	:	999;
	11498	:	999;
	11499	:	999;
	11500	:	999;
	11501	:	999;
	11502	:	888;
	11503	:	888;
	11504	:	888;
	11505	:	888;
	11506	:	888;
	11507	:	787;
	11508	:	887;
	11509	:	888;
	11510	:	999;
	11511	:	999;
	11512	:	a9a;
	11513	:	aaa;
	11514	:	aaa;
	11515	:	aab;
	11516	:	bab;
	11517	:	bbb;
	11518	:	bbc;
	11519	:	bbc;
	11520	:	563;
	11521	:	563;
	11522	:	573;
	11523	:	573;
	11524	:	572;
	11525	:	572;
	11526	:	572;
	11527	:	572;
	11528	:	572;
	11529	:	572;
	11530	:	572;
	11531	:	572;
	11532	:	572;
	11533	:	572;
	11534	:	572;
	11535	:	572;
	11536	:	572;
	11537	:	572;
	11538	:	572;
	11539	:	572;
	11540	:	472;
	11541	:	472;
	11542	:	462;
	11543	:	452;
	11544	:	452;
	11545	:	443;
	11546	:	443;
	11547	:	443;
	11548	:	443;
	11549	:	433;
	11550	:	433;
	11551	:	433;
	11552	:	443;
	11553	:	443;
	11554	:	453;
	11555	:	452;
	11556	:	462;
	11557	:	462;
	11558	:	462;
	11559	:	462;
	11560	:	462;
	11561	:	472;
	11562	:	462;
	11563	:	462;
	11564	:	462;
	11565	:	462;
	11566	:	462;
	11567	:	452;
	11568	:	553;
	11569	:	553;
	11570	:	553;
	11571	:	543;
	11572	:	553;
	11573	:	553;
	11574	:	553;
	11575	:	554;
	11576	:	554;
	11577	:	654;
	11578	:	553;
	11579	:	654;
	11580	:	653;
	11581	:	663;
	11582	:	663;
	11583	:	563;
	11584	:	563;
	11585	:	674;
	11586	:	785;
	11587	:	897;
	11588	:	998;
	11589	:	aa9;
	11590	:	aaa;
	11591	:	aba;
	11592	:	bbb;
	11593	:	bbb;
	11594	:	bbb;
	11595	:	bbb;
	11596	:	cbb;
	11597	:	cbb;
	11598	:	ccc;
	11599	:	ccc;
	11600	:	ccc;
	11601	:	dcc;
	11602	:	dcd;
	11603	:	dcd;
	11604	:	ddd;
	11605	:	dcd;
	11606	:	ddd;
	11607	:	ddd;
	11608	:	edd;
	11609	:	ddd;
	11610	:	dcd;
	11611	:	ede;
	11612	:	ddd;
	11613	:	edd;
	11614	:	ede;
	11615	:	dcd;
	11616	:	dcd;
	11617	:	ddd;
	11618	:	dcd;
	11619	:	ddd;
	11620	:	dcd;
	11621	:	dcd;
	11622	:	dcd;
	11623	:	dcd;
	11624	:	dcd;
	11625	:	dcd;
	11626	:	dcd;
	11627	:	dcd;
	11628	:	dcd;
	11629	:	dcd;
	11630	:	dcd;
	11631	:	dcd;
	11632	:	dcd;
	11633	:	dcd;
	11634	:	cbc;
	11635	:	cbc;
	11636	:	bbb;
	11637	:	bbb;
	11638	:	a9a;
	11639	:	999;
	11640	:	988;
	11641	:	887;
	11642	:	877;
	11643	:	876;
	11644	:	765;
	11645	:	764;
	11646	:	664;
	11647	:	664;
	11648	:	654;
	11649	:	654;
	11650	:	654;
	11651	:	664;
	11652	:	664;
	11653	:	664;
	11654	:	664;
	11655	:	664;
	11656	:	664;
	11657	:	664;
	11658	:	665;
	11659	:	664;
	11660	:	664;
	11661	:	765;
	11662	:	664;
	11663	:	664;
	11664	:	664;
	11665	:	664;
	11666	:	664;
	11667	:	664;
	11668	:	664;
	11669	:	664;
	11670	:	664;
	11671	:	664;
	11672	:	654;
	11673	:	664;
	11674	:	654;
	11675	:	654;
	11676	:	654;
	11677	:	654;
	11678	:	654;
	11679	:	654;
	11680	:	654;
	11681	:	654;
	11682	:	654;
	11683	:	654;
	11684	:	654;
	11685	:	654;
	11686	:	654;
	11687	:	654;
	11688	:	654;
	11689	:	654;
	11690	:	654;
	11691	:	654;
	11692	:	654;
	11693	:	654;
	11694	:	654;
	11695	:	654;
	11696	:	654;
	11697	:	654;
	11698	:	654;
	11699	:	654;
	11700	:	664;
	11701	:	664;
	11702	:	664;
	11703	:	664;
	11704	:	664;
	11705	:	664;
	11706	:	664;
	11707	:	664;
	11708	:	664;
	11709	:	664;
	11710	:	654;
	11711	:	664;
	11712	:	664;
	11713	:	654;
	11714	:	654;
	11715	:	654;
	11716	:	654;
	11717	:	654;
	11718	:	654;
	11719	:	654;
	11720	:	654;
	11721	:	654;
	11722	:	654;
	11723	:	654;
	11724	:	654;
	11725	:	654;
	11726	:	654;
	11727	:	654;
	11728	:	554;
	11729	:	554;
	11730	:	554;
	11731	:	654;
	11732	:	654;
	11733	:	654;
	11734	:	654;
	11735	:	654;
	11736	:	654;
	11737	:	654;
	11738	:	654;
	11739	:	654;
	11740	:	654;
	11741	:	665;
	11742	:	665;
	11743	:	665;
	11744	:	776;
	11745	:	777;
	11746	:	777;
	11747	:	888;
	11748	:	888;
	11749	:	888;
	11750	:	888;
	11751	:	999;
	11752	:	999;
	11753	:	999;
	11754	:	999;
	11755	:	999;
	11756	:	989;
	11757	:	889;
	11758	:	999;
	11759	:	888;
	11760	:	888;
	11761	:	888;
	11762	:	887;
	11763	:	777;
	11764	:	777;
	11765	:	888;
	11766	:	888;
	11767	:	999;
	11768	:	999;
	11769	:	a9a;
	11770	:	aaa;
	11771	:	aab;
	11772	:	bab;
	11773	:	bbb;
	11774	:	bbc;
	11775	:	bbc;
	11776	:	563;
	11777	:	563;
	11778	:	573;
	11779	:	573;
	11780	:	572;
	11781	:	572;
	11782	:	572;
	11783	:	572;
	11784	:	572;
	11785	:	572;
	11786	:	572;
	11787	:	572;
	11788	:	572;
	11789	:	572;
	11790	:	572;
	11791	:	572;
	11792	:	572;
	11793	:	572;
	11794	:	572;
	11795	:	572;
	11796	:	472;
	11797	:	472;
	11798	:	462;
	11799	:	452;
	11800	:	452;
	11801	:	443;
	11802	:	443;
	11803	:	443;
	11804	:	443;
	11805	:	433;
	11806	:	433;
	11807	:	433;
	11808	:	443;
	11809	:	443;
	11810	:	453;
	11811	:	452;
	11812	:	462;
	11813	:	462;
	11814	:	462;
	11815	:	462;
	11816	:	462;
	11817	:	472;
	11818	:	462;
	11819	:	462;
	11820	:	462;
	11821	:	462;
	11822	:	462;
	11823	:	452;
	11824	:	553;
	11825	:	553;
	11826	:	553;
	11827	:	543;
	11828	:	553;
	11829	:	553;
	11830	:	553;
	11831	:	554;
	11832	:	554;
	11833	:	654;
	11834	:	553;
	11835	:	654;
	11836	:	653;
	11837	:	663;
	11838	:	663;
	11839	:	563;
	11840	:	563;
	11841	:	674;
	11842	:	785;
	11843	:	897;
	11844	:	998;
	11845	:	aa9;
	11846	:	aaa;
	11847	:	aba;
	11848	:	bbb;
	11849	:	bbb;
	11850	:	bbb;
	11851	:	bbb;
	11852	:	cbb;
	11853	:	cbb;
	11854	:	ccc;
	11855	:	ccc;
	11856	:	ccc;
	11857	:	dcc;
	11858	:	dcd;
	11859	:	dcd;
	11860	:	ddd;
	11861	:	dcd;
	11862	:	ddd;
	11863	:	ddd;
	11864	:	edd;
	11865	:	ddd;
	11866	:	dcd;
	11867	:	ede;
	11868	:	ddd;
	11869	:	edd;
	11870	:	ede;
	11871	:	dcd;
	11872	:	dcd;
	11873	:	ddd;
	11874	:	dcd;
	11875	:	ddd;
	11876	:	dcd;
	11877	:	dcd;
	11878	:	dcd;
	11879	:	dcd;
	11880	:	dcd;
	11881	:	dcd;
	11882	:	dcd;
	11883	:	dcd;
	11884	:	dcd;
	11885	:	dcd;
	11886	:	dcd;
	11887	:	dcd;
	11888	:	dcd;
	11889	:	dcd;
	11890	:	cbc;
	11891	:	cbc;
	11892	:	bbb;
	11893	:	bbb;
	11894	:	a9a;
	11895	:	999;
	11896	:	988;
	11897	:	887;
	11898	:	877;
	11899	:	876;
	11900	:	765;
	11901	:	764;
	11902	:	664;
	11903	:	664;
	11904	:	654;
	11905	:	654;
	11906	:	654;
	11907	:	664;
	11908	:	664;
	11909	:	664;
	11910	:	664;
	11911	:	664;
	11912	:	664;
	11913	:	664;
	11914	:	665;
	11915	:	664;
	11916	:	664;
	11917	:	765;
	11918	:	664;
	11919	:	664;
	11920	:	664;
	11921	:	664;
	11922	:	664;
	11923	:	664;
	11924	:	664;
	11925	:	664;
	11926	:	664;
	11927	:	664;
	11928	:	654;
	11929	:	664;
	11930	:	654;
	11931	:	654;
	11932	:	654;
	11933	:	654;
	11934	:	654;
	11935	:	654;
	11936	:	654;
	11937	:	654;
	11938	:	654;
	11939	:	654;
	11940	:	654;
	11941	:	654;
	11942	:	654;
	11943	:	654;
	11944	:	654;
	11945	:	654;
	11946	:	654;
	11947	:	654;
	11948	:	654;
	11949	:	654;
	11950	:	654;
	11951	:	654;
	11952	:	654;
	11953	:	654;
	11954	:	654;
	11955	:	654;
	11956	:	664;
	11957	:	664;
	11958	:	664;
	11959	:	664;
	11960	:	664;
	11961	:	664;
	11962	:	664;
	11963	:	664;
	11964	:	664;
	11965	:	664;
	11966	:	654;
	11967	:	664;
	11968	:	664;
	11969	:	654;
	11970	:	654;
	11971	:	654;
	11972	:	654;
	11973	:	654;
	11974	:	654;
	11975	:	654;
	11976	:	654;
	11977	:	654;
	11978	:	654;
	11979	:	654;
	11980	:	654;
	11981	:	654;
	11982	:	654;
	11983	:	654;
	11984	:	554;
	11985	:	554;
	11986	:	554;
	11987	:	654;
	11988	:	654;
	11989	:	654;
	11990	:	654;
	11991	:	654;
	11992	:	654;
	11993	:	654;
	11994	:	654;
	11995	:	654;
	11996	:	654;
	11997	:	665;
	11998	:	665;
	11999	:	665;
	12000	:	776;
	12001	:	777;
	12002	:	777;
	12003	:	888;
	12004	:	888;
	12005	:	888;
	12006	:	888;
	12007	:	999;
	12008	:	999;
	12009	:	999;
	12010	:	999;
	12011	:	999;
	12012	:	989;
	12013	:	889;
	12014	:	999;
	12015	:	888;
	12016	:	888;
	12017	:	888;
	12018	:	887;
	12019	:	777;
	12020	:	777;
	12021	:	888;
	12022	:	888;
	12023	:	999;
	12024	:	999;
	12025	:	a9a;
	12026	:	aaa;
	12027	:	aab;
	12028	:	bab;
	12029	:	bbb;
	12030	:	bbc;
	12031	:	bbc;
	12032	:	563;
	12033	:	563;
	12034	:	573;
	12035	:	573;
	12036	:	572;
	12037	:	572;
	12038	:	572;
	12039	:	572;
	12040	:	572;
	12041	:	572;
	12042	:	572;
	12043	:	572;
	12044	:	572;
	12045	:	572;
	12046	:	572;
	12047	:	572;
	12048	:	572;
	12049	:	572;
	12050	:	571;
	12051	:	572;
	12052	:	471;
	12053	:	462;
	12054	:	462;
	12055	:	452;
	12056	:	453;
	12057	:	443;
	12058	:	443;
	12059	:	443;
	12060	:	443;
	12061	:	443;
	12062	:	433;
	12063	:	443;
	12064	:	443;
	12065	:	453;
	12066	:	452;
	12067	:	462;
	12068	:	462;
	12069	:	472;
	12070	:	462;
	12071	:	472;
	12072	:	471;
	12073	:	472;
	12074	:	472;
	12075	:	472;
	12076	:	572;
	12077	:	562;
	12078	:	562;
	12079	:	553;
	12080	:	553;
	12081	:	553;
	12082	:	553;
	12083	:	553;
	12084	:	553;
	12085	:	554;
	12086	:	554;
	12087	:	654;
	12088	:	654;
	12089	:	653;
	12090	:	663;
	12091	:	663;
	12092	:	663;
	12093	:	563;
	12094	:	563;
	12095	:	562;
	12096	:	684;
	12097	:	785;
	12098	:	897;
	12099	:	9a8;
	12100	:	9a9;
	12101	:	aa9;
	12102	:	aba;
	12103	:	bba;
	12104	:	bcb;
	12105	:	cbb;
	12106	:	ccc;
	12107	:	ccc;
	12108	:	ccc;
	12109	:	dcc;
	12110	:	dcc;
	12111	:	dcc;
	12112	:	dcc;
	12113	:	dcc;
	12114	:	ddd;
	12115	:	ddd;
	12116	:	ddd;
	12117	:	ddd;
	12118	:	ddd;
	12119	:	ddd;
	12120	:	edd;
	12121	:	ddd;
	12122	:	ddd;
	12123	:	edd;
	12124	:	ddd;
	12125	:	edd;
	12126	:	ddd;
	12127	:	ede;
	12128	:	ddd;
	12129	:	ede;
	12130	:	ede;
	12131	:	ddd;
	12132	:	ddd;
	12133	:	ddd;
	12134	:	dcd;
	12135	:	ddd;
	12136	:	ddd;
	12137	:	dcd;
	12138	:	dde;
	12139	:	dde;
	12140	:	dcd;
	12141	:	dcd;
	12142	:	dcd;
	12143	:	dcd;
	12144	:	dcd;
	12145	:	ccd;
	12146	:	ccc;
	12147	:	cbc;
	12148	:	bbb;
	12149	:	baa;
	12150	:	aaa;
	12151	:	988;
	12152	:	987;
	12153	:	887;
	12154	:	876;
	12155	:	876;
	12156	:	765;
	12157	:	765;
	12158	:	764;
	12159	:	664;
	12160	:	654;
	12161	:	654;
	12162	:	654;
	12163	:	664;
	12164	:	664;
	12165	:	664;
	12166	:	664;
	12167	:	664;
	12168	:	664;
	12169	:	664;
	12170	:	664;
	12171	:	664;
	12172	:	664;
	12173	:	664;
	12174	:	665;
	12175	:	664;
	12176	:	665;
	12177	:	664;
	12178	:	664;
	12179	:	664;
	12180	:	664;
	12181	:	664;
	12182	:	664;
	12183	:	664;
	12184	:	664;
	12185	:	664;
	12186	:	654;
	12187	:	664;
	12188	:	654;
	12189	:	654;
	12190	:	654;
	12191	:	654;
	12192	:	654;
	12193	:	654;
	12194	:	654;
	12195	:	654;
	12196	:	654;
	12197	:	654;
	12198	:	654;
	12199	:	654;
	12200	:	654;
	12201	:	654;
	12202	:	654;
	12203	:	654;
	12204	:	654;
	12205	:	654;
	12206	:	654;
	12207	:	654;
	12208	:	654;
	12209	:	654;
	12210	:	654;
	12211	:	664;
	12212	:	664;
	12213	:	664;
	12214	:	664;
	12215	:	664;
	12216	:	664;
	12217	:	665;
	12218	:	664;
	12219	:	664;
	12220	:	664;
	12221	:	664;
	12222	:	664;
	12223	:	664;
	12224	:	664;
	12225	:	664;
	12226	:	664;
	12227	:	654;
	12228	:	654;
	12229	:	654;
	12230	:	654;
	12231	:	664;
	12232	:	654;
	12233	:	654;
	12234	:	654;
	12235	:	654;
	12236	:	654;
	12237	:	654;
	12238	:	654;
	12239	:	554;
	12240	:	654;
	12241	:	554;
	12242	:	654;
	12243	:	654;
	12244	:	665;
	12245	:	665;
	12246	:	665;
	12247	:	654;
	12248	:	665;
	12249	:	665;
	12250	:	654;
	12251	:	654;
	12252	:	654;
	12253	:	654;
	12254	:	665;
	12255	:	665;
	12256	:	766;
	12257	:	776;
	12258	:	777;
	12259	:	777;
	12260	:	787;
	12261	:	888;
	12262	:	888;
	12263	:	888;
	12264	:	999;
	12265	:	999;
	12266	:	989;
	12267	:	989;
	12268	:	889;
	12269	:	888;
	12270	:	888;
	12271	:	888;
	12272	:	888;
	12273	:	777;
	12274	:	777;
	12275	:	777;
	12276	:	777;
	12277	:	777;
	12278	:	887;
	12279	:	999;
	12280	:	999;
	12281	:	999;
	12282	:	aaa;
	12283	:	aaa;
	12284	:	aaa;
	12285	:	aab;
	12286	:	bbc;
	12287	:	aab;
	12288	:	563;
	12289	:	563;
	12290	:	573;
	12291	:	573;
	12292	:	572;
	12293	:	572;
	12294	:	572;
	12295	:	572;
	12296	:	572;
	12297	:	572;
	12298	:	572;
	12299	:	572;
	12300	:	572;
	12301	:	572;
	12302	:	572;
	12303	:	572;
	12304	:	572;
	12305	:	572;
	12306	:	571;
	12307	:	572;
	12308	:	471;
	12309	:	462;
	12310	:	462;
	12311	:	452;
	12312	:	453;
	12313	:	443;
	12314	:	443;
	12315	:	443;
	12316	:	443;
	12317	:	443;
	12318	:	433;
	12319	:	443;
	12320	:	443;
	12321	:	453;
	12322	:	452;
	12323	:	462;
	12324	:	462;
	12325	:	472;
	12326	:	462;
	12327	:	472;
	12328	:	471;
	12329	:	472;
	12330	:	472;
	12331	:	472;
	12332	:	572;
	12333	:	562;
	12334	:	562;
	12335	:	553;
	12336	:	553;
	12337	:	553;
	12338	:	553;
	12339	:	553;
	12340	:	553;
	12341	:	554;
	12342	:	554;
	12343	:	654;
	12344	:	654;
	12345	:	653;
	12346	:	663;
	12347	:	663;
	12348	:	663;
	12349	:	563;
	12350	:	563;
	12351	:	562;
	12352	:	684;
	12353	:	785;
	12354	:	897;
	12355	:	9a8;
	12356	:	9a9;
	12357	:	aa9;
	12358	:	aba;
	12359	:	bba;
	12360	:	bcb;
	12361	:	cbb;
	12362	:	ccc;
	12363	:	ccc;
	12364	:	ccc;
	12365	:	dcc;
	12366	:	dcc;
	12367	:	dcc;
	12368	:	dcc;
	12369	:	dcc;
	12370	:	ddd;
	12371	:	ddd;
	12372	:	ddd;
	12373	:	ddd;
	12374	:	ddd;
	12375	:	ddd;
	12376	:	edd;
	12377	:	ddd;
	12378	:	ddd;
	12379	:	edd;
	12380	:	ddd;
	12381	:	edd;
	12382	:	ddd;
	12383	:	ede;
	12384	:	ddd;
	12385	:	ede;
	12386	:	ede;
	12387	:	ddd;
	12388	:	ddd;
	12389	:	ddd;
	12390	:	dcd;
	12391	:	ddd;
	12392	:	ddd;
	12393	:	dcd;
	12394	:	dde;
	12395	:	dde;
	12396	:	dcd;
	12397	:	dcd;
	12398	:	dcd;
	12399	:	dcd;
	12400	:	dcd;
	12401	:	ccd;
	12402	:	ccc;
	12403	:	cbc;
	12404	:	bbb;
	12405	:	baa;
	12406	:	aaa;
	12407	:	988;
	12408	:	987;
	12409	:	887;
	12410	:	876;
	12411	:	876;
	12412	:	765;
	12413	:	765;
	12414	:	764;
	12415	:	664;
	12416	:	654;
	12417	:	654;
	12418	:	654;
	12419	:	664;
	12420	:	664;
	12421	:	664;
	12422	:	664;
	12423	:	664;
	12424	:	664;
	12425	:	664;
	12426	:	664;
	12427	:	664;
	12428	:	664;
	12429	:	664;
	12430	:	665;
	12431	:	664;
	12432	:	665;
	12433	:	664;
	12434	:	664;
	12435	:	664;
	12436	:	664;
	12437	:	664;
	12438	:	664;
	12439	:	664;
	12440	:	664;
	12441	:	664;
	12442	:	654;
	12443	:	664;
	12444	:	654;
	12445	:	654;
	12446	:	654;
	12447	:	654;
	12448	:	654;
	12449	:	654;
	12450	:	654;
	12451	:	654;
	12452	:	654;
	12453	:	654;
	12454	:	654;
	12455	:	654;
	12456	:	654;
	12457	:	654;
	12458	:	654;
	12459	:	654;
	12460	:	654;
	12461	:	654;
	12462	:	654;
	12463	:	654;
	12464	:	654;
	12465	:	654;
	12466	:	654;
	12467	:	664;
	12468	:	664;
	12469	:	664;
	12470	:	664;
	12471	:	664;
	12472	:	664;
	12473	:	665;
	12474	:	664;
	12475	:	664;
	12476	:	664;
	12477	:	664;
	12478	:	664;
	12479	:	664;
	12480	:	664;
	12481	:	664;
	12482	:	664;
	12483	:	654;
	12484	:	654;
	12485	:	654;
	12486	:	654;
	12487	:	664;
	12488	:	654;
	12489	:	654;
	12490	:	654;
	12491	:	654;
	12492	:	654;
	12493	:	654;
	12494	:	654;
	12495	:	554;
	12496	:	654;
	12497	:	554;
	12498	:	654;
	12499	:	654;
	12500	:	665;
	12501	:	665;
	12502	:	665;
	12503	:	654;
	12504	:	665;
	12505	:	665;
	12506	:	654;
	12507	:	654;
	12508	:	654;
	12509	:	654;
	12510	:	665;
	12511	:	665;
	12512	:	766;
	12513	:	776;
	12514	:	777;
	12515	:	777;
	12516	:	787;
	12517	:	888;
	12518	:	888;
	12519	:	888;
	12520	:	999;
	12521	:	999;
	12522	:	989;
	12523	:	989;
	12524	:	889;
	12525	:	888;
	12526	:	888;
	12527	:	888;
	12528	:	888;
	12529	:	777;
	12530	:	777;
	12531	:	777;
	12532	:	777;
	12533	:	777;
	12534	:	887;
	12535	:	999;
	12536	:	999;
	12537	:	999;
	12538	:	aaa;
	12539	:	aaa;
	12540	:	aaa;
	12541	:	aab;
	12542	:	bbc;
	12543	:	aab;
	12544	:	573;
	12545	:	573;
	12546	:	573;
	12547	:	572;
	12548	:	572;
	12549	:	572;
	12550	:	572;
	12551	:	571;
	12552	:	572;
	12553	:	572;
	12554	:	572;
	12555	:	572;
	12556	:	572;
	12557	:	572;
	12558	:	582;
	12559	:	582;
	12560	:	572;
	12561	:	582;
	12562	:	572;
	12563	:	572;
	12564	:	572;
	12565	:	462;
	12566	:	462;
	12567	:	452;
	12568	:	453;
	12569	:	443;
	12570	:	443;
	12571	:	443;
	12572	:	433;
	12573	:	443;
	12574	:	443;
	12575	:	443;
	12576	:	453;
	12577	:	452;
	12578	:	462;
	12579	:	462;
	12580	:	462;
	12581	:	472;
	12582	:	472;
	12583	:	572;
	12584	:	572;
	12585	:	572;
	12586	:	572;
	12587	:	472;
	12588	:	562;
	12589	:	562;
	12590	:	563;
	12591	:	553;
	12592	:	553;
	12593	:	553;
	12594	:	553;
	12595	:	554;
	12596	:	554;
	12597	:	554;
	12598	:	654;
	12599	:	654;
	12600	:	653;
	12601	:	663;
	12602	:	663;
	12603	:	663;
	12604	:	563;
	12605	:	562;
	12606	:	572;
	12607	:	673;
	12608	:	785;
	12609	:	896;
	12610	:	9a7;
	12611	:	aa8;
	12612	:	aa9;
	12613	:	ab9;
	12614	:	bba;
	12615	:	bba;
	12616	:	ccb;
	12617	:	ccb;
	12618	:	dcc;
	12619	:	dcc;
	12620	:	ddd;
	12621	:	dcd;
	12622	:	ddd;
	12623	:	ddd;
	12624	:	ddd;
	12625	:	ddd;
	12626	:	ddd;
	12627	:	edd;
	12628	:	edd;
	12629	:	edd;
	12630	:	edd;
	12631	:	edd;
	12632	:	ddd;
	12633	:	edd;
	12634	:	ede;
	12635	:	ede;
	12636	:	ede;
	12637	:	ede;
	12638	:	ede;
	12639	:	ede;
	12640	:	ede;
	12641	:	ede;
	12642	:	ddd;
	12643	:	ede;
	12644	:	ddd;
	12645	:	ede;
	12646	:	ede;
	12647	:	ddd;
	12648	:	ddd;
	12649	:	dde;
	12650	:	dde;
	12651	:	ddd;
	12652	:	dcd;
	12653	:	ddd;
	12654	:	dce;
	12655	:	dde;
	12656	:	dcd;
	12657	:	dcd;
	12658	:	dcd;
	12659	:	cbc;
	12660	:	bbb;
	12661	:	baa;
	12662	:	a99;
	12663	:	988;
	12664	:	887;
	12665	:	887;
	12666	:	876;
	12667	:	775;
	12668	:	765;
	12669	:	765;
	12670	:	764;
	12671	:	764;
	12672	:	664;
	12673	:	664;
	12674	:	664;
	12675	:	664;
	12676	:	664;
	12677	:	664;
	12678	:	664;
	12679	:	664;
	12680	:	664;
	12681	:	664;
	12682	:	764;
	12683	:	664;
	12684	:	665;
	12685	:	664;
	12686	:	765;
	12687	:	664;
	12688	:	665;
	12689	:	664;
	12690	:	665;
	12691	:	664;
	12692	:	664;
	12693	:	664;
	12694	:	664;
	12695	:	664;
	12696	:	664;
	12697	:	664;
	12698	:	664;
	12699	:	664;
	12700	:	664;
	12701	:	654;
	12702	:	654;
	12703	:	654;
	12704	:	654;
	12705	:	654;
	12706	:	654;
	12707	:	654;
	12708	:	654;
	12709	:	654;
	12710	:	654;
	12711	:	654;
	12712	:	654;
	12713	:	654;
	12714	:	654;
	12715	:	654;
	12716	:	654;
	12717	:	664;
	12718	:	664;
	12719	:	664;
	12720	:	664;
	12721	:	654;
	12722	:	664;
	12723	:	664;
	12724	:	664;
	12725	:	664;
	12726	:	664;
	12727	:	664;
	12728	:	664;
	12729	:	664;
	12730	:	664;
	12731	:	664;
	12732	:	664;
	12733	:	664;
	12734	:	654;
	12735	:	664;
	12736	:	664;
	12737	:	654;
	12738	:	654;
	12739	:	654;
	12740	:	654;
	12741	:	654;
	12742	:	654;
	12743	:	654;
	12744	:	654;
	12745	:	654;
	12746	:	654;
	12747	:	654;
	12748	:	654;
	12749	:	654;
	12750	:	654;
	12751	:	554;
	12752	:	554;
	12753	:	654;
	12754	:	654;
	12755	:	654;
	12756	:	665;
	12757	:	665;
	12758	:	665;
	12759	:	665;
	12760	:	665;
	12761	:	665;
	12762	:	664;
	12763	:	664;
	12764	:	665;
	12765	:	665;
	12766	:	654;
	12767	:	665;
	12768	:	665;
	12769	:	665;
	12770	:	776;
	12771	:	776;
	12772	:	777;
	12773	:	887;
	12774	:	888;
	12775	:	888;
	12776	:	989;
	12777	:	889;
	12778	:	989;
	12779	:	889;
	12780	:	889;
	12781	:	888;
	12782	:	888;
	12783	:	888;
	12784	:	777;
	12785	:	777;
	12786	:	777;
	12787	:	776;
	12788	:	776;
	12789	:	776;
	12790	:	777;
	12791	:	888;
	12792	:	888;
	12793	:	999;
	12794	:	99a;
	12795	:	a9a;
	12796	:	aaa;
	12797	:	aab;
	12798	:	aab;
	12799	:	aab;
	12800	:	563;
	12801	:	573;
	12802	:	573;
	12803	:	573;
	12804	:	572;
	12805	:	572;
	12806	:	572;
	12807	:	582;
	12808	:	572;
	12809	:	572;
	12810	:	572;
	12811	:	572;
	12812	:	572;
	12813	:	572;
	12814	:	572;
	12815	:	582;
	12816	:	582;
	12817	:	582;
	12818	:	572;
	12819	:	572;
	12820	:	572;
	12821	:	462;
	12822	:	462;
	12823	:	453;
	12824	:	453;
	12825	:	443;
	12826	:	443;
	12827	:	443;
	12828	:	443;
	12829	:	443;
	12830	:	443;
	12831	:	443;
	12832	:	453;
	12833	:	452;
	12834	:	462;
	12835	:	462;
	12836	:	472;
	12837	:	572;
	12838	:	472;
	12839	:	472;
	12840	:	572;
	12841	:	471;
	12842	:	572;
	12843	:	572;
	12844	:	562;
	12845	:	562;
	12846	:	563;
	12847	:	553;
	12848	:	553;
	12849	:	553;
	12850	:	553;
	12851	:	554;
	12852	:	654;
	12853	:	654;
	12854	:	654;
	12855	:	664;
	12856	:	553;
	12857	:	663;
	12858	:	663;
	12859	:	563;
	12860	:	562;
	12861	:	572;
	12862	:	572;
	12863	:	684;
	12864	:	895;
	12865	:	896;
	12866	:	9a7;
	12867	:	aa8;
	12868	:	ab9;
	12869	:	bba;
	12870	:	bba;
	12871	:	bbb;
	12872	:	ccb;
	12873	:	ccb;
	12874	:	dcc;
	12875	:	dcc;
	12876	:	ddd;
	12877	:	ddd;
	12878	:	ddd;
	12879	:	ddd;
	12880	:	ddd;
	12881	:	edd;
	12882	:	edd;
	12883	:	edd;
	12884	:	edd;
	12885	:	edd;
	12886	:	ede;
	12887	:	edd;
	12888	:	edd;
	12889	:	edd;
	12890	:	edd;
	12891	:	ede;
	12892	:	edd;
	12893	:	eee;
	12894	:	ede;
	12895	:	ede;
	12896	:	edd;
	12897	:	ede;
	12898	:	ede;
	12899	:	ede;
	12900	:	ede;
	12901	:	ede;
	12902	:	ede;
	12903	:	dde;
	12904	:	dcd;
	12905	:	dcd;
	12906	:	ddd;
	12907	:	ddd;
	12908	:	dcd;
	12909	:	dde;
	12910	:	dde;
	12911	:	dde;
	12912	:	ddd;
	12913	:	dcd;
	12914	:	ccc;
	12915	:	cbc;
	12916	:	bab;
	12917	:	baa;
	12918	:	a99;
	12919	:	988;
	12920	:	887;
	12921	:	876;
	12922	:	876;
	12923	:	775;
	12924	:	765;
	12925	:	765;
	12926	:	765;
	12927	:	764;
	12928	:	664;
	12929	:	664;
	12930	:	654;
	12931	:	664;
	12932	:	654;
	12933	:	664;
	12934	:	664;
	12935	:	664;
	12936	:	664;
	12937	:	764;
	12938	:	664;
	12939	:	765;
	12940	:	765;
	12941	:	664;
	12942	:	665;
	12943	:	664;
	12944	:	665;
	12945	:	665;
	12946	:	664;
	12947	:	664;
	12948	:	665;
	12949	:	664;
	12950	:	665;
	12951	:	664;
	12952	:	664;
	12953	:	664;
	12954	:	654;
	12955	:	664;
	12956	:	654;
	12957	:	664;
	12958	:	664;
	12959	:	654;
	12960	:	654;
	12961	:	654;
	12962	:	654;
	12963	:	654;
	12964	:	654;
	12965	:	654;
	12966	:	654;
	12967	:	664;
	12968	:	654;
	12969	:	664;
	12970	:	654;
	12971	:	664;
	12972	:	654;
	12973	:	664;
	12974	:	664;
	12975	:	664;
	12976	:	664;
	12977	:	664;
	12978	:	664;
	12979	:	664;
	12980	:	664;
	12981	:	664;
	12982	:	664;
	12983	:	664;
	12984	:	664;
	12985	:	664;
	12986	:	664;
	12987	:	654;
	12988	:	664;
	12989	:	664;
	12990	:	664;
	12991	:	654;
	12992	:	654;
	12993	:	654;
	12994	:	654;
	12995	:	654;
	12996	:	654;
	12997	:	654;
	12998	:	654;
	12999	:	654;
	13000	:	654;
	13001	:	654;
	13002	:	654;
	13003	:	654;
	13004	:	654;
	13005	:	654;
	13006	:	654;
	13007	:	654;
	13008	:	654;
	13009	:	654;
	13010	:	554;
	13011	:	654;
	13012	:	665;
	13013	:	665;
	13014	:	665;
	13015	:	665;
	13016	:	665;
	13017	:	665;
	13018	:	664;
	13019	:	665;
	13020	:	665;
	13021	:	654;
	13022	:	665;
	13023	:	665;
	13024	:	665;
	13025	:	665;
	13026	:	776;
	13027	:	776;
	13028	:	776;
	13029	:	777;
	13030	:	888;
	13031	:	888;
	13032	:	888;
	13033	:	889;
	13034	:	989;
	13035	:	888;
	13036	:	889;
	13037	:	888;
	13038	:	888;
	13039	:	778;
	13040	:	888;
	13041	:	777;
	13042	:	777;
	13043	:	776;
	13044	:	666;
	13045	:	776;
	13046	:	777;
	13047	:	888;
	13048	:	888;
	13049	:	888;
	13050	:	999;
	13051	:	999;
	13052	:	99a;
	13053	:	aaa;
	13054	:	aab;
	13055	:	aab;
	13056	:	573;
	13057	:	573;
	13058	:	573;
	13059	:	572;
	13060	:	572;
	13061	:	572;
	13062	:	572;
	13063	:	572;
	13064	:	572;
	13065	:	572;
	13066	:	572;
	13067	:	572;
	13068	:	572;
	13069	:	582;
	13070	:	582;
	13071	:	582;
	13072	:	582;
	13073	:	572;
	13074	:	582;
	13075	:	572;
	13076	:	572;
	13077	:	462;
	13078	:	462;
	13079	:	453;
	13080	:	453;
	13081	:	443;
	13082	:	443;
	13083	:	443;
	13084	:	443;
	13085	:	443;
	13086	:	443;
	13087	:	453;
	13088	:	452;
	13089	:	452;
	13090	:	462;
	13091	:	462;
	13092	:	572;
	13093	:	572;
	13094	:	471;
	13095	:	572;
	13096	:	471;
	13097	:	572;
	13098	:	572;
	13099	:	572;
	13100	:	562;
	13101	:	562;
	13102	:	553;
	13103	:	553;
	13104	:	553;
	13105	:	553;
	13106	:	554;
	13107	:	654;
	13108	:	654;
	13109	:	654;
	13110	:	654;
	13111	:	663;
	13112	:	663;
	13113	:	663;
	13114	:	563;
	13115	:	563;
	13116	:	562;
	13117	:	572;
	13118	:	673;
	13119	:	684;
	13120	:	895;
	13121	:	997;
	13122	:	9a8;
	13123	:	aa8;
	13124	:	ab9;
	13125	:	bb9;
	13126	:	bba;
	13127	:	ccb;
	13128	:	ccb;
	13129	:	ccb;
	13130	:	dcc;
	13131	:	dcc;
	13132	:	ddd;
	13133	:	dcd;
	13134	:	ddd;
	13135	:	ddd;
	13136	:	edd;
	13137	:	edd;
	13138	:	edd;
	13139	:	edd;
	13140	:	ede;
	13141	:	edd;
	13142	:	ede;
	13143	:	ede;
	13144	:	edd;
	13145	:	ede;
	13146	:	edd;
	13147	:	ede;
	13148	:	ede;
	13149	:	ede;
	13150	:	ede;
	13151	:	ede;
	13152	:	ede;
	13153	:	ede;
	13154	:	ede;
	13155	:	dde;
	13156	:	ede;
	13157	:	ede;
	13158	:	ddd;
	13159	:	dde;
	13160	:	ede;
	13161	:	dde;
	13162	:	dde;
	13163	:	dde;
	13164	:	dde;
	13165	:	dde;
	13166	:	dde;
	13167	:	dcd;
	13168	:	dcd;
	13169	:	dcd;
	13170	:	cbc;
	13171	:	bbb;
	13172	:	bab;
	13173	:	aaa;
	13174	:	a99;
	13175	:	988;
	13176	:	887;
	13177	:	876;
	13178	:	876;
	13179	:	775;
	13180	:	765;
	13181	:	765;
	13182	:	765;
	13183	:	764;
	13184	:	664;
	13185	:	664;
	13186	:	664;
	13187	:	654;
	13188	:	664;
	13189	:	664;
	13190	:	664;
	13191	:	664;
	13192	:	664;
	13193	:	664;
	13194	:	765;
	13195	:	664;
	13196	:	664;
	13197	:	664;
	13198	:	664;
	13199	:	664;
	13200	:	765;
	13201	:	664;
	13202	:	665;
	13203	:	665;
	13204	:	765;
	13205	:	664;
	13206	:	664;
	13207	:	664;
	13208	:	664;
	13209	:	664;
	13210	:	664;
	13211	:	664;
	13212	:	664;
	13213	:	664;
	13214	:	654;
	13215	:	664;
	13216	:	654;
	13217	:	654;
	13218	:	654;
	13219	:	654;
	13220	:	654;
	13221	:	664;
	13222	:	664;
	13223	:	664;
	13224	:	664;
	13225	:	654;
	13226	:	664;
	13227	:	664;
	13228	:	664;
	13229	:	664;
	13230	:	664;
	13231	:	664;
	13232	:	664;
	13233	:	664;
	13234	:	664;
	13235	:	664;
	13236	:	664;
	13237	:	664;
	13238	:	664;
	13239	:	664;
	13240	:	664;
	13241	:	664;
	13242	:	664;
	13243	:	664;
	13244	:	664;
	13245	:	664;
	13246	:	654;
	13247	:	654;
	13248	:	654;
	13249	:	654;
	13250	:	654;
	13251	:	654;
	13252	:	654;
	13253	:	654;
	13254	:	654;
	13255	:	654;
	13256	:	654;
	13257	:	654;
	13258	:	654;
	13259	:	654;
	13260	:	654;
	13261	:	554;
	13262	:	654;
	13263	:	654;
	13264	:	654;
	13265	:	554;
	13266	:	654;
	13267	:	654;
	13268	:	665;
	13269	:	665;
	13270	:	665;
	13271	:	665;
	13272	:	665;
	13273	:	665;
	13274	:	665;
	13275	:	665;
	13276	:	654;
	13277	:	665;
	13278	:	664;
	13279	:	665;
	13280	:	665;
	13281	:	665;
	13282	:	665;
	13283	:	766;
	13284	:	776;
	13285	:	777;
	13286	:	887;
	13287	:	888;
	13288	:	888;
	13289	:	888;
	13290	:	888;
	13291	:	888;
	13292	:	888;
	13293	:	888;
	13294	:	888;
	13295	:	888;
	13296	:	777;
	13297	:	777;
	13298	:	777;
	13299	:	776;
	13300	:	766;
	13301	:	776;
	13302	:	777;
	13303	:	877;
	13304	:	888;
	13305	:	888;
	13306	:	889;
	13307	:	999;
	13308	:	999;
	13309	:	99a;
	13310	:	a9a;
	13311	:	aaa;
	13312	:	573;
	13313	:	573;
	13314	:	573;
	13315	:	572;
	13316	:	572;
	13317	:	572;
	13318	:	582;
	13319	:	572;
	13320	:	572;
	13321	:	572;
	13322	:	572;
	13323	:	572;
	13324	:	582;
	13325	:	582;
	13326	:	582;
	13327	:	582;
	13328	:	582;
	13329	:	582;
	13330	:	571;
	13331	:	572;
	13332	:	472;
	13333	:	462;
	13334	:	462;
	13335	:	452;
	13336	:	453;
	13337	:	443;
	13338	:	443;
	13339	:	443;
	13340	:	443;
	13341	:	443;
	13342	:	453;
	13343	:	453;
	13344	:	452;
	13345	:	462;
	13346	:	462;
	13347	:	472;
	13348	:	472;
	13349	:	571;
	13350	:	571;
	13351	:	571;
	13352	:	572;
	13353	:	572;
	13354	:	572;
	13355	:	562;
	13356	:	562;
	13357	:	562;
	13358	:	553;
	13359	:	553;
	13360	:	553;
	13361	:	553;
	13362	:	654;
	13363	:	654;
	13364	:	654;
	13365	:	654;
	13366	:	653;
	13367	:	663;
	13368	:	563;
	13369	:	563;
	13370	:	563;
	13371	:	563;
	13372	:	572;
	13373	:	572;
	13374	:	683;
	13375	:	784;
	13376	:	896;
	13377	:	9a7;
	13378	:	aa8;
	13379	:	ab9;
	13380	:	ab9;
	13381	:	bba;
	13382	:	cca;
	13383	:	ccb;
	13384	:	ccb;
	13385	:	ccc;
	13386	:	dcc;
	13387	:	dcc;
	13388	:	dcc;
	13389	:	ddd;
	13390	:	edd;
	13391	:	ddd;
	13392	:	edd;
	13393	:	edd;
	13394	:	edd;
	13395	:	edd;
	13396	:	edd;
	13397	:	ede;
	13398	:	ddd;
	13399	:	edd;
	13400	:	ede;
	13401	:	edd;
	13402	:	ede;
	13403	:	ede;
	13404	:	ede;
	13405	:	ede;
	13406	:	eee;
	13407	:	eee;
	13408	:	ede;
	13409	:	edd;
	13410	:	ede;
	13411	:	ede;
	13412	:	ede;
	13413	:	ede;
	13414	:	ede;
	13415	:	ede;
	13416	:	ede;
	13417	:	ede;
	13418	:	ddd;
	13419	:	dde;
	13420	:	dcd;
	13421	:	dde;
	13422	:	dcd;
	13423	:	ddd;
	13424	:	dcd;
	13425	:	dcd;
	13426	:	cbc;
	13427	:	cbb;
	13428	:	baa;
	13429	:	aa9;
	13430	:	a99;
	13431	:	987;
	13432	:	876;
	13433	:	876;
	13434	:	876;
	13435	:	775;
	13436	:	765;
	13437	:	765;
	13438	:	765;
	13439	:	765;
	13440	:	664;
	13441	:	664;
	13442	:	664;
	13443	:	664;
	13444	:	664;
	13445	:	664;
	13446	:	664;
	13447	:	664;
	13448	:	664;
	13449	:	664;
	13450	:	764;
	13451	:	765;
	13452	:	765;
	13453	:	764;
	13454	:	764;
	13455	:	764;
	13456	:	765;
	13457	:	665;
	13458	:	765;
	13459	:	665;
	13460	:	765;
	13461	:	765;
	13462	:	665;
	13463	:	664;
	13464	:	665;
	13465	:	664;
	13466	:	664;
	13467	:	664;
	13468	:	664;
	13469	:	664;
	13470	:	664;
	13471	:	664;
	13472	:	664;
	13473	:	654;
	13474	:	664;
	13475	:	654;
	13476	:	664;
	13477	:	654;
	13478	:	654;
	13479	:	664;
	13480	:	654;
	13481	:	664;
	13482	:	664;
	13483	:	654;
	13484	:	664;
	13485	:	664;
	13486	:	664;
	13487	:	664;
	13488	:	664;
	13489	:	664;
	13490	:	664;
	13491	:	664;
	13492	:	664;
	13493	:	664;
	13494	:	765;
	13495	:	664;
	13496	:	765;
	13497	:	664;
	13498	:	664;
	13499	:	664;
	13500	:	664;
	13501	:	664;
	13502	:	664;
	13503	:	654;
	13504	:	654;
	13505	:	654;
	13506	:	654;
	13507	:	654;
	13508	:	664;
	13509	:	654;
	13510	:	654;
	13511	:	654;
	13512	:	654;
	13513	:	654;
	13514	:	654;
	13515	:	654;
	13516	:	654;
	13517	:	654;
	13518	:	654;
	13519	:	654;
	13520	:	554;
	13521	:	654;
	13522	:	654;
	13523	:	654;
	13524	:	654;
	13525	:	665;
	13526	:	665;
	13527	:	665;
	13528	:	654;
	13529	:	665;
	13530	:	665;
	13531	:	665;
	13532	:	665;
	13533	:	665;
	13534	:	664;
	13535	:	665;
	13536	:	665;
	13537	:	665;
	13538	:	665;
	13539	:	766;
	13540	:	776;
	13541	:	777;
	13542	:	887;
	13543	:	887;
	13544	:	888;
	13545	:	888;
	13546	:	888;
	13547	:	888;
	13548	:	888;
	13549	:	888;
	13550	:	888;
	13551	:	888;
	13552	:	777;
	13553	:	777;
	13554	:	777;
	13555	:	776;
	13556	:	666;
	13557	:	776;
	13558	:	776;
	13559	:	777;
	13560	:	888;
	13561	:	888;
	13562	:	889;
	13563	:	999;
	13564	:	999;
	13565	:	999;
	13566	:	99a;
	13567	:	a9a;
	13568	:	573;
	13569	:	573;
	13570	:	573;
	13571	:	582;
	13572	:	572;
	13573	:	572;
	13574	:	582;
	13575	:	572;
	13576	:	572;
	13577	:	572;
	13578	:	572;
	13579	:	572;
	13580	:	582;
	13581	:	582;
	13582	:	582;
	13583	:	582;
	13584	:	572;
	13585	:	572;
	13586	:	571;
	13587	:	472;
	13588	:	572;
	13589	:	462;
	13590	:	462;
	13591	:	453;
	13592	:	453;
	13593	:	443;
	13594	:	443;
	13595	:	443;
	13596	:	443;
	13597	:	443;
	13598	:	453;
	13599	:	453;
	13600	:	462;
	13601	:	462;
	13602	:	462;
	13603	:	572;
	13604	:	472;
	13605	:	571;
	13606	:	571;
	13607	:	571;
	13608	:	572;
	13609	:	571;
	13610	:	572;
	13611	:	572;
	13612	:	562;
	13613	:	563;
	13614	:	553;
	13615	:	553;
	13616	:	553;
	13617	:	553;
	13618	:	654;
	13619	:	654;
	13620	:	654;
	13621	:	654;
	13622	:	663;
	13623	:	663;
	13624	:	563;
	13625	:	663;
	13626	:	562;
	13627	:	572;
	13628	:	572;
	13629	:	683;
	13630	:	683;
	13631	:	794;
	13632	:	896;
	13633	:	9a7;
	13634	:	aa8;
	13635	:	ab9;
	13636	:	bb9;
	13637	:	bba;
	13638	:	cba;
	13639	:	ccb;
	13640	:	ccb;
	13641	:	dcc;
	13642	:	dcc;
	13643	:	dcc;
	13644	:	dcc;
	13645	:	ddd;
	13646	:	ddd;
	13647	:	ddd;
	13648	:	ddd;
	13649	:	edd;
	13650	:	edd;
	13651	:	edd;
	13652	:	edd;
	13653	:	edd;
	13654	:	edd;
	13655	:	ede;
	13656	:	edd;
	13657	:	edd;
	13658	:	ede;
	13659	:	ede;
	13660	:	ede;
	13661	:	ede;
	13662	:	ede;
	13663	:	ede;
	13664	:	ede;
	13665	:	ede;
	13666	:	ede;
	13667	:	ede;
	13668	:	ede;
	13669	:	dde;
	13670	:	ede;
	13671	:	dde;
	13672	:	dcd;
	13673	:	dde;
	13674	:	dde;
	13675	:	dde;
	13676	:	dde;
	13677	:	dcd;
	13678	:	dcd;
	13679	:	dcd;
	13680	:	dcd;
	13681	:	ccc;
	13682	:	cbc;
	13683	:	bbb;
	13684	:	baa;
	13685	:	aa9;
	13686	:	a98;
	13687	:	987;
	13688	:	876;
	13689	:	876;
	13690	:	876;
	13691	:	875;
	13692	:	765;
	13693	:	765;
	13694	:	765;
	13695	:	764;
	13696	:	764;
	13697	:	664;
	13698	:	664;
	13699	:	664;
	13700	:	664;
	13701	:	764;
	13702	:	764;
	13703	:	664;
	13704	:	764;
	13705	:	664;
	13706	:	764;
	13707	:	764;
	13708	:	765;
	13709	:	765;
	13710	:	664;
	13711	:	765;
	13712	:	765;
	13713	:	765;
	13714	:	765;
	13715	:	765;
	13716	:	765;
	13717	:	765;
	13718	:	664;
	13719	:	664;
	13720	:	664;
	13721	:	664;
	13722	:	664;
	13723	:	664;
	13724	:	664;
	13725	:	664;
	13726	:	664;
	13727	:	664;
	13728	:	654;
	13729	:	664;
	13730	:	654;
	13731	:	654;
	13732	:	654;
	13733	:	664;
	13734	:	664;
	13735	:	664;
	13736	:	654;
	13737	:	664;
	13738	:	664;
	13739	:	664;
	13740	:	664;
	13741	:	664;
	13742	:	664;
	13743	:	664;
	13744	:	664;
	13745	:	664;
	13746	:	664;
	13747	:	664;
	13748	:	664;
	13749	:	764;
	13750	:	764;
	13751	:	754;
	13752	:	754;
	13753	:	754;
	13754	:	865;
	13755	:	865;
	13756	:	754;
	13757	:	754;
	13758	:	754;
	13759	:	764;
	13760	:	754;
	13761	:	654;
	13762	:	654;
	13763	:	654;
	13764	:	654;
	13765	:	654;
	13766	:	654;
	13767	:	654;
	13768	:	654;
	13769	:	654;
	13770	:	654;
	13771	:	654;
	13772	:	654;
	13773	:	654;
	13774	:	654;
	13775	:	654;
	13776	:	654;
	13777	:	654;
	13778	:	654;
	13779	:	654;
	13780	:	654;
	13781	:	665;
	13782	:	665;
	13783	:	665;
	13784	:	665;
	13785	:	665;
	13786	:	665;
	13787	:	665;
	13788	:	665;
	13789	:	665;
	13790	:	665;
	13791	:	665;
	13792	:	665;
	13793	:	665;
	13794	:	665;
	13795	:	665;
	13796	:	776;
	13797	:	776;
	13798	:	776;
	13799	:	887;
	13800	:	887;
	13801	:	888;
	13802	:	888;
	13803	:	888;
	13804	:	888;
	13805	:	888;
	13806	:	888;
	13807	:	877;
	13808	:	777;
	13809	:	777;
	13810	:	777;
	13811	:	776;
	13812	:	666;
	13813	:	666;
	13814	:	776;
	13815	:	777;
	13816	:	887;
	13817	:	888;
	13818	:	888;
	13819	:	989;
	13820	:	999;
	13821	:	999;
	13822	:	99a;
	13823	:	99a;
	13824	:	573;
	13825	:	573;
	13826	:	573;
	13827	:	582;
	13828	:	572;
	13829	:	572;
	13830	:	582;
	13831	:	572;
	13832	:	572;
	13833	:	572;
	13834	:	572;
	13835	:	572;
	13836	:	582;
	13837	:	582;
	13838	:	582;
	13839	:	582;
	13840	:	572;
	13841	:	572;
	13842	:	571;
	13843	:	472;
	13844	:	572;
	13845	:	462;
	13846	:	462;
	13847	:	453;
	13848	:	453;
	13849	:	443;
	13850	:	443;
	13851	:	443;
	13852	:	443;
	13853	:	443;
	13854	:	453;
	13855	:	453;
	13856	:	462;
	13857	:	462;
	13858	:	462;
	13859	:	572;
	13860	:	472;
	13861	:	571;
	13862	:	571;
	13863	:	571;
	13864	:	572;
	13865	:	571;
	13866	:	572;
	13867	:	572;
	13868	:	562;
	13869	:	563;
	13870	:	553;
	13871	:	553;
	13872	:	553;
	13873	:	553;
	13874	:	654;
	13875	:	654;
	13876	:	654;
	13877	:	654;
	13878	:	663;
	13879	:	663;
	13880	:	563;
	13881	:	663;
	13882	:	562;
	13883	:	572;
	13884	:	572;
	13885	:	683;
	13886	:	683;
	13887	:	794;
	13888	:	896;
	13889	:	9a7;
	13890	:	aa8;
	13891	:	ab9;
	13892	:	bb9;
	13893	:	bba;
	13894	:	cba;
	13895	:	ccb;
	13896	:	ccb;
	13897	:	dcc;
	13898	:	dcc;
	13899	:	dcc;
	13900	:	dcc;
	13901	:	ddd;
	13902	:	ddd;
	13903	:	ddd;
	13904	:	ddd;
	13905	:	edd;
	13906	:	edd;
	13907	:	edd;
	13908	:	edd;
	13909	:	edd;
	13910	:	edd;
	13911	:	ede;
	13912	:	edd;
	13913	:	edd;
	13914	:	ede;
	13915	:	ede;
	13916	:	ede;
	13917	:	ede;
	13918	:	ede;
	13919	:	ede;
	13920	:	ede;
	13921	:	ede;
	13922	:	ede;
	13923	:	ede;
	13924	:	ede;
	13925	:	dde;
	13926	:	ede;
	13927	:	dde;
	13928	:	dcd;
	13929	:	dde;
	13930	:	dde;
	13931	:	dde;
	13932	:	dde;
	13933	:	dcd;
	13934	:	dcd;
	13935	:	dcd;
	13936	:	dcd;
	13937	:	ccc;
	13938	:	cbc;
	13939	:	bbb;
	13940	:	baa;
	13941	:	aa9;
	13942	:	a98;
	13943	:	987;
	13944	:	876;
	13945	:	876;
	13946	:	876;
	13947	:	875;
	13948	:	765;
	13949	:	765;
	13950	:	765;
	13951	:	764;
	13952	:	764;
	13953	:	664;
	13954	:	664;
	13955	:	664;
	13956	:	664;
	13957	:	764;
	13958	:	764;
	13959	:	664;
	13960	:	764;
	13961	:	664;
	13962	:	764;
	13963	:	764;
	13964	:	765;
	13965	:	765;
	13966	:	664;
	13967	:	765;
	13968	:	765;
	13969	:	765;
	13970	:	765;
	13971	:	765;
	13972	:	765;
	13973	:	765;
	13974	:	664;
	13975	:	664;
	13976	:	664;
	13977	:	664;
	13978	:	664;
	13979	:	664;
	13980	:	664;
	13981	:	664;
	13982	:	664;
	13983	:	664;
	13984	:	654;
	13985	:	664;
	13986	:	654;
	13987	:	654;
	13988	:	654;
	13989	:	664;
	13990	:	664;
	13991	:	664;
	13992	:	654;
	13993	:	664;
	13994	:	664;
	13995	:	664;
	13996	:	664;
	13997	:	664;
	13998	:	664;
	13999	:	664;
	14000	:	664;
	14001	:	664;
	14002	:	664;
	14003	:	664;
	14004	:	664;
	14005	:	764;
	14006	:	764;
	14007	:	754;
	14008	:	754;
	14009	:	754;
	14010	:	865;
	14011	:	865;
	14012	:	754;
	14013	:	754;
	14014	:	754;
	14015	:	764;
	14016	:	754;
	14017	:	654;
	14018	:	654;
	14019	:	654;
	14020	:	654;
	14021	:	654;
	14022	:	654;
	14023	:	654;
	14024	:	654;
	14025	:	654;
	14026	:	654;
	14027	:	654;
	14028	:	654;
	14029	:	654;
	14030	:	654;
	14031	:	654;
	14032	:	654;
	14033	:	654;
	14034	:	654;
	14035	:	654;
	14036	:	654;
	14037	:	665;
	14038	:	665;
	14039	:	665;
	14040	:	665;
	14041	:	665;
	14042	:	665;
	14043	:	665;
	14044	:	665;
	14045	:	665;
	14046	:	665;
	14047	:	665;
	14048	:	665;
	14049	:	665;
	14050	:	665;
	14051	:	665;
	14052	:	776;
	14053	:	776;
	14054	:	776;
	14055	:	887;
	14056	:	887;
	14057	:	888;
	14058	:	888;
	14059	:	888;
	14060	:	888;
	14061	:	888;
	14062	:	888;
	14063	:	877;
	14064	:	777;
	14065	:	777;
	14066	:	777;
	14067	:	776;
	14068	:	666;
	14069	:	666;
	14070	:	776;
	14071	:	777;
	14072	:	887;
	14073	:	888;
	14074	:	888;
	14075	:	989;
	14076	:	999;
	14077	:	999;
	14078	:	99a;
	14079	:	99a;
	14080	:	573;
	14081	:	573;
	14082	:	572;
	14083	:	582;
	14084	:	582;
	14085	:	582;
	14086	:	582;
	14087	:	582;
	14088	:	572;
	14089	:	572;
	14090	:	572;
	14091	:	572;
	14092	:	582;
	14093	:	582;
	14094	:	582;
	14095	:	582;
	14096	:	582;
	14097	:	582;
	14098	:	572;
	14099	:	572;
	14100	:	472;
	14101	:	462;
	14102	:	463;
	14103	:	453;
	14104	:	453;
	14105	:	443;
	14106	:	443;
	14107	:	443;
	14108	:	443;
	14109	:	453;
	14110	:	453;
	14111	:	453;
	14112	:	462;
	14113	:	562;
	14114	:	572;
	14115	:	572;
	14116	:	572;
	14117	:	571;
	14118	:	572;
	14119	:	572;
	14120	:	572;
	14121	:	572;
	14122	:	572;
	14123	:	562;
	14124	:	562;
	14125	:	563;
	14126	:	553;
	14127	:	553;
	14128	:	553;
	14129	:	553;
	14130	:	654;
	14131	:	654;
	14132	:	664;
	14133	:	663;
	14134	:	663;
	14135	:	563;
	14136	:	563;
	14137	:	563;
	14138	:	572;
	14139	:	572;
	14140	:	683;
	14141	:	683;
	14142	:	784;
	14143	:	895;
	14144	:	996;
	14145	:	9a7;
	14146	:	ab8;
	14147	:	bb9;
	14148	:	bba;
	14149	:	bba;
	14150	:	cba;
	14151	:	cbb;
	14152	:	ccb;
	14153	:	ccb;
	14154	:	dcc;
	14155	:	dcc;
	14156	:	ddd;
	14157	:	edd;
	14158	:	edd;
	14159	:	ddd;
	14160	:	ddd;
	14161	:	ddd;
	14162	:	ddd;
	14163	:	ddd;
	14164	:	ddd;
	14165	:	ddd;
	14166	:	ddd;
	14167	:	edd;
	14168	:	edd;
	14169	:	edd;
	14170	:	edd;
	14171	:	ddd;
	14172	:	ede;
	14173	:	ede;
	14174	:	edd;
	14175	:	eee;
	14176	:	eee;
	14177	:	ede;
	14178	:	eee;
	14179	:	ede;
	14180	:	ede;
	14181	:	ede;
	14182	:	ede;
	14183	:	dde;
	14184	:	ede;
	14185	:	dde;
	14186	:	ede;
	14187	:	ddd;
	14188	:	ddd;
	14189	:	dcd;
	14190	:	dcd;
	14191	:	dcd;
	14192	:	ccc;
	14193	:	cbc;
	14194	:	cbb;
	14195	:	bab;
	14196	:	aaa;
	14197	:	a99;
	14198	:	998;
	14199	:	987;
	14200	:	876;
	14201	:	876;
	14202	:	776;
	14203	:	765;
	14204	:	765;
	14205	:	765;
	14206	:	765;
	14207	:	765;
	14208	:	664;
	14209	:	764;
	14210	:	764;
	14211	:	664;
	14212	:	764;
	14213	:	664;
	14214	:	764;
	14215	:	664;
	14216	:	764;
	14217	:	764;
	14218	:	764;
	14219	:	764;
	14220	:	765;
	14221	:	765;
	14222	:	765;
	14223	:	765;
	14224	:	765;
	14225	:	764;
	14226	:	765;
	14227	:	765;
	14228	:	765;
	14229	:	765;
	14230	:	765;
	14231	:	665;
	14232	:	665;
	14233	:	665;
	14234	:	664;
	14235	:	664;
	14236	:	664;
	14237	:	664;
	14238	:	664;
	14239	:	664;
	14240	:	664;
	14241	:	664;
	14242	:	664;
	14243	:	654;
	14244	:	654;
	14245	:	664;
	14246	:	654;
	14247	:	664;
	14248	:	654;
	14249	:	654;
	14250	:	664;
	14251	:	664;
	14252	:	664;
	14253	:	664;
	14254	:	654;
	14255	:	664;
	14256	:	664;
	14257	:	664;
	14258	:	764;
	14259	:	854;
	14260	:	b75;
	14261	:	c75;
	14262	:	d65;
	14263	:	e65;
	14264	:	e65;
	14265	:	e65;
	14266	:	e65;
	14267	:	e65;
	14268	:	e54;
	14269	:	f65;
	14270	:	f75;
	14271	:	f65;
	14272	:	e64;
	14273	:	f65;
	14274	:	f75;
	14275	:	f75;
	14276	:	f86;
	14277	:	f75;
	14278	:	f76;
	14279	:	e64;
	14280	:	e64;
	14281	:	e65;
	14282	:	e76;
	14283	:	e86;
	14284	:	d65;
	14285	:	d65;
	14286	:	d65;
	14287	:	d75;
	14288	:	d65;
	14289	:	c65;
	14290	:	b65;
	14291	:	a54;
	14292	:	a54;
	14293	:	954;
	14294	:	854;
	14295	:	754;
	14296	:	754;
	14297	:	754;
	14298	:	754;
	14299	:	664;
	14300	:	665;
	14301	:	665;
	14302	:	665;
	14303	:	665;
	14304	:	665;
	14305	:	665;
	14306	:	665;
	14307	:	665;
	14308	:	665;
	14309	:	776;
	14310	:	776;
	14311	:	777;
	14312	:	777;
	14313	:	877;
	14314	:	887;
	14315	:	888;
	14316	:	888;
	14317	:	888;
	14318	:	887;
	14319	:	888;
	14320	:	777;
	14321	:	777;
	14322	:	777;
	14323	:	776;
	14324	:	666;
	14325	:	665;
	14326	:	666;
	14327	:	777;
	14328	:	777;
	14329	:	777;
	14330	:	888;
	14331	:	888;
	14332	:	888;
	14333	:	999;
	14334	:	999;
	14335	:	999;
	14336	:	573;
	14337	:	573;
	14338	:	572;
	14339	:	582;
	14340	:	582;
	14341	:	582;
	14342	:	582;
	14343	:	582;
	14344	:	572;
	14345	:	572;
	14346	:	572;
	14347	:	572;
	14348	:	582;
	14349	:	582;
	14350	:	582;
	14351	:	582;
	14352	:	582;
	14353	:	582;
	14354	:	572;
	14355	:	572;
	14356	:	472;
	14357	:	462;
	14358	:	463;
	14359	:	453;
	14360	:	453;
	14361	:	443;
	14362	:	443;
	14363	:	443;
	14364	:	443;
	14365	:	453;
	14366	:	453;
	14367	:	453;
	14368	:	462;
	14369	:	562;
	14370	:	572;
	14371	:	572;
	14372	:	572;
	14373	:	571;
	14374	:	572;
	14375	:	572;
	14376	:	572;
	14377	:	572;
	14378	:	572;
	14379	:	562;
	14380	:	562;
	14381	:	563;
	14382	:	553;
	14383	:	553;
	14384	:	553;
	14385	:	553;
	14386	:	654;
	14387	:	654;
	14388	:	664;
	14389	:	663;
	14390	:	663;
	14391	:	563;
	14392	:	563;
	14393	:	563;
	14394	:	572;
	14395	:	572;
	14396	:	683;
	14397	:	683;
	14398	:	784;
	14399	:	895;
	14400	:	996;
	14401	:	9a7;
	14402	:	ab8;
	14403	:	bb9;
	14404	:	bba;
	14405	:	bba;
	14406	:	cba;
	14407	:	cbb;
	14408	:	ccb;
	14409	:	ccb;
	14410	:	dcc;
	14411	:	dcc;
	14412	:	ddd;
	14413	:	edd;
	14414	:	edd;
	14415	:	ddd;
	14416	:	ddd;
	14417	:	ddd;
	14418	:	ddd;
	14419	:	ddd;
	14420	:	ddd;
	14421	:	ddd;
	14422	:	ddd;
	14423	:	edd;
	14424	:	edd;
	14425	:	edd;
	14426	:	edd;
	14427	:	ddd;
	14428	:	ede;
	14429	:	ede;
	14430	:	edd;
	14431	:	eee;
	14432	:	eee;
	14433	:	ede;
	14434	:	eee;
	14435	:	ede;
	14436	:	ede;
	14437	:	ede;
	14438	:	ede;
	14439	:	dde;
	14440	:	ede;
	14441	:	dde;
	14442	:	ede;
	14443	:	ddd;
	14444	:	ddd;
	14445	:	dcd;
	14446	:	dcd;
	14447	:	dcd;
	14448	:	ccc;
	14449	:	cbc;
	14450	:	cbb;
	14451	:	bab;
	14452	:	aaa;
	14453	:	a99;
	14454	:	998;
	14455	:	987;
	14456	:	876;
	14457	:	876;
	14458	:	776;
	14459	:	765;
	14460	:	765;
	14461	:	765;
	14462	:	765;
	14463	:	765;
	14464	:	664;
	14465	:	764;
	14466	:	764;
	14467	:	664;
	14468	:	764;
	14469	:	664;
	14470	:	764;
	14471	:	664;
	14472	:	764;
	14473	:	764;
	14474	:	764;
	14475	:	764;
	14476	:	765;
	14477	:	765;
	14478	:	765;
	14479	:	765;
	14480	:	765;
	14481	:	764;
	14482	:	765;
	14483	:	765;
	14484	:	765;
	14485	:	765;
	14486	:	765;
	14487	:	665;
	14488	:	665;
	14489	:	665;
	14490	:	664;
	14491	:	664;
	14492	:	664;
	14493	:	664;
	14494	:	664;
	14495	:	664;
	14496	:	664;
	14497	:	664;
	14498	:	664;
	14499	:	654;
	14500	:	654;
	14501	:	664;
	14502	:	654;
	14503	:	664;
	14504	:	654;
	14505	:	654;
	14506	:	664;
	14507	:	664;
	14508	:	664;
	14509	:	664;
	14510	:	654;
	14511	:	664;
	14512	:	664;
	14513	:	664;
	14514	:	764;
	14515	:	854;
	14516	:	b75;
	14517	:	c75;
	14518	:	d65;
	14519	:	e65;
	14520	:	e65;
	14521	:	e65;
	14522	:	e65;
	14523	:	e65;
	14524	:	e54;
	14525	:	f65;
	14526	:	f75;
	14527	:	f65;
	14528	:	e64;
	14529	:	f65;
	14530	:	f75;
	14531	:	f75;
	14532	:	f86;
	14533	:	f75;
	14534	:	f76;
	14535	:	e64;
	14536	:	e64;
	14537	:	e65;
	14538	:	e76;
	14539	:	e86;
	14540	:	d65;
	14541	:	d65;
	14542	:	d65;
	14543	:	d75;
	14544	:	d65;
	14545	:	c65;
	14546	:	b65;
	14547	:	a54;
	14548	:	a54;
	14549	:	954;
	14550	:	854;
	14551	:	754;
	14552	:	754;
	14553	:	754;
	14554	:	754;
	14555	:	664;
	14556	:	665;
	14557	:	665;
	14558	:	665;
	14559	:	665;
	14560	:	665;
	14561	:	665;
	14562	:	665;
	14563	:	665;
	14564	:	665;
	14565	:	776;
	14566	:	776;
	14567	:	777;
	14568	:	777;
	14569	:	877;
	14570	:	887;
	14571	:	888;
	14572	:	888;
	14573	:	888;
	14574	:	887;
	14575	:	888;
	14576	:	777;
	14577	:	777;
	14578	:	777;
	14579	:	776;
	14580	:	666;
	14581	:	665;
	14582	:	666;
	14583	:	777;
	14584	:	777;
	14585	:	777;
	14586	:	888;
	14587	:	888;
	14588	:	888;
	14589	:	999;
	14590	:	999;
	14591	:	999;
	14592	:	573;
	14593	:	573;
	14594	:	582;
	14595	:	582;
	14596	:	582;
	14597	:	582;
	14598	:	582;
	14599	:	582;
	14600	:	582;
	14601	:	582;
	14602	:	572;
	14603	:	582;
	14604	:	582;
	14605	:	582;
	14606	:	582;
	14607	:	582;
	14608	:	582;
	14609	:	572;
	14610	:	572;
	14611	:	572;
	14612	:	572;
	14613	:	563;
	14614	:	463;
	14615	:	453;
	14616	:	453;
	14617	:	443;
	14618	:	443;
	14619	:	443;
	14620	:	443;
	14621	:	453;
	14622	:	453;
	14623	:	462;
	14624	:	462;
	14625	:	572;
	14626	:	572;
	14627	:	572;
	14628	:	571;
	14629	:	582;
	14630	:	571;
	14631	:	572;
	14632	:	572;
	14633	:	572;
	14634	:	562;
	14635	:	562;
	14636	:	563;
	14637	:	563;
	14638	:	553;
	14639	:	553;
	14640	:	553;
	14641	:	553;
	14642	:	654;
	14643	:	663;
	14644	:	663;
	14645	:	563;
	14646	:	663;
	14647	:	563;
	14648	:	572;
	14649	:	572;
	14650	:	572;
	14651	:	683;
	14652	:	783;
	14653	:	794;
	14654	:	894;
	14655	:	895;
	14656	:	9a6;
	14657	:	aa7;
	14658	:	aa8;
	14659	:	bb9;
	14660	:	bba;
	14661	:	cba;
	14662	:	cbb;
	14663	:	cbb;
	14664	:	ccb;
	14665	:	dcc;
	14666	:	dcc;
	14667	:	dcc;
	14668	:	dcc;
	14669	:	dcc;
	14670	:	dcc;
	14671	:	dcc;
	14672	:	dcc;
	14673	:	ddc;
	14674	:	ddc;
	14675	:	ddd;
	14676	:	dcc;
	14677	:	edd;
	14678	:	edd;
	14679	:	ede;
	14680	:	edd;
	14681	:	edd;
	14682	:	edd;
	14683	:	edd;
	14684	:	ede;
	14685	:	ede;
	14686	:	eee;
	14687	:	ede;
	14688	:	eee;
	14689	:	ede;
	14690	:	ede;
	14691	:	eee;
	14692	:	ede;
	14693	:	ede;
	14694	:	ede;
	14695	:	ede;
	14696	:	dde;
	14697	:	ddd;
	14698	:	dcd;
	14699	:	dcd;
	14700	:	dcd;
	14701	:	dcd;
	14702	:	cbc;
	14703	:	cbc;
	14704	:	cbc;
	14705	:	cbb;
	14706	:	bbb;
	14707	:	baa;
	14708	:	aa9;
	14709	:	a99;
	14710	:	998;
	14711	:	987;
	14712	:	876;
	14713	:	876;
	14714	:	876;
	14715	:	775;
	14716	:	775;
	14717	:	765;
	14718	:	765;
	14719	:	765;
	14720	:	765;
	14721	:	764;
	14722	:	764;
	14723	:	664;
	14724	:	764;
	14725	:	664;
	14726	:	764;
	14727	:	764;
	14728	:	764;
	14729	:	764;
	14730	:	764;
	14731	:	764;
	14732	:	765;
	14733	:	765;
	14734	:	765;
	14735	:	765;
	14736	:	765;
	14737	:	765;
	14738	:	765;
	14739	:	765;
	14740	:	765;
	14741	:	765;
	14742	:	765;
	14743	:	765;
	14744	:	765;
	14745	:	665;
	14746	:	765;
	14747	:	765;
	14748	:	664;
	14749	:	664;
	14750	:	664;
	14751	:	664;
	14752	:	664;
	14753	:	664;
	14754	:	664;
	14755	:	664;
	14756	:	654;
	14757	:	654;
	14758	:	664;
	14759	:	664;
	14760	:	664;
	14761	:	664;
	14762	:	664;
	14763	:	664;
	14764	:	664;
	14765	:	664;
	14766	:	764;
	14767	:	754;
	14768	:	954;
	14769	:	c65;
	14770	:	e65;
	14771	:	f65;
	14772	:	f65;
	14773	:	f55;
	14774	:	e54;
	14775	:	e54;
	14776	:	e44;
	14777	:	e54;
	14778	:	f54;
	14779	:	f54;
	14780	:	e54;
	14781	:	e44;
	14782	:	f54;
	14783	:	e54;
	14784	:	f54;
	14785	:	f54;
	14786	:	f54;
	14787	:	f54;
	14788	:	f54;
	14789	:	f65;
	14790	:	e54;
	14791	:	e54;
	14792	:	e54;
	14793	:	e54;
	14794	:	e54;
	14795	:	f54;
	14796	:	e53;
	14797	:	e43;
	14798	:	e43;
	14799	:	e44;
	14800	:	e43;
	14801	:	e43;
	14802	:	d43;
	14803	:	e43;
	14804	:	e54;
	14805	:	f54;
	14806	:	e53;
	14807	:	e54;
	14808	:	e43;
	14809	:	e54;
	14810	:	e65;
	14811	:	f76;
	14812	:	d76;
	14813	:	b65;
	14814	:	a64;
	14815	:	854;
	14816	:	754;
	14817	:	754;
	14818	:	665;
	14819	:	665;
	14820	:	665;
	14821	:	766;
	14822	:	766;
	14823	:	776;
	14824	:	776;
	14825	:	776;
	14826	:	777;
	14827	:	777;
	14828	:	877;
	14829	:	777;
	14830	:	787;
	14831	:	777;
	14832	:	777;
	14833	:	777;
	14834	:	777;
	14835	:	766;
	14836	:	666;
	14837	:	665;
	14838	:	666;
	14839	:	776;
	14840	:	777;
	14841	:	777;
	14842	:	887;
	14843	:	887;
	14844	:	888;
	14845	:	888;
	14846	:	889;
	14847	:	999;
	14848	:	573;
	14849	:	573;
	14850	:	572;
	14851	:	582;
	14852	:	582;
	14853	:	582;
	14854	:	572;
	14855	:	572;
	14856	:	582;
	14857	:	572;
	14858	:	582;
	14859	:	582;
	14860	:	582;
	14861	:	582;
	14862	:	582;
	14863	:	582;
	14864	:	582;
	14865	:	572;
	14866	:	572;
	14867	:	572;
	14868	:	462;
	14869	:	563;
	14870	:	462;
	14871	:	453;
	14872	:	453;
	14873	:	443;
	14874	:	443;
	14875	:	443;
	14876	:	453;
	14877	:	453;
	14878	:	453;
	14879	:	563;
	14880	:	572;
	14881	:	572;
	14882	:	572;
	14883	:	572;
	14884	:	572;
	14885	:	572;
	14886	:	572;
	14887	:	571;
	14888	:	572;
	14889	:	572;
	14890	:	562;
	14891	:	562;
	14892	:	563;
	14893	:	563;
	14894	:	553;
	14895	:	553;
	14896	:	553;
	14897	:	654;
	14898	:	554;
	14899	:	663;
	14900	:	664;
	14901	:	563;
	14902	:	563;
	14903	:	572;
	14904	:	572;
	14905	:	572;
	14906	:	572;
	14907	:	683;
	14908	:	794;
	14909	:	894;
	14910	:	894;
	14911	:	895;
	14912	:	9a6;
	14913	:	aa7;
	14914	:	aa8;
	14915	:	bb9;
	14916	:	bba;
	14917	:	cba;
	14918	:	cbb;
	14919	:	cbb;
	14920	:	dcb;
	14921	:	dcb;
	14922	:	dcc;
	14923	:	dcc;
	14924	:	dcc;
	14925	:	dcc;
	14926	:	dcc;
	14927	:	dcc;
	14928	:	dcc;
	14929	:	ddc;
	14930	:	dcc;
	14931	:	ddd;
	14932	:	ddd;
	14933	:	ddd;
	14934	:	ddd;
	14935	:	ddd;
	14936	:	ddd;
	14937	:	ddd;
	14938	:	edd;
	14939	:	edd;
	14940	:	edd;
	14941	:	edd;
	14942	:	eee;
	14943	:	eee;
	14944	:	ede;
	14945	:	eee;
	14946	:	ddd;
	14947	:	ede;
	14948	:	ede;
	14949	:	ede;
	14950	:	ede;
	14951	:	ede;
	14952	:	ede;
	14953	:	ddd;
	14954	:	dcd;
	14955	:	dcd;
	14956	:	dcd;
	14957	:	dcd;
	14958	:	ccc;
	14959	:	cbc;
	14960	:	cbc;
	14961	:	bbb;
	14962	:	bab;
	14963	:	baa;
	14964	:	aa9;
	14965	:	a99;
	14966	:	998;
	14967	:	987;
	14968	:	876;
	14969	:	876;
	14970	:	876;
	14971	:	876;
	14972	:	775;
	14973	:	765;
	14974	:	765;
	14975	:	765;
	14976	:	765;
	14977	:	764;
	14978	:	764;
	14979	:	764;
	14980	:	764;
	14981	:	664;
	14982	:	764;
	14983	:	664;
	14984	:	764;
	14985	:	765;
	14986	:	764;
	14987	:	765;
	14988	:	765;
	14989	:	765;
	14990	:	765;
	14991	:	765;
	14992	:	765;
	14993	:	765;
	14994	:	765;
	14995	:	765;
	14996	:	765;
	14997	:	765;
	14998	:	765;
	14999	:	665;
	15000	:	765;
	15001	:	765;
	15002	:	665;
	15003	:	664;
	15004	:	765;
	15005	:	664;
	15006	:	665;
	15007	:	664;
	15008	:	664;
	15009	:	664;
	15010	:	664;
	15011	:	664;
	15012	:	664;
	15013	:	664;
	15014	:	664;
	15015	:	664;
	15016	:	664;
	15017	:	664;
	15018	:	664;
	15019	:	664;
	15020	:	764;
	15021	:	764;
	15022	:	854;
	15023	:	b65;
	15024	:	e76;
	15025	:	f65;
	15026	:	f65;
	15027	:	e54;
	15028	:	f55;
	15029	:	f54;
	15030	:	f55;
	15031	:	f55;
	15032	:	f65;
	15033	:	f54;
	15034	:	f54;
	15035	:	e44;
	15036	:	e44;
	15037	:	e44;
	15038	:	e54;
	15039	:	f54;
	15040	:	f65;
	15041	:	f55;
	15042	:	e44;
	15043	:	e44;
	15044	:	e54;
	15045	:	f54;
	15046	:	f54;
	15047	:	e54;
	15048	:	e54;
	15049	:	e43;
	15050	:	e54;
	15051	:	f54;
	15052	:	e54;
	15053	:	e54;
	15054	:	e43;
	15055	:	e43;
	15056	:	e43;
	15057	:	e43;
	15058	:	e43;
	15059	:	e43;
	15060	:	e43;
	15061	:	e43;
	15062	:	e43;
	15063	:	d33;
	15064	:	e54;
	15065	:	e43;
	15066	:	e54;
	15067	:	f64;
	15068	:	e64;
	15069	:	e54;
	15070	:	d54;
	15071	:	d64;
	15072	:	d76;
	15073	:	d86;
	15074	:	a75;
	15075	:	854;
	15076	:	754;
	15077	:	765;
	15078	:	766;
	15079	:	766;
	15080	:	776;
	15081	:	776;
	15082	:	776;
	15083	:	776;
	15084	:	776;
	15085	:	777;
	15086	:	777;
	15087	:	777;
	15088	:	777;
	15089	:	777;
	15090	:	777;
	15091	:	666;
	15092	:	666;
	15093	:	665;
	15094	:	666;
	15095	:	666;
	15096	:	777;
	15097	:	777;
	15098	:	877;
	15099	:	787;
	15100	:	888;
	15101	:	888;
	15102	:	888;
	15103	:	888;
	15104	:	573;
	15105	:	573;
	15106	:	583;
	15107	:	582;
	15108	:	582;
	15109	:	582;
	15110	:	582;
	15111	:	582;
	15112	:	582;
	15113	:	582;
	15114	:	572;
	15115	:	582;
	15116	:	582;
	15117	:	582;
	15118	:	582;
	15119	:	582;
	15120	:	582;
	15121	:	572;
	15122	:	572;
	15123	:	572;
	15124	:	562;
	15125	:	562;
	15126	:	463;
	15127	:	453;
	15128	:	453;
	15129	:	443;
	15130	:	443;
	15131	:	443;
	15132	:	453;
	15133	:	453;
	15134	:	563;
	15135	:	563;
	15136	:	572;
	15137	:	572;
	15138	:	572;
	15139	:	582;
	15140	:	572;
	15141	:	582;
	15142	:	571;
	15143	:	572;
	15144	:	572;
	15145	:	572;
	15146	:	562;
	15147	:	563;
	15148	:	563;
	15149	:	553;
	15150	:	553;
	15151	:	553;
	15152	:	554;
	15153	:	553;
	15154	:	664;
	15155	:	663;
	15156	:	563;
	15157	:	563;
	15158	:	573;
	15159	:	572;
	15160	:	572;
	15161	:	572;
	15162	:	682;
	15163	:	683;
	15164	:	794;
	15165	:	894;
	15166	:	895;
	15167	:	895;
	15168	:	9a6;
	15169	:	aa7;
	15170	:	ab8;
	15171	:	bb9;
	15172	:	bba;
	15173	:	cba;
	15174	:	cba;
	15175	:	cbb;
	15176	:	dcb;
	15177	:	ccb;
	15178	:	ccb;
	15179	:	dcc;
	15180	:	dcc;
	15181	:	ccb;
	15182	:	dcc;
	15183	:	ccc;
	15184	:	ccc;
	15185	:	ccc;
	15186	:	dcc;
	15187	:	dcc;
	15188	:	ddc;
	15189	:	ddc;
	15190	:	ddc;
	15191	:	ddd;
	15192	:	ddd;
	15193	:	ddd;
	15194	:	edd;
	15195	:	edd;
	15196	:	edd;
	15197	:	edd;
	15198	:	eee;
	15199	:	eee;
	15200	:	eee;
	15201	:	eee;
	15202	:	eee;
	15203	:	ede;
	15204	:	eee;
	15205	:	ede;
	15206	:	ede;
	15207	:	ede;
	15208	:	ddd;
	15209	:	ede;
	15210	:	dcd;
	15211	:	dcd;
	15212	:	ccc;
	15213	:	ccc;
	15214	:	cbc;
	15215	:	cbb;
	15216	:	bbb;
	15217	:	bbb;
	15218	:	baa;
	15219	:	baa;
	15220	:	a99;
	15221	:	a99;
	15222	:	998;
	15223	:	987;
	15224	:	876;
	15225	:	876;
	15226	:	876;
	15227	:	876;
	15228	:	765;
	15229	:	765;
	15230	:	765;
	15231	:	765;
	15232	:	765;
	15233	:	764;
	15234	:	664;
	15235	:	664;
	15236	:	764;
	15237	:	764;
	15238	:	764;
	15239	:	664;
	15240	:	765;
	15241	:	765;
	15242	:	764;
	15243	:	765;
	15244	:	765;
	15245	:	765;
	15246	:	765;
	15247	:	765;
	15248	:	765;
	15249	:	765;
	15250	:	765;
	15251	:	765;
	15252	:	765;
	15253	:	765;
	15254	:	765;
	15255	:	765;
	15256	:	765;
	15257	:	765;
	15258	:	765;
	15259	:	665;
	15260	:	665;
	15261	:	664;
	15262	:	665;
	15263	:	664;
	15264	:	664;
	15265	:	664;
	15266	:	664;
	15267	:	664;
	15268	:	664;
	15269	:	664;
	15270	:	664;
	15271	:	664;
	15272	:	664;
	15273	:	664;
	15274	:	664;
	15275	:	764;
	15276	:	854;
	15277	:	a65;
	15278	:	d65;
	15279	:	f76;
	15280	:	f65;
	15281	:	f65;
	15282	:	f65;
	15283	:	e44;
	15284	:	e54;
	15285	:	f54;
	15286	:	e54;
	15287	:	f54;
	15288	:	f54;
	15289	:	f54;
	15290	:	e44;
	15291	:	f44;
	15292	:	f54;
	15293	:	f55;
	15294	:	e54;
	15295	:	e44;
	15296	:	d32;
	15297	:	d43;
	15298	:	e43;
	15299	:	d43;
	15300	:	e43;
	15301	:	e44;
	15302	:	e44;
	15303	:	e43;
	15304	:	e43;
	15305	:	e43;
	15306	:	e43;
	15307	:	e44;
	15308	:	e54;
	15309	:	e43;
	15310	:	f54;
	15311	:	f54;
	15312	:	e43;
	15313	:	e43;
	15314	:	e43;
	15315	:	d33;
	15316	:	d33;
	15317	:	d33;
	15318	:	e43;
	15319	:	e43;
	15320	:	d43;
	15321	:	e43;
	15322	:	e54;
	15323	:	f64;
	15324	:	f65;
	15325	:	f75;
	15326	:	f54;
	15327	:	e54;
	15328	:	e54;
	15329	:	e54;
	15330	:	d54;
	15331	:	d65;
	15332	:	c65;
	15333	:	964;
	15334	:	865;
	15335	:	765;
	15336	:	766;
	15337	:	766;
	15338	:	776;
	15339	:	776;
	15340	:	776;
	15341	:	776;
	15342	:	776;
	15343	:	776;
	15344	:	777;
	15345	:	776;
	15346	:	776;
	15347	:	776;
	15348	:	666;
	15349	:	666;
	15350	:	665;
	15351	:	666;
	15352	:	776;
	15353	:	776;
	15354	:	777;
	15355	:	777;
	15356	:	777;
	15357	:	887;
	15358	:	888;
	15359	:	888;
	15360	:	573;
	15361	:	573;
	15362	:	572;
	15363	:	582;
	15364	:	582;
	15365	:	582;
	15366	:	582;
	15367	:	582;
	15368	:	582;
	15369	:	572;
	15370	:	582;
	15371	:	582;
	15372	:	582;
	15373	:	582;
	15374	:	582;
	15375	:	582;
	15376	:	582;
	15377	:	582;
	15378	:	572;
	15379	:	572;
	15380	:	562;
	15381	:	462;
	15382	:	462;
	15383	:	453;
	15384	:	453;
	15385	:	443;
	15386	:	443;
	15387	:	443;
	15388	:	453;
	15389	:	563;
	15390	:	563;
	15391	:	562;
	15392	:	572;
	15393	:	572;
	15394	:	572;
	15395	:	582;
	15396	:	582;
	15397	:	571;
	15398	:	571;
	15399	:	572;
	15400	:	572;
	15401	:	572;
	15402	:	562;
	15403	:	563;
	15404	:	563;
	15405	:	553;
	15406	:	553;
	15407	:	554;
	15408	:	553;
	15409	:	554;
	15410	:	553;
	15411	:	563;
	15412	:	563;
	15413	:	563;
	15414	:	573;
	15415	:	572;
	15416	:	572;
	15417	:	582;
	15418	:	683;
	15419	:	794;
	15420	:	894;
	15421	:	894;
	15422	:	895;
	15423	:	895;
	15424	:	9a6;
	15425	:	aa7;
	15426	:	bb8;
	15427	:	bb9;
	15428	:	bba;
	15429	:	cba;
	15430	:	cba;
	15431	:	cbb;
	15432	:	cbb;
	15433	:	ccb;
	15434	:	ccb;
	15435	:	cbb;
	15436	:	ccb;
	15437	:	ccb;
	15438	:	ccb;
	15439	:	ccb;
	15440	:	ccb;
	15441	:	ccc;
	15442	:	ccc;
	15443	:	ccc;
	15444	:	dcc;
	15445	:	ccc;
	15446	:	dcc;
	15447	:	ddd;
	15448	:	ddd;
	15449	:	ddd;
	15450	:	ddd;
	15451	:	edd;
	15452	:	ede;
	15453	:	eee;
	15454	:	edd;
	15455	:	eee;
	15456	:	eee;
	15457	:	ede;
	15458	:	ede;
	15459	:	ede;
	15460	:	ede;
	15461	:	ede;
	15462	:	ddd;
	15463	:	edd;
	15464	:	ddd;
	15465	:	dcd;
	15466	:	dcc;
	15467	:	ccc;
	15468	:	ccc;
	15469	:	cbc;
	15470	:	cbb;
	15471	:	cbb;
	15472	:	bab;
	15473	:	baa;
	15474	:	baa;
	15475	:	a99;
	15476	:	a99;
	15477	:	a98;
	15478	:	998;
	15479	:	987;
	15480	:	887;
	15481	:	876;
	15482	:	876;
	15483	:	776;
	15484	:	775;
	15485	:	765;
	15486	:	765;
	15487	:	765;
	15488	:	765;
	15489	:	764;
	15490	:	764;
	15491	:	764;
	15492	:	764;
	15493	:	764;
	15494	:	764;
	15495	:	764;
	15496	:	764;
	15497	:	765;
	15498	:	764;
	15499	:	764;
	15500	:	765;
	15501	:	765;
	15502	:	765;
	15503	:	765;
	15504	:	765;
	15505	:	765;
	15506	:	765;
	15507	:	765;
	15508	:	765;
	15509	:	765;
	15510	:	765;
	15511	:	765;
	15512	:	765;
	15513	:	765;
	15514	:	765;
	15515	:	765;
	15516	:	765;
	15517	:	664;
	15518	:	665;
	15519	:	664;
	15520	:	664;
	15521	:	664;
	15522	:	664;
	15523	:	664;
	15524	:	664;
	15525	:	664;
	15526	:	664;
	15527	:	664;
	15528	:	764;
	15529	:	754;
	15530	:	954;
	15531	:	b65;
	15532	:	e76;
	15533	:	e65;
	15534	:	e54;
	15535	:	f55;
	15536	:	e54;
	15537	:	e44;
	15538	:	e54;
	15539	:	e54;
	15540	:	e54;
	15541	:	f54;
	15542	:	e44;
	15543	:	e44;
	15544	:	e44;
	15545	:	e43;
	15546	:	e43;
	15547	:	e44;
	15548	:	e54;
	15549	:	e54;
	15550	:	e54;
	15551	:	e44;
	15552	:	f54;
	15553	:	f54;
	15554	:	f54;
	15555	:	f54;
	15556	:	f54;
	15557	:	e54;
	15558	:	e44;
	15559	:	e43;
	15560	:	e54;
	15561	:	e43;
	15562	:	e43;
	15563	:	e43;
	15564	:	e43;
	15565	:	e44;
	15566	:	e43;
	15567	:	e43;
	15568	:	e43;
	15569	:	e43;
	15570	:	e44;
	15571	:	d43;
	15572	:	d33;
	15573	:	d33;
	15574	:	e43;
	15575	:	e44;
	15576	:	e43;
	15577	:	e43;
	15578	:	e43;
	15579	:	e43;
	15580	:	e43;
	15581	:	d43;
	15582	:	e54;
	15583	:	e43;
	15584	:	e43;
	15585	:	d33;
	15586	:	d43;
	15587	:	d43;
	15588	:	d44;
	15589	:	d65;
	15590	:	c65;
	15591	:	b65;
	15592	:	a65;
	15593	:	865;
	15594	:	765;
	15595	:	765;
	15596	:	776;
	15597	:	776;
	15598	:	776;
	15599	:	776;
	15600	:	776;
	15601	:	776;
	15602	:	776;
	15603	:	776;
	15604	:	666;
	15605	:	665;
	15606	:	665;
	15607	:	666;
	15608	:	666;
	15609	:	776;
	15610	:	776;
	15611	:	776;
	15612	:	777;
	15613	:	777;
	15614	:	888;
	15615	:	888;
	15616	:	573;
	15617	:	573;
	15618	:	582;
	15619	:	582;
	15620	:	582;
	15621	:	582;
	15622	:	582;
	15623	:	582;
	15624	:	582;
	15625	:	582;
	15626	:	582;
	15627	:	582;
	15628	:	582;
	15629	:	582;
	15630	:	582;
	15631	:	582;
	15632	:	582;
	15633	:	572;
	15634	:	572;
	15635	:	572;
	15636	:	562;
	15637	:	563;
	15638	:	463;
	15639	:	453;
	15640	:	453;
	15641	:	443;
	15642	:	443;
	15643	:	553;
	15644	:	453;
	15645	:	463;
	15646	:	563;
	15647	:	562;
	15648	:	572;
	15649	:	572;
	15650	:	572;
	15651	:	572;
	15652	:	581;
	15653	:	571;
	15654	:	571;
	15655	:	572;
	15656	:	572;
	15657	:	572;
	15658	:	562;
	15659	:	563;
	15660	:	563;
	15661	:	553;
	15662	:	553;
	15663	:	553;
	15664	:	553;
	15665	:	553;
	15666	:	563;
	15667	:	563;
	15668	:	563;
	15669	:	573;
	15670	:	572;
	15671	:	572;
	15672	:	572;
	15673	:	682;
	15674	:	683;
	15675	:	794;
	15676	:	895;
	15677	:	895;
	15678	:	895;
	15679	:	895;
	15680	:	9a6;
	15681	:	aa7;
	15682	:	aa8;
	15683	:	bb9;
	15684	:	bba;
	15685	:	bba;
	15686	:	cba;
	15687	:	cbb;
	15688	:	cbb;
	15689	:	ccb;
	15690	:	cbb;
	15691	:	ccb;
	15692	:	ccb;
	15693	:	ccb;
	15694	:	ccb;
	15695	:	ccb;
	15696	:	ccb;
	15697	:	ccb;
	15698	:	ccb;
	15699	:	ccb;
	15700	:	ccb;
	15701	:	ccc;
	15702	:	dcc;
	15703	:	ddc;
	15704	:	ddc;
	15705	:	ddd;
	15706	:	edd;
	15707	:	ddd;
	15708	:	edd;
	15709	:	edd;
	15710	:	edd;
	15711	:	eed;
	15712	:	ede;
	15713	:	edd;
	15714	:	edd;
	15715	:	edd;
	15716	:	edd;
	15717	:	ddd;
	15718	:	ddd;
	15719	:	edd;
	15720	:	dcd;
	15721	:	dcd;
	15722	:	dcd;
	15723	:	ccc;
	15724	:	cbc;
	15725	:	cbc;
	15726	:	bbb;
	15727	:	bab;
	15728	:	baa;
	15729	:	baa;
	15730	:	aaa;
	15731	:	a99;
	15732	:	a99;
	15733	:	a99;
	15734	:	988;
	15735	:	987;
	15736	:	877;
	15737	:	876;
	15738	:	876;
	15739	:	776;
	15740	:	776;
	15741	:	765;
	15742	:	765;
	15743	:	765;
	15744	:	765;
	15745	:	764;
	15746	:	764;
	15747	:	764;
	15748	:	764;
	15749	:	664;
	15750	:	764;
	15751	:	764;
	15752	:	764;
	15753	:	764;
	15754	:	764;
	15755	:	765;
	15756	:	765;
	15757	:	764;
	15758	:	765;
	15759	:	765;
	15760	:	765;
	15761	:	765;
	15762	:	765;
	15763	:	765;
	15764	:	765;
	15765	:	765;
	15766	:	765;
	15767	:	765;
	15768	:	665;
	15769	:	765;
	15770	:	765;
	15771	:	765;
	15772	:	665;
	15773	:	765;
	15774	:	664;
	15775	:	664;
	15776	:	664;
	15777	:	664;
	15778	:	664;
	15779	:	664;
	15780	:	664;
	15781	:	664;
	15782	:	664;
	15783	:	754;
	15784	:	854;
	15785	:	d76;
	15786	:	d65;
	15787	:	e65;
	15788	:	f65;
	15789	:	f55;
	15790	:	e44;
	15791	:	d33;
	15792	:	e54;
	15793	:	e54;
	15794	:	f76;
	15795	:	e44;
	15796	:	e44;
	15797	:	e44;
	15798	:	e44;
	15799	:	e44;
	15800	:	e44;
	15801	:	e44;
	15802	:	e33;
	15803	:	e44;
	15804	:	e43;
	15805	:	e43;
	15806	:	e43;
	15807	:	e43;
	15808	:	e43;
	15809	:	d33;
	15810	:	d43;
	15811	:	e43;
	15812	:	e44;
	15813	:	d43;
	15814	:	e43;
	15815	:	e43;
	15816	:	e54;
	15817	:	e43;
	15818	:	e43;
	15819	:	e44;
	15820	:	f54;
	15821	:	e44;
	15822	:	e43;
	15823	:	e43;
	15824	:	e43;
	15825	:	e43;
	15826	:	e43;
	15827	:	f54;
	15828	:	e43;
	15829	:	d33;
	15830	:	e43;
	15831	:	e43;
	15832	:	e44;
	15833	:	d33;
	15834	:	d33;
	15835	:	d43;
	15836	:	e43;
	15837	:	e54;
	15838	:	e54;
	15839	:	e43;
	15840	:	e43;
	15841	:	e54;
	15842	:	f54;
	15843	:	d43;
	15844	:	d43;
	15845	:	d43;
	15846	:	d43;
	15847	:	d43;
	15848	:	d54;
	15849	:	d65;
	15850	:	b65;
	15851	:	965;
	15852	:	865;
	15853	:	765;
	15854	:	766;
	15855	:	776;
	15856	:	776;
	15857	:	776;
	15858	:	776;
	15859	:	666;
	15860	:	666;
	15861	:	665;
	15862	:	665;
	15863	:	666;
	15864	:	666;
	15865	:	776;
	15866	:	776;
	15867	:	776;
	15868	:	776;
	15869	:	776;
	15870	:	777;
	15871	:	777;
	15872	:	573;
	15873	:	573;
	15874	:	582;
	15875	:	582;
	15876	:	582;
	15877	:	582;
	15878	:	582;
	15879	:	582;
	15880	:	582;
	15881	:	582;
	15882	:	582;
	15883	:	582;
	15884	:	582;
	15885	:	582;
	15886	:	582;
	15887	:	582;
	15888	:	582;
	15889	:	572;
	15890	:	572;
	15891	:	572;
	15892	:	562;
	15893	:	563;
	15894	:	463;
	15895	:	453;
	15896	:	453;
	15897	:	443;
	15898	:	443;
	15899	:	553;
	15900	:	453;
	15901	:	463;
	15902	:	563;
	15903	:	562;
	15904	:	572;
	15905	:	572;
	15906	:	572;
	15907	:	572;
	15908	:	581;
	15909	:	571;
	15910	:	571;
	15911	:	572;
	15912	:	572;
	15913	:	572;
	15914	:	562;
	15915	:	563;
	15916	:	563;
	15917	:	553;
	15918	:	553;
	15919	:	553;
	15920	:	553;
	15921	:	553;
	15922	:	563;
	15923	:	563;
	15924	:	563;
	15925	:	573;
	15926	:	572;
	15927	:	572;
	15928	:	572;
	15929	:	682;
	15930	:	683;
	15931	:	794;
	15932	:	895;
	15933	:	895;
	15934	:	895;
	15935	:	895;
	15936	:	9a6;
	15937	:	aa7;
	15938	:	aa8;
	15939	:	bb9;
	15940	:	bba;
	15941	:	bba;
	15942	:	cba;
	15943	:	cbb;
	15944	:	cbb;
	15945	:	ccb;
	15946	:	cbb;
	15947	:	ccb;
	15948	:	ccb;
	15949	:	ccb;
	15950	:	ccb;
	15951	:	ccb;
	15952	:	ccb;
	15953	:	ccb;
	15954	:	ccb;
	15955	:	ccb;
	15956	:	ccb;
	15957	:	ccc;
	15958	:	dcc;
	15959	:	ddc;
	15960	:	ddc;
	15961	:	ddd;
	15962	:	edd;
	15963	:	ddd;
	15964	:	edd;
	15965	:	edd;
	15966	:	edd;
	15967	:	eed;
	15968	:	ede;
	15969	:	edd;
	15970	:	edd;
	15971	:	edd;
	15972	:	edd;
	15973	:	ddd;
	15974	:	ddd;
	15975	:	edd;
	15976	:	dcd;
	15977	:	dcd;
	15978	:	dcd;
	15979	:	ccc;
	15980	:	cbc;
	15981	:	cbc;
	15982	:	bbb;
	15983	:	bab;
	15984	:	baa;
	15985	:	baa;
	15986	:	aaa;
	15987	:	a99;
	15988	:	a99;
	15989	:	a99;
	15990	:	988;
	15991	:	987;
	15992	:	877;
	15993	:	876;
	15994	:	876;
	15995	:	776;
	15996	:	776;
	15997	:	765;
	15998	:	765;
	15999	:	765;
	16000	:	765;
	16001	:	764;
	16002	:	764;
	16003	:	764;
	16004	:	764;
	16005	:	664;
	16006	:	764;
	16007	:	764;
	16008	:	764;
	16009	:	764;
	16010	:	764;
	16011	:	765;
	16012	:	765;
	16013	:	764;
	16014	:	765;
	16015	:	765;
	16016	:	765;
	16017	:	765;
	16018	:	765;
	16019	:	765;
	16020	:	765;
	16021	:	765;
	16022	:	765;
	16023	:	765;
	16024	:	665;
	16025	:	765;
	16026	:	765;
	16027	:	765;
	16028	:	665;
	16029	:	765;
	16030	:	664;
	16031	:	664;
	16032	:	664;
	16033	:	664;
	16034	:	664;
	16035	:	664;
	16036	:	664;
	16037	:	664;
	16038	:	664;
	16039	:	754;
	16040	:	854;
	16041	:	d76;
	16042	:	d65;
	16043	:	e65;
	16044	:	f65;
	16045	:	f55;
	16046	:	e44;
	16047	:	d33;
	16048	:	e54;
	16049	:	e54;
	16050	:	f76;
	16051	:	e44;
	16052	:	e44;
	16053	:	e44;
	16054	:	e44;
	16055	:	e44;
	16056	:	e44;
	16057	:	e44;
	16058	:	e33;
	16059	:	e44;
	16060	:	e43;
	16061	:	e43;
	16062	:	e43;
	16063	:	e43;
	16064	:	e43;
	16065	:	d33;
	16066	:	d43;
	16067	:	e43;
	16068	:	e44;
	16069	:	d43;
	16070	:	e43;
	16071	:	e43;
	16072	:	e54;
	16073	:	e43;
	16074	:	e43;
	16075	:	e44;
	16076	:	f54;
	16077	:	e44;
	16078	:	e43;
	16079	:	e43;
	16080	:	e43;
	16081	:	e43;
	16082	:	e43;
	16083	:	f54;
	16084	:	e43;
	16085	:	d33;
	16086	:	e43;
	16087	:	e43;
	16088	:	e44;
	16089	:	d33;
	16090	:	d33;
	16091	:	d43;
	16092	:	e43;
	16093	:	e54;
	16094	:	e54;
	16095	:	e43;
	16096	:	e43;
	16097	:	e54;
	16098	:	f54;
	16099	:	d43;
	16100	:	d43;
	16101	:	d43;
	16102	:	d43;
	16103	:	d43;
	16104	:	d54;
	16105	:	d65;
	16106	:	b65;
	16107	:	965;
	16108	:	865;
	16109	:	765;
	16110	:	766;
	16111	:	776;
	16112	:	776;
	16113	:	776;
	16114	:	776;
	16115	:	666;
	16116	:	666;
	16117	:	665;
	16118	:	665;
	16119	:	666;
	16120	:	666;
	16121	:	776;
	16122	:	776;
	16123	:	776;
	16124	:	776;
	16125	:	776;
	16126	:	777;
	16127	:	777;
	16128	:	673;
	16129	:	573;
	16130	:	582;
	16131	:	582;
	16132	:	582;
	16133	:	582;
	16134	:	582;
	16135	:	582;
	16136	:	582;
	16137	:	572;
	16138	:	582;
	16139	:	582;
	16140	:	582;
	16141	:	582;
	16142	:	582;
	16143	:	582;
	16144	:	572;
	16145	:	582;
	16146	:	572;
	16147	:	572;
	16148	:	562;
	16149	:	563;
	16150	:	563;
	16151	:	453;
	16152	:	453;
	16153	:	453;
	16154	:	453;
	16155	:	453;
	16156	:	563;
	16157	:	563;
	16158	:	563;
	16159	:	572;
	16160	:	572;
	16161	:	572;
	16162	:	582;
	16163	:	582;
	16164	:	581;
	16165	:	582;
	16166	:	572;
	16167	:	572;
	16168	:	572;
	16169	:	572;
	16170	:	562;
	16171	:	563;
	16172	:	553;
	16173	:	553;
	16174	:	553;
	16175	:	554;
	16176	:	553;
	16177	:	563;
	16178	:	563;
	16179	:	563;
	16180	:	563;
	16181	:	572;
	16182	:	572;
	16183	:	572;
	16184	:	683;
	16185	:	683;
	16186	:	783;
	16187	:	894;
	16188	:	895;
	16189	:	895;
	16190	:	895;
	16191	:	995;
	16192	:	996;
	16193	:	aa7;
	16194	:	aa8;
	16195	:	bb9;
	16196	:	cba;
	16197	:	cba;
	16198	:	cba;
	16199	:	cba;
	16200	:	cba;
	16201	:	bba;
	16202	:	bba;
	16203	:	bba;
	16204	:	bba;
	16205	:	bba;
	16206	:	bba;
	16207	:	bba;
	16208	:	bba;
	16209	:	bba;
	16210	:	bba;
	16211	:	bba;
	16212	:	cba;
	16213	:	ccb;
	16214	:	ccb;
	16215	:	ccb;
	16216	:	dcc;
	16217	:	dcc;
	16218	:	dcc;
	16219	:	ddd;
	16220	:	edd;
	16221	:	ddd;
	16222	:	edd;
	16223	:	edd;
	16224	:	ddd;
	16225	:	edd;
	16226	:	dcc;
	16227	:	ddd;
	16228	:	ddd;
	16229	:	ddd;
	16230	:	dcc;
	16231	:	dcc;
	16232	:	ddd;
	16233	:	ccc;
	16234	:	ccc;
	16235	:	ccc;
	16236	:	cbb;
	16237	:	cbb;
	16238	:	baa;
	16239	:	baa;
	16240	:	aaa;
	16241	:	aaa;
	16242	:	aa9;
	16243	:	a99;
	16244	:	a99;
	16245	:	a98;
	16246	:	998;
	16247	:	987;
	16248	:	887;
	16249	:	876;
	16250	:	876;
	16251	:	876;
	16252	:	775;
	16253	:	765;
	16254	:	765;
	16255	:	765;
	16256	:	764;
	16257	:	764;
	16258	:	764;
	16259	:	664;
	16260	:	764;
	16261	:	764;
	16262	:	764;
	16263	:	764;
	16264	:	764;
	16265	:	764;
	16266	:	764;
	16267	:	765;
	16268	:	765;
	16269	:	765;
	16270	:	765;
	16271	:	765;
	16272	:	765;
	16273	:	765;
	16274	:	764;
	16275	:	765;
	16276	:	765;
	16277	:	765;
	16278	:	765;
	16279	:	765;
	16280	:	664;
	16281	:	765;
	16282	:	765;
	16283	:	664;
	16284	:	664;
	16285	:	664;
	16286	:	665;
	16287	:	664;
	16288	:	664;
	16289	:	664;
	16290	:	664;
	16291	:	664;
	16292	:	765;
	16293	:	b65;
	16294	:	e86;
	16295	:	e65;
	16296	:	f65;
	16297	:	e54;
	16298	:	e54;
	16299	:	e44;
	16300	:	d33;
	16301	:	e44;
	16302	:	e44;
	16303	:	d44;
	16304	:	e44;
	16305	:	e44;
	16306	:	e54;
	16307	:	e44;
	16308	:	e44;
	16309	:	e44;
	16310	:	e54;
	16311	:	f54;
	16312	:	d43;
	16313	:	d43;
	16314	:	d33;
	16315	:	d33;
	16316	:	d33;
	16317	:	d33;
	16318	:	d33;
	16319	:	d33;
	16320	:	d33;
	16321	:	e43;
	16322	:	d33;
	16323	:	d33;
	16324	:	d43;
	16325	:	d43;
	16326	:	d32;
	16327	:	d33;
	16328	:	d33;
	16329	:	e43;
	16330	:	e44;
	16331	:	e44;
	16332	:	e44;
	16333	:	d43;
	16334	:	d33;
	16335	:	e43;
	16336	:	d43;
	16337	:	d43;
	16338	:	e43;
	16339	:	e43;
	16340	:	e54;
	16341	:	d33;
	16342	:	d33;
	16343	:	d43;
	16344	:	d43;
	16345	:	d43;
	16346	:	e43;
	16347	:	e43;
	16348	:	e44;
	16349	:	f54;
	16350	:	f54;
	16351	:	e53;
	16352	:	e54;
	16353	:	f54;
	16354	:	e54;
	16355	:	f54;
	16356	:	f54;
	16357	:	e43;
	16358	:	d43;
	16359	:	d33;
	16360	:	d33;
	16361	:	d33;
	16362	:	d32;
	16363	:	c32;
	16364	:	d43;
	16365	:	c43;
	16366	:	c54;
	16367	:	b65;
	16368	:	a65;
	16369	:	855;
	16370	:	765;
	16371	:	665;
	16372	:	665;
	16373	:	665;
	16374	:	665;
	16375	:	665;
	16376	:	665;
	16377	:	665;
	16378	:	665;
	16379	:	665;
	16380	:	665;
	16381	:	766;
	16382	:	776;
	16383	:	776;
	16384	:	673;
	16385	:	573;
	16386	:	582;
	16387	:	582;
	16388	:	582;
	16389	:	582;
	16390	:	582;
	16391	:	582;
	16392	:	582;
	16393	:	572;
	16394	:	582;
	16395	:	582;
	16396	:	582;
	16397	:	582;
	16398	:	582;
	16399	:	582;
	16400	:	572;
	16401	:	582;
	16402	:	572;
	16403	:	572;
	16404	:	562;
	16405	:	563;
	16406	:	563;
	16407	:	453;
	16408	:	453;
	16409	:	453;
	16410	:	453;
	16411	:	453;
	16412	:	563;
	16413	:	563;
	16414	:	563;
	16415	:	572;
	16416	:	572;
	16417	:	572;
	16418	:	582;
	16419	:	582;
	16420	:	581;
	16421	:	582;
	16422	:	572;
	16423	:	572;
	16424	:	572;
	16425	:	572;
	16426	:	562;
	16427	:	563;
	16428	:	553;
	16429	:	553;
	16430	:	553;
	16431	:	554;
	16432	:	553;
	16433	:	563;
	16434	:	563;
	16435	:	563;
	16436	:	563;
	16437	:	572;
	16438	:	572;
	16439	:	572;
	16440	:	683;
	16441	:	683;
	16442	:	783;
	16443	:	894;
	16444	:	895;
	16445	:	895;
	16446	:	895;
	16447	:	995;
	16448	:	996;
	16449	:	aa7;
	16450	:	aa8;
	16451	:	bb9;
	16452	:	cba;
	16453	:	cba;
	16454	:	cba;
	16455	:	cba;
	16456	:	cba;
	16457	:	bba;
	16458	:	bba;
	16459	:	bba;
	16460	:	bba;
	16461	:	bba;
	16462	:	bba;
	16463	:	bba;
	16464	:	bba;
	16465	:	bba;
	16466	:	bba;
	16467	:	bba;
	16468	:	cba;
	16469	:	ccb;
	16470	:	ccb;
	16471	:	ccb;
	16472	:	dcc;
	16473	:	dcc;
	16474	:	dcc;
	16475	:	ddd;
	16476	:	edd;
	16477	:	ddd;
	16478	:	edd;
	16479	:	edd;
	16480	:	ddd;
	16481	:	edd;
	16482	:	dcc;
	16483	:	ddd;
	16484	:	ddd;
	16485	:	ddd;
	16486	:	dcc;
	16487	:	dcc;
	16488	:	ddd;
	16489	:	ccc;
	16490	:	ccc;
	16491	:	ccc;
	16492	:	cbb;
	16493	:	cbb;
	16494	:	baa;
	16495	:	baa;
	16496	:	aaa;
	16497	:	aaa;
	16498	:	aa9;
	16499	:	a99;
	16500	:	a99;
	16501	:	a98;
	16502	:	998;
	16503	:	987;
	16504	:	887;
	16505	:	876;
	16506	:	876;
	16507	:	876;
	16508	:	775;
	16509	:	765;
	16510	:	765;
	16511	:	765;
	16512	:	764;
	16513	:	764;
	16514	:	764;
	16515	:	664;
	16516	:	764;
	16517	:	764;
	16518	:	764;
	16519	:	764;
	16520	:	764;
	16521	:	764;
	16522	:	764;
	16523	:	765;
	16524	:	765;
	16525	:	765;
	16526	:	765;
	16527	:	765;
	16528	:	765;
	16529	:	765;
	16530	:	764;
	16531	:	765;
	16532	:	765;
	16533	:	765;
	16534	:	765;
	16535	:	765;
	16536	:	664;
	16537	:	765;
	16538	:	765;
	16539	:	664;
	16540	:	664;
	16541	:	664;
	16542	:	665;
	16543	:	664;
	16544	:	664;
	16545	:	664;
	16546	:	664;
	16547	:	664;
	16548	:	765;
	16549	:	b65;
	16550	:	e86;
	16551	:	e65;
	16552	:	f65;
	16553	:	e54;
	16554	:	e54;
	16555	:	e44;
	16556	:	d33;
	16557	:	e44;
	16558	:	e44;
	16559	:	d44;
	16560	:	e44;
	16561	:	e44;
	16562	:	e54;
	16563	:	e44;
	16564	:	e44;
	16565	:	e44;
	16566	:	e54;
	16567	:	f54;
	16568	:	d43;
	16569	:	d43;
	16570	:	d33;
	16571	:	d33;
	16572	:	d33;
	16573	:	d33;
	16574	:	d33;
	16575	:	d33;
	16576	:	d33;
	16577	:	e43;
	16578	:	d33;
	16579	:	d33;
	16580	:	d43;
	16581	:	d43;
	16582	:	d32;
	16583	:	d33;
	16584	:	d33;
	16585	:	e43;
	16586	:	e44;
	16587	:	e44;
	16588	:	e44;
	16589	:	d43;
	16590	:	d33;
	16591	:	e43;
	16592	:	d43;
	16593	:	d43;
	16594	:	e43;
	16595	:	e43;
	16596	:	e54;
	16597	:	d33;
	16598	:	d33;
	16599	:	d43;
	16600	:	d43;
	16601	:	d43;
	16602	:	e43;
	16603	:	e43;
	16604	:	e44;
	16605	:	f54;
	16606	:	f54;
	16607	:	e53;
	16608	:	e54;
	16609	:	f54;
	16610	:	e54;
	16611	:	f54;
	16612	:	f54;
	16613	:	e43;
	16614	:	d43;
	16615	:	d33;
	16616	:	d33;
	16617	:	d33;
	16618	:	d32;
	16619	:	c32;
	16620	:	d43;
	16621	:	c43;
	16622	:	c54;
	16623	:	b65;
	16624	:	a65;
	16625	:	855;
	16626	:	765;
	16627	:	665;
	16628	:	665;
	16629	:	665;
	16630	:	665;
	16631	:	665;
	16632	:	665;
	16633	:	665;
	16634	:	665;
	16635	:	665;
	16636	:	665;
	16637	:	766;
	16638	:	776;
	16639	:	776;
	16640	:	573;
	16641	:	582;
	16642	:	582;
	16643	:	582;
	16644	:	582;
	16645	:	582;
	16646	:	582;
	16647	:	582;
	16648	:	582;
	16649	:	582;
	16650	:	582;
	16651	:	582;
	16652	:	582;
	16653	:	582;
	16654	:	582;
	16655	:	582;
	16656	:	582;
	16657	:	572;
	16658	:	572;
	16659	:	572;
	16660	:	462;
	16661	:	563;
	16662	:	453;
	16663	:	453;
	16664	:	453;
	16665	:	453;
	16666	:	453;
	16667	:	553;
	16668	:	563;
	16669	:	563;
	16670	:	573;
	16671	:	572;
	16672	:	572;
	16673	:	582;
	16674	:	582;
	16675	:	582;
	16676	:	582;
	16677	:	572;
	16678	:	571;
	16679	:	572;
	16680	:	562;
	16681	:	562;
	16682	:	562;
	16683	:	563;
	16684	:	553;
	16685	:	553;
	16686	:	554;
	16687	:	553;
	16688	:	563;
	16689	:	563;
	16690	:	563;
	16691	:	562;
	16692	:	572;
	16693	:	572;
	16694	:	572;
	16695	:	682;
	16696	:	683;
	16697	:	794;
	16698	:	894;
	16699	:	895;
	16700	:	895;
	16701	:	895;
	16702	:	995;
	16703	:	996;
	16704	:	996;
	16705	:	aa7;
	16706	:	ba8;
	16707	:	ba9;
	16708	:	cb9;
	16709	:	bb9;
	16710	:	bba;
	16711	:	bba;
	16712	:	bb9;
	16713	:	bb9;
	16714	:	bb9;
	16715	:	bb9;
	16716	:	aa9;
	16717	:	aa8;
	16718	:	bb9;
	16719	:	bb9;
	16720	:	bb9;
	16721	:	cba;
	16722	:	cca;
	16723	:	dcb;
	16724	:	ddb;
	16725	:	dcb;
	16726	:	ddb;
	16727	:	ddc;
	16728	:	ddc;
	16729	:	ddc;
	16730	:	ddc;
	16731	:	edd;
	16732	:	edd;
	16733	:	edd;
	16734	:	edd;
	16735	:	edd;
	16736	:	edd;
	16737	:	dcc;
	16738	:	dcc;
	16739	:	dcc;
	16740	:	dcc;
	16741	:	ccb;
	16742	:	ccb;
	16743	:	ccb;
	16744	:	ccb;
	16745	:	ccb;
	16746	:	cbb;
	16747	:	cbb;
	16748	:	cbb;
	16749	:	baa;
	16750	:	baa;
	16751	:	aa9;
	16752	:	aa9;
	16753	:	a99;
	16754	:	a99;
	16755	:	998;
	16756	:	998;
	16757	:	998;
	16758	:	988;
	16759	:	987;
	16760	:	887;
	16761	:	887;
	16762	:	876;
	16763	:	876;
	16764	:	775;
	16765	:	775;
	16766	:	765;
	16767	:	765;
	16768	:	765;
	16769	:	765;
	16770	:	765;
	16771	:	764;
	16772	:	764;
	16773	:	764;
	16774	:	764;
	16775	:	764;
	16776	:	764;
	16777	:	764;
	16778	:	764;
	16779	:	764;
	16780	:	765;
	16781	:	765;
	16782	:	765;
	16783	:	764;
	16784	:	764;
	16785	:	764;
	16786	:	765;
	16787	:	765;
	16788	:	765;
	16789	:	765;
	16790	:	764;
	16791	:	765;
	16792	:	664;
	16793	:	664;
	16794	:	665;
	16795	:	765;
	16796	:	665;
	16797	:	665;
	16798	:	664;
	16799	:	664;
	16800	:	764;
	16801	:	764;
	16802	:	754;
	16803	:	b65;
	16804	:	e76;
	16805	:	f66;
	16806	:	e55;
	16807	:	e54;
	16808	:	e55;
	16809	:	d44;
	16810	:	e54;
	16811	:	e44;
	16812	:	e44;
	16813	:	e44;
	16814	:	e44;
	16815	:	d43;
	16816	:	d44;
	16817	:	d44;
	16818	:	d43;
	16819	:	d44;
	16820	:	d44;
	16821	:	e44;
	16822	:	d44;
	16823	:	d43;
	16824	:	e44;
	16825	:	f54;
	16826	:	e54;
	16827	:	f54;
	16828	:	e44;
	16829	:	e44;
	16830	:	f54;
	16831	:	e54;
	16832	:	e44;
	16833	:	e44;
	16834	:	e43;
	16835	:	e43;
	16836	:	d43;
	16837	:	d43;
	16838	:	e43;
	16839	:	d43;
	16840	:	d33;
	16841	:	e44;
	16842	:	e44;
	16843	:	e43;
	16844	:	e44;
	16845	:	e43;
	16846	:	e43;
	16847	:	d43;
	16848	:	e43;
	16849	:	d43;
	16850	:	d43;
	16851	:	d43;
	16852	:	d43;
	16853	:	d43;
	16854	:	d33;
	16855	:	d32;
	16856	:	d32;
	16857	:	d33;
	16858	:	d33;
	16859	:	d33;
	16860	:	d33;
	16861	:	d33;
	16862	:	d33;
	16863	:	d32;
	16864	:	d32;
	16865	:	d32;
	16866	:	d43;
	16867	:	e43;
	16868	:	e53;
	16869	:	e43;
	16870	:	e53;
	16871	:	e43;
	16872	:	e43;
	16873	:	e33;
	16874	:	d33;
	16875	:	e43;
	16876	:	e43;
	16877	:	e43;
	16878	:	f65;
	16879	:	e54;
	16880	:	e54;
	16881	:	e54;
	16882	:	d54;
	16883	:	c44;
	16884	:	c54;
	16885	:	a65;
	16886	:	865;
	16887	:	665;
	16888	:	665;
	16889	:	665;
	16890	:	655;
	16891	:	655;
	16892	:	665;
	16893	:	665;
	16894	:	665;
	16895	:	665;
	16896	:	573;
	16897	:	582;
	16898	:	582;
	16899	:	582;
	16900	:	582;
	16901	:	582;
	16902	:	582;
	16903	:	582;
	16904	:	582;
	16905	:	582;
	16906	:	582;
	16907	:	582;
	16908	:	582;
	16909	:	582;
	16910	:	582;
	16911	:	582;
	16912	:	582;
	16913	:	572;
	16914	:	572;
	16915	:	572;
	16916	:	562;
	16917	:	563;
	16918	:	463;
	16919	:	453;
	16920	:	453;
	16921	:	453;
	16922	:	553;
	16923	:	553;
	16924	:	563;
	16925	:	563;
	16926	:	573;
	16927	:	572;
	16928	:	572;
	16929	:	582;
	16930	:	582;
	16931	:	582;
	16932	:	581;
	16933	:	572;
	16934	:	572;
	16935	:	572;
	16936	:	572;
	16937	:	562;
	16938	:	563;
	16939	:	563;
	16940	:	553;
	16941	:	553;
	16942	:	553;
	16943	:	553;
	16944	:	563;
	16945	:	563;
	16946	:	563;
	16947	:	572;
	16948	:	572;
	16949	:	572;
	16950	:	572;
	16951	:	683;
	16952	:	793;
	16953	:	794;
	16954	:	894;
	16955	:	895;
	16956	:	895;
	16957	:	895;
	16958	:	996;
	16959	:	996;
	16960	:	9a7;
	16961	:	aa7;
	16962	:	ba8;
	16963	:	bb9;
	16964	:	ba9;
	16965	:	bb9;
	16966	:	ba9;
	16967	:	ba9;
	16968	:	ba9;
	16969	:	ba9;
	16970	:	ab9;
	16971	:	aa8;
	16972	:	aa8;
	16973	:	aa8;
	16974	:	bb8;
	16975	:	bb9;
	16976	:	cc9;
	16977	:	cca;
	16978	:	dca;
	16979	:	edc;
	16980	:	eec;
	16981	:	edc;
	16982	:	eec;
	16983	:	edc;
	16984	:	edc;
	16985	:	fed;
	16986	:	fed;
	16987	:	fed;
	16988	:	edd;
	16989	:	eed;
	16990	:	eed;
	16991	:	eed;
	16992	:	edd;
	16993	:	ddc;
	16994	:	dcc;
	16995	:	ccb;
	16996	:	ccb;
	16997	:	ccb;
	16998	:	cbb;
	16999	:	cba;
	17000	:	ccb;
	17001	:	cbb;
	17002	:	cbb;
	17003	:	bba;
	17004	:	bba;
	17005	:	baa;
	17006	:	aa9;
	17007	:	aa9;
	17008	:	a99;
	17009	:	aa9;
	17010	:	a99;
	17011	:	998;
	17012	:	998;
	17013	:	998;
	17014	:	988;
	17015	:	987;
	17016	:	887;
	17017	:	887;
	17018	:	887;
	17019	:	876;
	17020	:	775;
	17021	:	775;
	17022	:	775;
	17023	:	765;
	17024	:	765;
	17025	:	765;
	17026	:	764;
	17027	:	764;
	17028	:	764;
	17029	:	664;
	17030	:	664;
	17031	:	664;
	17032	:	664;
	17033	:	764;
	17034	:	764;
	17035	:	764;
	17036	:	764;
	17037	:	764;
	17038	:	764;
	17039	:	765;
	17040	:	764;
	17041	:	765;
	17042	:	664;
	17043	:	765;
	17044	:	764;
	17045	:	665;
	17046	:	765;
	17047	:	665;
	17048	:	765;
	17049	:	665;
	17050	:	664;
	17051	:	664;
	17052	:	664;
	17053	:	664;
	17054	:	664;
	17055	:	765;
	17056	:	754;
	17057	:	854;
	17058	:	d77;
	17059	:	d55;
	17060	:	e55;
	17061	:	e55;
	17062	:	e55;
	17063	:	d44;
	17064	:	d44;
	17065	:	e54;
	17066	:	d33;
	17067	:	e44;
	17068	:	e44;
	17069	:	d43;
	17070	:	d33;
	17071	:	e44;
	17072	:	e44;
	17073	:	e44;
	17074	:	d44;
	17075	:	e44;
	17076	:	d44;
	17077	:	d43;
	17078	:	e44;
	17079	:	d43;
	17080	:	d44;
	17081	:	e44;
	17082	:	e44;
	17083	:	e44;
	17084	:	e44;
	17085	:	e44;
	17086	:	d43;
	17087	:	d43;
	17088	:	e44;
	17089	:	e43;
	17090	:	d33;
	17091	:	d43;
	17092	:	d33;
	17093	:	e44;
	17094	:	f54;
	17095	:	e43;
	17096	:	e44;
	17097	:	e44;
	17098	:	e44;
	17099	:	e43;
	17100	:	e43;
	17101	:	d43;
	17102	:	d43;
	17103	:	d32;
	17104	:	c32;
	17105	:	c32;
	17106	:	d43;
	17107	:	d43;
	17108	:	d43;
	17109	:	d43;
	17110	:	d33;
	17111	:	d43;
	17112	:	d33;
	17113	:	d33;
	17114	:	d33;
	17115	:	d33;
	17116	:	d33;
	17117	:	d33;
	17118	:	d43;
	17119	:	e54;
	17120	:	f54;
	17121	:	f54;
	17122	:	f54;
	17123	:	e44;
	17124	:	d43;
	17125	:	d33;
	17126	:	d32;
	17127	:	d33;
	17128	:	e43;
	17129	:	e33;
	17130	:	d33;
	17131	:	d33;
	17132	:	d33;
	17133	:	d33;
	17134	:	d33;
	17135	:	e54;
	17136	:	d43;
	17137	:	d32;
	17138	:	d33;
	17139	:	c32;
	17140	:	c43;
	17141	:	c43;
	17142	:	a55;
	17143	:	765;
	17144	:	665;
	17145	:	665;
	17146	:	654;
	17147	:	654;
	17148	:	654;
	17149	:	665;
	17150	:	654;
	17151	:	665;
	17152	:	583;
	17153	:	582;
	17154	:	582;
	17155	:	582;
	17156	:	582;
	17157	:	582;
	17158	:	582;
	17159	:	582;
	17160	:	572;
	17161	:	582;
	17162	:	582;
	17163	:	582;
	17164	:	582;
	17165	:	582;
	17166	:	582;
	17167	:	582;
	17168	:	582;
	17169	:	572;
	17170	:	572;
	17171	:	562;
	17172	:	563;
	17173	:	563;
	17174	:	553;
	17175	:	453;
	17176	:	453;
	17177	:	453;
	17178	:	553;
	17179	:	553;
	17180	:	563;
	17181	:	563;
	17182	:	572;
	17183	:	572;
	17184	:	582;
	17185	:	582;
	17186	:	582;
	17187	:	582;
	17188	:	582;
	17189	:	572;
	17190	:	572;
	17191	:	572;
	17192	:	572;
	17193	:	562;
	17194	:	563;
	17195	:	553;
	17196	:	553;
	17197	:	553;
	17198	:	553;
	17199	:	563;
	17200	:	563;
	17201	:	563;
	17202	:	563;
	17203	:	572;
	17204	:	572;
	17205	:	572;
	17206	:	572;
	17207	:	683;
	17208	:	794;
	17209	:	794;
	17210	:	894;
	17211	:	894;
	17212	:	895;
	17213	:	895;
	17214	:	996;
	17215	:	996;
	17216	:	aa7;
	17217	:	aa7;
	17218	:	aa8;
	17219	:	aa8;
	17220	:	ba9;
	17221	:	aa8;
	17222	:	ba9;
	17223	:	aa8;
	17224	:	aa9;
	17225	:	aa8;
	17226	:	aa8;
	17227	:	aa7;
	17228	:	aa8;
	17229	:	aa8;
	17230	:	bb9;
	17231	:	cb9;
	17232	:	cca;
	17233	:	dca;
	17234	:	edb;
	17235	:	edc;
	17236	:	eec;
	17237	:	fec;
	17238	:	fec;
	17239	:	fed;
	17240	:	fed;
	17241	:	fed;
	17242	:	fed;
	17243	:	fee;
	17244	:	ffe;
	17245	:	ffe;
	17246	:	fee;
	17247	:	eed;
	17248	:	edd;
	17249	:	ddc;
	17250	:	dcc;
	17251	:	ccb;
	17252	:	ccb;
	17253	:	cba;
	17254	:	bba;
	17255	:	bba;
	17256	:	bba;
	17257	:	bba;
	17258	:	bba;
	17259	:	bba;
	17260	:	baa;
	17261	:	baa;
	17262	:	aa9;
	17263	:	a99;
	17264	:	a99;
	17265	:	a98;
	17266	:	998;
	17267	:	998;
	17268	:	998;
	17269	:	988;
	17270	:	988;
	17271	:	987;
	17272	:	987;
	17273	:	887;
	17274	:	876;
	17275	:	876;
	17276	:	775;
	17277	:	765;
	17278	:	775;
	17279	:	765;
	17280	:	765;
	17281	:	765;
	17282	:	765;
	17283	:	764;
	17284	:	764;
	17285	:	764;
	17286	:	664;
	17287	:	764;
	17288	:	664;
	17289	:	764;
	17290	:	764;
	17291	:	764;
	17292	:	764;
	17293	:	765;
	17294	:	764;
	17295	:	764;
	17296	:	764;
	17297	:	765;
	17298	:	664;
	17299	:	764;
	17300	:	764;
	17301	:	764;
	17302	:	764;
	17303	:	664;
	17304	:	765;
	17305	:	665;
	17306	:	664;
	17307	:	664;
	17308	:	765;
	17309	:	664;
	17310	:	765;
	17311	:	754;
	17312	:	b65;
	17313	:	e87;
	17314	:	e55;
	17315	:	e55;
	17316	:	f76;
	17317	:	d44;
	17318	:	d44;
	17319	:	d44;
	17320	:	d44;
	17321	:	e44;
	17322	:	d44;
	17323	:	d44;
	17324	:	d44;
	17325	:	d33;
	17326	:	e44;
	17327	:	d44;
	17328	:	d44;
	17329	:	d44;
	17330	:	d44;
	17331	:	d43;
	17332	:	d44;
	17333	:	d43;
	17334	:	d43;
	17335	:	d44;
	17336	:	e44;
	17337	:	d44;
	17338	:	d44;
	17339	:	d43;
	17340	:	e44;
	17341	:	d43;
	17342	:	d43;
	17343	:	d43;
	17344	:	d43;
	17345	:	e43;
	17346	:	d33;
	17347	:	d33;
	17348	:	d43;
	17349	:	d43;
	17350	:	e43;
	17351	:	d43;
	17352	:	d43;
	17353	:	d33;
	17354	:	d43;
	17355	:	d43;
	17356	:	d43;
	17357	:	d43;
	17358	:	d43;
	17359	:	d33;
	17360	:	c33;
	17361	:	d43;
	17362	:	d43;
	17363	:	d43;
	17364	:	d43;
	17365	:	d43;
	17366	:	d43;
	17367	:	d43;
	17368	:	d33;
	17369	:	d32;
	17370	:	d32;
	17371	:	d33;
	17372	:	d33;
	17373	:	e43;
	17374	:	e43;
	17375	:	f65;
	17376	:	e54;
	17377	:	e54;
	17378	:	f54;
	17379	:	f55;
	17380	:	f55;
	17381	:	e44;
	17382	:	e44;
	17383	:	e44;
	17384	:	e43;
	17385	:	d33;
	17386	:	d33;
	17387	:	d33;
	17388	:	d32;
	17389	:	d32;
	17390	:	d33;
	17391	:	d43;
	17392	:	d33;
	17393	:	d43;
	17394	:	d43;
	17395	:	d43;
	17396	:	c32;
	17397	:	c43;
	17398	:	c54;
	17399	:	854;
	17400	:	665;
	17401	:	665;
	17402	:	654;
	17403	:	654;
	17404	:	654;
	17405	:	654;
	17406	:	654;
	17407	:	665;
	17408	:	572;
	17409	:	572;
	17410	:	582;
	17411	:	582;
	17412	:	582;
	17413	:	582;
	17414	:	582;
	17415	:	582;
	17416	:	582;
	17417	:	582;
	17418	:	582;
	17419	:	582;
	17420	:	582;
	17421	:	582;
	17422	:	582;
	17423	:	582;
	17424	:	582;
	17425	:	572;
	17426	:	572;
	17427	:	572;
	17428	:	563;
	17429	:	563;
	17430	:	553;
	17431	:	553;
	17432	:	453;
	17433	:	553;
	17434	:	553;
	17435	:	563;
	17436	:	563;
	17437	:	563;
	17438	:	572;
	17439	:	572;
	17440	:	582;
	17441	:	582;
	17442	:	581;
	17443	:	582;
	17444	:	582;
	17445	:	572;
	17446	:	572;
	17447	:	572;
	17448	:	562;
	17449	:	563;
	17450	:	553;
	17451	:	553;
	17452	:	553;
	17453	:	553;
	17454	:	563;
	17455	:	563;
	17456	:	563;
	17457	:	563;
	17458	:	573;
	17459	:	572;
	17460	:	572;
	17461	:	572;
	17462	:	572;
	17463	:	683;
	17464	:	794;
	17465	:	794;
	17466	:	894;
	17467	:	895;
	17468	:	895;
	17469	:	996;
	17470	:	996;
	17471	:	996;
	17472	:	aa7;
	17473	:	a97;
	17474	:	a97;
	17475	:	aa8;
	17476	:	aa8;
	17477	:	aa8;
	17478	:	aa8;
	17479	:	aa8;
	17480	:	aa8;
	17481	:	aa8;
	17482	:	9a7;
	17483	:	aa7;
	17484	:	aa7;
	17485	:	bb8;
	17486	:	cb9;
	17487	:	cc9;
	17488	:	dca;
	17489	:	ddb;
	17490	:	edb;
	17491	:	fec;
	17492	:	fec;
	17493	:	fed;
	17494	:	fed;
	17495	:	ffe;
	17496	:	fed;
	17497	:	ffe;
	17498	:	ffe;
	17499	:	ffe;
	17500	:	ffe;
	17501	:	ffe;
	17502	:	fee;
	17503	:	fee;
	17504	:	eed;
	17505	:	ddc;
	17506	:	dcb;
	17507	:	ccb;
	17508	:	ccb;
	17509	:	bba;
	17510	:	bba;
	17511	:	ba9;
	17512	:	bb9;
	17513	:	ba9;
	17514	:	bba;
	17515	:	baa;
	17516	:	ba9;
	17517	:	aa9;
	17518	:	aa9;
	17519	:	a99;
	17520	:	a99;
	17521	:	998;
	17522	:	998;
	17523	:	998;
	17524	:	998;
	17525	:	998;
	17526	:	988;
	17527	:	987;
	17528	:	987;
	17529	:	887;
	17530	:	877;
	17531	:	876;
	17532	:	775;
	17533	:	765;
	17534	:	775;
	17535	:	775;
	17536	:	765;
	17537	:	765;
	17538	:	664;
	17539	:	764;
	17540	:	764;
	17541	:	664;
	17542	:	664;
	17543	:	664;
	17544	:	664;
	17545	:	664;
	17546	:	764;
	17547	:	764;
	17548	:	764;
	17549	:	764;
	17550	:	764;
	17551	:	764;
	17552	:	764;
	17553	:	764;
	17554	:	765;
	17555	:	765;
	17556	:	765;
	17557	:	765;
	17558	:	664;
	17559	:	765;
	17560	:	765;
	17561	:	665;
	17562	:	665;
	17563	:	664;
	17564	:	764;
	17565	:	764;
	17566	:	764;
	17567	:	a65;
	17568	:	e66;
	17569	:	d55;
	17570	:	e65;
	17571	:	e66;
	17572	:	e66;
	17573	:	c44;
	17574	:	c43;
	17575	:	c43;
	17576	:	d44;
	17577	:	d33;
	17578	:	d33;
	17579	:	d33;
	17580	:	d33;
	17581	:	d33;
	17582	:	d44;
	17583	:	d44;
	17584	:	d43;
	17585	:	d44;
	17586	:	d43;
	17587	:	d44;
	17588	:	d33;
	17589	:	d43;
	17590	:	d43;
	17591	:	d43;
	17592	:	c33;
	17593	:	d43;
	17594	:	d43;
	17595	:	d43;
	17596	:	d44;
	17597	:	d44;
	17598	:	d44;
	17599	:	d43;
	17600	:	d33;
	17601	:	d33;
	17602	:	d33;
	17603	:	d33;
	17604	:	d33;
	17605	:	d33;
	17606	:	d43;
	17607	:	d43;
	17608	:	d43;
	17609	:	d43;
	17610	:	d43;
	17611	:	d33;
	17612	:	c33;
	17613	:	c33;
	17614	:	d43;
	17615	:	d43;
	17616	:	d43;
	17617	:	d43;
	17618	:	d54;
	17619	:	d43;
	17620	:	d43;
	17621	:	d43;
	17622	:	d33;
	17623	:	c32;
	17624	:	c32;
	17625	:	d33;
	17626	:	d33;
	17627	:	d43;
	17628	:	d33;
	17629	:	d33;
	17630	:	d43;
	17631	:	f65;
	17632	:	f87;
	17633	:	e55;
	17634	:	e65;
	17635	:	f66;
	17636	:	f66;
	17637	:	f76;
	17638	:	f66;
	17639	:	f65;
	17640	:	e43;
	17641	:	e43;
	17642	:	e43;
	17643	:	e43;
	17644	:	e44;
	17645	:	d33;
	17646	:	d43;
	17647	:	e43;
	17648	:	d43;
	17649	:	d33;
	17650	:	d43;
	17651	:	d43;
	17652	:	d43;
	17653	:	c43;
	17654	:	c43;
	17655	:	b64;
	17656	:	854;
	17657	:	654;
	17658	:	665;
	17659	:	654;
	17660	:	664;
	17661	:	654;
	17662	:	664;
	17663	:	654;
	17664	:	583;
	17665	:	582;
	17666	:	582;
	17667	:	582;
	17668	:	582;
	17669	:	582;
	17670	:	582;
	17671	:	582;
	17672	:	582;
	17673	:	582;
	17674	:	582;
	17675	:	582;
	17676	:	582;
	17677	:	582;
	17678	:	582;
	17679	:	582;
	17680	:	572;
	17681	:	572;
	17682	:	572;
	17683	:	563;
	17684	:	563;
	17685	:	563;
	17686	:	553;
	17687	:	453;
	17688	:	553;
	17689	:	553;
	17690	:	553;
	17691	:	563;
	17692	:	563;
	17693	:	573;
	17694	:	572;
	17695	:	572;
	17696	:	582;
	17697	:	582;
	17698	:	582;
	17699	:	582;
	17700	:	581;
	17701	:	572;
	17702	:	572;
	17703	:	572;
	17704	:	462;
	17705	:	562;
	17706	:	563;
	17707	:	553;
	17708	:	553;
	17709	:	553;
	17710	:	563;
	17711	:	563;
	17712	:	563;
	17713	:	563;
	17714	:	573;
	17715	:	572;
	17716	:	572;
	17717	:	572;
	17718	:	682;
	17719	:	683;
	17720	:	794;
	17721	:	894;
	17722	:	895;
	17723	:	895;
	17724	:	995;
	17725	:	996;
	17726	:	996;
	17727	:	a97;
	17728	:	997;
	17729	:	a97;
	17730	:	a97;
	17731	:	a97;
	17732	:	a97;
	17733	:	aa7;
	17734	:	aa8;
	17735	:	aa7;
	17736	:	9a7;
	17737	:	9a7;
	17738	:	996;
	17739	:	aa7;
	17740	:	bb8;
	17741	:	cb9;
	17742	:	cca;
	17743	:	dda;
	17744	:	edb;
	17745	:	eec;
	17746	:	fec;
	17747	:	fed;
	17748	:	ffd;
	17749	:	ffe;
	17750	:	ffe;
	17751	:	ffe;
	17752	:	ffe;
	17753	:	ffe;
	17754	:	ffe;
	17755	:	ffe;
	17756	:	ffe;
	17757	:	ffe;
	17758	:	fee;
	17759	:	eed;
	17760	:	ddc;
	17761	:	ddc;
	17762	:	dcb;
	17763	:	ccb;
	17764	:	ccb;
	17765	:	cba;
	17766	:	bba;
	17767	:	ba9;
	17768	:	ba9;
	17769	:	bb9;
	17770	:	aa9;
	17771	:	aa9;
	17772	:	aa9;
	17773	:	aa9;
	17774	:	aa9;
	17775	:	a98;
	17776	:	999;
	17777	:	998;
	17778	:	998;
	17779	:	998;
	17780	:	998;
	17781	:	987;
	17782	:	887;
	17783	:	987;
	17784	:	987;
	17785	:	887;
	17786	:	887;
	17787	:	876;
	17788	:	775;
	17789	:	775;
	17790	:	775;
	17791	:	765;
	17792	:	765;
	17793	:	765;
	17794	:	764;
	17795	:	764;
	17796	:	664;
	17797	:	664;
	17798	:	664;
	17799	:	664;
	17800	:	764;
	17801	:	664;
	17802	:	764;
	17803	:	764;
	17804	:	764;
	17805	:	764;
	17806	:	764;
	17807	:	764;
	17808	:	764;
	17809	:	764;
	17810	:	664;
	17811	:	764;
	17812	:	664;
	17813	:	664;
	17814	:	664;
	17815	:	664;
	17816	:	665;
	17817	:	664;
	17818	:	764;
	17819	:	765;
	17820	:	764;
	17821	:	754;
	17822	:	a65;
	17823	:	f77;
	17824	:	e55;
	17825	:	c44;
	17826	:	e55;
	17827	:	e55;
	17828	:	c44;
	17829	:	d44;
	17830	:	c43;
	17831	:	d44;
	17832	:	d43;
	17833	:	c33;
	17834	:	c33;
	17835	:	c33;
	17836	:	d33;
	17837	:	d43;
	17838	:	d44;
	17839	:	d44;
	17840	:	d44;
	17841	:	c33;
	17842	:	d43;
	17843	:	c43;
	17844	:	d43;
	17845	:	d43;
	17846	:	c43;
	17847	:	c33;
	17848	:	c33;
	17849	:	c33;
	17850	:	c33;
	17851	:	d43;
	17852	:	d44;
	17853	:	d43;
	17854	:	d43;
	17855	:	d43;
	17856	:	d43;
	17857	:	d43;
	17858	:	d43;
	17859	:	c33;
	17860	:	c33;
	17861	:	d43;
	17862	:	d43;
	17863	:	d43;
	17864	:	d43;
	17865	:	d44;
	17866	:	d44;
	17867	:	d44;
	17868	:	d33;
	17869	:	c33;
	17870	:	c33;
	17871	:	d43;
	17872	:	d43;
	17873	:	d43;
	17874	:	c32;
	17875	:	d43;
	17876	:	d43;
	17877	:	c32;
	17878	:	c32;
	17879	:	d43;
	17880	:	d43;
	17881	:	c33;
	17882	:	c32;
	17883	:	d33;
	17884	:	d33;
	17885	:	d33;
	17886	:	e44;
	17887	:	e54;
	17888	:	e66;
	17889	:	f98;
	17890	:	f88;
	17891	:	f88;
	17892	:	f88;
	17893	:	f88;
	17894	:	f77;
	17895	:	f76;
	17896	:	f76;
	17897	:	e44;
	17898	:	d33;
	17899	:	d33;
	17900	:	d33;
	17901	:	c32;
	17902	:	d43;
	17903	:	d43;
	17904	:	d33;
	17905	:	c32;
	17906	:	d43;
	17907	:	c32;
	17908	:	d43;
	17909	:	c32;
	17910	:	d43;
	17911	:	d53;
	17912	:	c64;
	17913	:	965;
	17914	:	754;
	17915	:	664;
	17916	:	664;
	17917	:	664;
	17918	:	654;
	17919	:	654;
	17920	:	583;
	17921	:	582;
	17922	:	582;
	17923	:	582;
	17924	:	582;
	17925	:	582;
	17926	:	582;
	17927	:	582;
	17928	:	582;
	17929	:	582;
	17930	:	582;
	17931	:	582;
	17932	:	582;
	17933	:	582;
	17934	:	582;
	17935	:	582;
	17936	:	572;
	17937	:	572;
	17938	:	572;
	17939	:	563;
	17940	:	563;
	17941	:	563;
	17942	:	553;
	17943	:	453;
	17944	:	553;
	17945	:	553;
	17946	:	553;
	17947	:	563;
	17948	:	563;
	17949	:	573;
	17950	:	572;
	17951	:	572;
	17952	:	582;
	17953	:	582;
	17954	:	582;
	17955	:	582;
	17956	:	581;
	17957	:	572;
	17958	:	572;
	17959	:	572;
	17960	:	462;
	17961	:	562;
	17962	:	563;
	17963	:	553;
	17964	:	553;
	17965	:	553;
	17966	:	563;
	17967	:	563;
	17968	:	563;
	17969	:	563;
	17970	:	573;
	17971	:	572;
	17972	:	572;
	17973	:	572;
	17974	:	682;
	17975	:	683;
	17976	:	794;
	17977	:	894;
	17978	:	895;
	17979	:	895;
	17980	:	995;
	17981	:	996;
	17982	:	996;
	17983	:	a97;
	17984	:	997;
	17985	:	a97;
	17986	:	a97;
	17987	:	a97;
	17988	:	a97;
	17989	:	aa7;
	17990	:	aa8;
	17991	:	aa7;
	17992	:	9a7;
	17993	:	9a7;
	17994	:	996;
	17995	:	aa7;
	17996	:	bb8;
	17997	:	cb9;
	17998	:	cca;
	17999	:	dda;
	18000	:	edb;
	18001	:	eec;
	18002	:	fec;
	18003	:	fed;
	18004	:	ffd;
	18005	:	ffe;
	18006	:	ffe;
	18007	:	ffe;
	18008	:	ffe;
	18009	:	ffe;
	18010	:	ffe;
	18011	:	ffe;
	18012	:	ffe;
	18013	:	ffe;
	18014	:	fee;
	18015	:	eed;
	18016	:	ddc;
	18017	:	ddc;
	18018	:	dcb;
	18019	:	ccb;
	18020	:	ccb;
	18021	:	cba;
	18022	:	bba;
	18023	:	ba9;
	18024	:	ba9;
	18025	:	bb9;
	18026	:	aa9;
	18027	:	aa9;
	18028	:	aa9;
	18029	:	aa9;
	18030	:	aa9;
	18031	:	a98;
	18032	:	999;
	18033	:	998;
	18034	:	998;
	18035	:	998;
	18036	:	998;
	18037	:	987;
	18038	:	887;
	18039	:	987;
	18040	:	987;
	18041	:	887;
	18042	:	887;
	18043	:	876;
	18044	:	775;
	18045	:	775;
	18046	:	775;
	18047	:	765;
	18048	:	765;
	18049	:	765;
	18050	:	764;
	18051	:	764;
	18052	:	664;
	18053	:	664;
	18054	:	664;
	18055	:	664;
	18056	:	764;
	18057	:	664;
	18058	:	764;
	18059	:	764;
	18060	:	764;
	18061	:	764;
	18062	:	764;
	18063	:	764;
	18064	:	764;
	18065	:	764;
	18066	:	664;
	18067	:	764;
	18068	:	664;
	18069	:	664;
	18070	:	664;
	18071	:	664;
	18072	:	665;
	18073	:	664;
	18074	:	764;
	18075	:	765;
	18076	:	764;
	18077	:	754;
	18078	:	a65;
	18079	:	f77;
	18080	:	e55;
	18081	:	c44;
	18082	:	e55;
	18083	:	e55;
	18084	:	c44;
	18085	:	d44;
	18086	:	c43;
	18087	:	d44;
	18088	:	d43;
	18089	:	c33;
	18090	:	c33;
	18091	:	c33;
	18092	:	d33;
	18093	:	d43;
	18094	:	d44;
	18095	:	d44;
	18096	:	d44;
	18097	:	c33;
	18098	:	d43;
	18099	:	c43;
	18100	:	d43;
	18101	:	d43;
	18102	:	c43;
	18103	:	c33;
	18104	:	c33;
	18105	:	c33;
	18106	:	c33;
	18107	:	d43;
	18108	:	d44;
	18109	:	d43;
	18110	:	d43;
	18111	:	d43;
	18112	:	d43;
	18113	:	d43;
	18114	:	d43;
	18115	:	c33;
	18116	:	c33;
	18117	:	d43;
	18118	:	d43;
	18119	:	d43;
	18120	:	d43;
	18121	:	d44;
	18122	:	d44;
	18123	:	d44;
	18124	:	d33;
	18125	:	c33;
	18126	:	c33;
	18127	:	d43;
	18128	:	d43;
	18129	:	d43;
	18130	:	c32;
	18131	:	d43;
	18132	:	d43;
	18133	:	c32;
	18134	:	c32;
	18135	:	d43;
	18136	:	d43;
	18137	:	c33;
	18138	:	c32;
	18139	:	d33;
	18140	:	d33;
	18141	:	d33;
	18142	:	e44;
	18143	:	e54;
	18144	:	e66;
	18145	:	f98;
	18146	:	f88;
	18147	:	f88;
	18148	:	f88;
	18149	:	f88;
	18150	:	f77;
	18151	:	f76;
	18152	:	f76;
	18153	:	e44;
	18154	:	d33;
	18155	:	d33;
	18156	:	d33;
	18157	:	c32;
	18158	:	d43;
	18159	:	d43;
	18160	:	d33;
	18161	:	c32;
	18162	:	d43;
	18163	:	c32;
	18164	:	d43;
	18165	:	c32;
	18166	:	d43;
	18167	:	d53;
	18168	:	c64;
	18169	:	965;
	18170	:	754;
	18171	:	664;
	18172	:	664;
	18173	:	664;
	18174	:	654;
	18175	:	654;
	18176	:	582;
	18177	:	582;
	18178	:	582;
	18179	:	582;
	18180	:	582;
	18181	:	582;
	18182	:	572;
	18183	:	582;
	18184	:	582;
	18185	:	582;
	18186	:	582;
	18187	:	582;
	18188	:	582;
	18189	:	582;
	18190	:	582;
	18191	:	582;
	18192	:	582;
	18193	:	572;
	18194	:	572;
	18195	:	563;
	18196	:	563;
	18197	:	563;
	18198	:	453;
	18199	:	453;
	18200	:	553;
	18201	:	553;
	18202	:	563;
	18203	:	563;
	18204	:	573;
	18205	:	573;
	18206	:	572;
	18207	:	572;
	18208	:	582;
	18209	:	582;
	18210	:	582;
	18211	:	582;
	18212	:	582;
	18213	:	572;
	18214	:	572;
	18215	:	562;
	18216	:	563;
	18217	:	462;
	18218	:	553;
	18219	:	553;
	18220	:	553;
	18221	:	553;
	18222	:	563;
	18223	:	563;
	18224	:	563;
	18225	:	573;
	18226	:	572;
	18227	:	572;
	18228	:	572;
	18229	:	582;
	18230	:	682;
	18231	:	793;
	18232	:	794;
	18233	:	894;
	18234	:	895;
	18235	:	895;
	18236	:	996;
	18237	:	996;
	18238	:	aa7;
	18239	:	997;
	18240	:	996;
	18241	:	996;
	18242	:	996;
	18243	:	996;
	18244	:	996;
	18245	:	996;
	18246	:	996;
	18247	:	996;
	18248	:	895;
	18249	:	996;
	18250	:	aa7;
	18251	:	bb8;
	18252	:	cb9;
	18253	:	dca;
	18254	:	edb;
	18255	:	eec;
	18256	:	fed;
	18257	:	ffd;
	18258	:	ffe;
	18259	:	ffe;
	18260	:	ffe;
	18261	:	fff;
	18262	:	fff;
	18263	:	fff;
	18264	:	fff;
	18265	:	fff;
	18266	:	fff;
	18267	:	fff;
	18268	:	fee;
	18269	:	ffe;
	18270	:	eed;
	18271	:	edc;
	18272	:	ddb;
	18273	:	ccb;
	18274	:	cca;
	18275	:	cca;
	18276	:	bba;
	18277	:	bba;
	18278	:	bb9;
	18279	:	bb9;
	18280	:	ba9;
	18281	:	ba9;
	18282	:	aa9;
	18283	:	aa9;
	18284	:	a98;
	18285	:	998;
	18286	:	998;
	18287	:	998;
	18288	:	998;
	18289	:	998;
	18290	:	998;
	18291	:	998;
	18292	:	987;
	18293	:	987;
	18294	:	887;
	18295	:	987;
	18296	:	887;
	18297	:	887;
	18298	:	887;
	18299	:	876;
	18300	:	776;
	18301	:	775;
	18302	:	775;
	18303	:	775;
	18304	:	765;
	18305	:	764;
	18306	:	764;
	18307	:	764;
	18308	:	664;
	18309	:	764;
	18310	:	664;
	18311	:	664;
	18312	:	764;
	18313	:	764;
	18314	:	764;
	18315	:	764;
	18316	:	764;
	18317	:	764;
	18318	:	764;
	18319	:	764;
	18320	:	764;
	18321	:	664;
	18322	:	664;
	18323	:	764;
	18324	:	764;
	18325	:	664;
	18326	:	764;
	18327	:	664;
	18328	:	664;
	18329	:	765;
	18330	:	764;
	18331	:	764;
	18332	:	954;
	18333	:	e76;
	18334	:	e66;
	18335	:	c44;
	18336	:	d44;
	18337	:	c44;
	18338	:	d44;
	18339	:	c44;
	18340	:	c44;
	18341	:	c33;
	18342	:	c43;
	18343	:	c33;
	18344	:	b33;
	18345	:	c43;
	18346	:	c44;
	18347	:	c33;
	18348	:	b33;
	18349	:	c33;
	18350	:	d44;
	18351	:	d44;
	18352	:	c43;
	18353	:	c43;
	18354	:	c33;
	18355	:	c33;
	18356	:	c33;
	18357	:	c33;
	18358	:	c33;
	18359	:	c43;
	18360	:	c33;
	18361	:	c43;
	18362	:	c33;
	18363	:	b33;
	18364	:	b33;
	18365	:	b33;
	18366	:	c43;
	18367	:	c33;
	18368	:	b33;
	18369	:	b33;
	18370	:	b33;
	18371	:	c33;
	18372	:	c33;
	18373	:	b32;
	18374	:	c33;
	18375	:	b32;
	18376	:	b32;
	18377	:	b33;
	18378	:	b32;
	18379	:	b33;
	18380	:	b32;
	18381	:	b32;
	18382	:	c33;
	18383	:	c33;
	18384	:	c43;
	18385	:	c32;
	18386	:	c32;
	18387	:	c43;
	18388	:	d43;
	18389	:	d43;
	18390	:	d43;
	18391	:	d43;
	18392	:	c43;
	18393	:	c43;
	18394	:	c33;
	18395	:	d43;
	18396	:	d43;
	18397	:	d54;
	18398	:	e55;
	18399	:	e66;
	18400	:	d65;
	18401	:	d66;
	18402	:	faa;
	18403	:	fbc;
	18404	:	fcd;
	18405	:	f99;
	18406	:	f65;
	18407	:	f54;
	18408	:	e54;
	18409	:	e44;
	18410	:	e43;
	18411	:	d43;
	18412	:	e43;
	18413	:	d43;
	18414	:	d43;
	18415	:	d33;
	18416	:	d43;
	18417	:	d43;
	18418	:	d43;
	18419	:	d43;
	18420	:	c42;
	18421	:	c42;
	18422	:	c42;
	18423	:	d43;
	18424	:	c43;
	18425	:	c43;
	18426	:	d54;
	18427	:	b54;
	18428	:	954;
	18429	:	754;
	18430	:	664;
	18431	:	664;
	18432	:	582;
	18433	:	582;
	18434	:	582;
	18435	:	582;
	18436	:	582;
	18437	:	582;
	18438	:	572;
	18439	:	582;
	18440	:	582;
	18441	:	582;
	18442	:	582;
	18443	:	582;
	18444	:	582;
	18445	:	582;
	18446	:	582;
	18447	:	582;
	18448	:	582;
	18449	:	572;
	18450	:	572;
	18451	:	563;
	18452	:	563;
	18453	:	563;
	18454	:	453;
	18455	:	453;
	18456	:	553;
	18457	:	553;
	18458	:	563;
	18459	:	563;
	18460	:	573;
	18461	:	573;
	18462	:	572;
	18463	:	572;
	18464	:	582;
	18465	:	582;
	18466	:	582;
	18467	:	582;
	18468	:	582;
	18469	:	572;
	18470	:	572;
	18471	:	562;
	18472	:	563;
	18473	:	462;
	18474	:	553;
	18475	:	553;
	18476	:	553;
	18477	:	553;
	18478	:	563;
	18479	:	563;
	18480	:	563;
	18481	:	573;
	18482	:	572;
	18483	:	572;
	18484	:	572;
	18485	:	582;
	18486	:	682;
	18487	:	793;
	18488	:	794;
	18489	:	894;
	18490	:	895;
	18491	:	895;
	18492	:	996;
	18493	:	996;
	18494	:	aa7;
	18495	:	997;
	18496	:	996;
	18497	:	996;
	18498	:	996;
	18499	:	996;
	18500	:	996;
	18501	:	996;
	18502	:	996;
	18503	:	996;
	18504	:	895;
	18505	:	996;
	18506	:	aa7;
	18507	:	bb8;
	18508	:	cb9;
	18509	:	dca;
	18510	:	edb;
	18511	:	eec;
	18512	:	fed;
	18513	:	ffd;
	18514	:	ffe;
	18515	:	ffe;
	18516	:	ffe;
	18517	:	fff;
	18518	:	fff;
	18519	:	fff;
	18520	:	fff;
	18521	:	fff;
	18522	:	fff;
	18523	:	fff;
	18524	:	fee;
	18525	:	ffe;
	18526	:	eed;
	18527	:	edc;
	18528	:	ddb;
	18529	:	ccb;
	18530	:	cca;
	18531	:	cca;
	18532	:	bba;
	18533	:	bba;
	18534	:	bb9;
	18535	:	bb9;
	18536	:	ba9;
	18537	:	ba9;
	18538	:	aa9;
	18539	:	aa9;
	18540	:	a98;
	18541	:	998;
	18542	:	998;
	18543	:	998;
	18544	:	998;
	18545	:	998;
	18546	:	998;
	18547	:	998;
	18548	:	987;
	18549	:	987;
	18550	:	887;
	18551	:	987;
	18552	:	887;
	18553	:	887;
	18554	:	887;
	18555	:	876;
	18556	:	776;
	18557	:	775;
	18558	:	775;
	18559	:	775;
	18560	:	765;
	18561	:	764;
	18562	:	764;
	18563	:	764;
	18564	:	664;
	18565	:	764;
	18566	:	664;
	18567	:	664;
	18568	:	764;
	18569	:	764;
	18570	:	764;
	18571	:	764;
	18572	:	764;
	18573	:	764;
	18574	:	764;
	18575	:	764;
	18576	:	764;
	18577	:	664;
	18578	:	664;
	18579	:	764;
	18580	:	764;
	18581	:	664;
	18582	:	764;
	18583	:	664;
	18584	:	664;
	18585	:	765;
	18586	:	764;
	18587	:	764;
	18588	:	954;
	18589	:	e76;
	18590	:	e66;
	18591	:	c44;
	18592	:	d44;
	18593	:	c44;
	18594	:	d44;
	18595	:	c44;
	18596	:	c44;
	18597	:	c33;
	18598	:	c43;
	18599	:	c33;
	18600	:	b33;
	18601	:	c43;
	18602	:	c44;
	18603	:	c33;
	18604	:	b33;
	18605	:	c33;
	18606	:	d44;
	18607	:	d44;
	18608	:	c43;
	18609	:	c43;
	18610	:	c33;
	18611	:	c33;
	18612	:	c33;
	18613	:	c33;
	18614	:	c33;
	18615	:	c43;
	18616	:	c33;
	18617	:	c43;
	18618	:	c33;
	18619	:	b33;
	18620	:	b33;
	18621	:	b33;
	18622	:	c43;
	18623	:	c33;
	18624	:	b33;
	18625	:	b33;
	18626	:	b33;
	18627	:	c33;
	18628	:	c33;
	18629	:	b32;
	18630	:	c33;
	18631	:	b32;
	18632	:	b32;
	18633	:	b33;
	18634	:	b32;
	18635	:	b33;
	18636	:	b32;
	18637	:	b32;
	18638	:	c33;
	18639	:	c33;
	18640	:	c43;
	18641	:	c32;
	18642	:	c32;
	18643	:	c43;
	18644	:	d43;
	18645	:	d43;
	18646	:	d43;
	18647	:	d43;
	18648	:	c43;
	18649	:	c43;
	18650	:	c33;
	18651	:	d43;
	18652	:	d43;
	18653	:	d54;
	18654	:	e55;
	18655	:	e66;
	18656	:	d65;
	18657	:	d66;
	18658	:	faa;
	18659	:	fbc;
	18660	:	fcd;
	18661	:	f99;
	18662	:	f65;
	18663	:	f54;
	18664	:	e54;
	18665	:	e44;
	18666	:	e43;
	18667	:	d43;
	18668	:	e43;
	18669	:	d43;
	18670	:	d43;
	18671	:	d33;
	18672	:	d43;
	18673	:	d43;
	18674	:	d43;
	18675	:	d43;
	18676	:	c42;
	18677	:	c42;
	18678	:	c42;
	18679	:	d43;
	18680	:	c43;
	18681	:	c43;
	18682	:	d54;
	18683	:	b54;
	18684	:	954;
	18685	:	754;
	18686	:	664;
	18687	:	664;
	18688	:	582;
	18689	:	582;
	18690	:	582;
	18691	:	582;
	18692	:	582;
	18693	:	582;
	18694	:	582;
	18695	:	582;
	18696	:	582;
	18697	:	582;
	18698	:	582;
	18699	:	582;
	18700	:	582;
	18701	:	582;
	18702	:	582;
	18703	:	582;
	18704	:	572;
	18705	:	572;
	18706	:	572;
	18707	:	563;
	18708	:	563;
	18709	:	563;
	18710	:	563;
	18711	:	553;
	18712	:	553;
	18713	:	563;
	18714	:	563;
	18715	:	563;
	18716	:	573;
	18717	:	573;
	18718	:	572;
	18719	:	582;
	18720	:	582;
	18721	:	581;
	18722	:	582;
	18723	:	582;
	18724	:	582;
	18725	:	572;
	18726	:	572;
	18727	:	462;
	18728	:	462;
	18729	:	453;
	18730	:	553;
	18731	:	553;
	18732	:	553;
	18733	:	563;
	18734	:	563;
	18735	:	562;
	18736	:	572;
	18737	:	572;
	18738	:	572;
	18739	:	572;
	18740	:	582;
	18741	:	582;
	18742	:	682;
	18743	:	783;
	18744	:	794;
	18745	:	895;
	18746	:	895;
	18747	:	995;
	18748	:	996;
	18749	:	996;
	18750	:	996;
	18751	:	996;
	18752	:	886;
	18753	:	885;
	18754	:	885;
	18755	:	885;
	18756	:	895;
	18757	:	884;
	18758	:	884;
	18759	:	995;
	18760	:	9a6;
	18761	:	aa7;
	18762	:	cb9;
	18763	:	cca;
	18764	:	dca;
	18765	:	edb;
	18766	:	fec;
	18767	:	ffd;
	18768	:	ffd;
	18769	:	ffe;
	18770	:	ffe;
	18771	:	fff;
	18772	:	fff;
	18773	:	fff;
	18774	:	fff;
	18775	:	fff;
	18776	:	fff;
	18777	:	fff;
	18778	:	ffe;
	18779	:	ffe;
	18780	:	fed;
	18781	:	fed;
	18782	:	edc;
	18783	:	ddb;
	18784	:	ccb;
	18785	:	cca;
	18786	:	bba;
	18787	:	bba;
	18788	:	bb9;
	18789	:	bb9;
	18790	:	bb9;
	18791	:	bba;
	18792	:	bb9;
	18793	:	bba;
	18794	:	bb9;
	18795	:	ba9;
	18796	:	aa9;
	18797	:	a98;
	18798	:	998;
	18799	:	998;
	18800	:	998;
	18801	:	997;
	18802	:	987;
	18803	:	987;
	18804	:	987;
	18805	:	887;
	18806	:	887;
	18807	:	887;
	18808	:	987;
	18809	:	887;
	18810	:	887;
	18811	:	886;
	18812	:	876;
	18813	:	775;
	18814	:	775;
	18815	:	775;
	18816	:	774;
	18817	:	764;
	18818	:	764;
	18819	:	664;
	18820	:	664;
	18821	:	664;
	18822	:	664;
	18823	:	764;
	18824	:	664;
	18825	:	664;
	18826	:	764;
	18827	:	664;
	18828	:	764;
	18829	:	764;
	18830	:	764;
	18831	:	664;
	18832	:	764;
	18833	:	664;
	18834	:	664;
	18835	:	764;
	18836	:	664;
	18837	:	765;
	18838	:	764;
	18839	:	765;
	18840	:	764;
	18841	:	764;
	18842	:	754;
	18843	:	a65;
	18844	:	e66;
	18845	:	e66;
	18846	:	d54;
	18847	:	c44;
	18848	:	b33;
	18849	:	b32;
	18850	:	b33;
	18851	:	c43;
	18852	:	b32;
	18853	:	b33;
	18854	:	b33;
	18855	:	b33;
	18856	:	b33;
	18857	:	b33;
	18858	:	c33;
	18859	:	c33;
	18860	:	c33;
	18861	:	b32;
	18862	:	c33;
	18863	:	b33;
	18864	:	c33;
	18865	:	c33;
	18866	:	b33;
	18867	:	b33;
	18868	:	b33;
	18869	:	b33;
	18870	:	a32;
	18871	:	a33;
	18872	:	a33;
	18873	:	a33;
	18874	:	a33;
	18875	:	a32;
	18876	:	a32;
	18877	:	b33;
	18878	:	b33;
	18879	:	b33;
	18880	:	b33;
	18881	:	b33;
	18882	:	c43;
	18883	:	c43;
	18884	:	c33;
	18885	:	b33;
	18886	:	c33;
	18887	:	c33;
	18888	:	c43;
	18889	:	c43;
	18890	:	c33;
	18891	:	c33;
	18892	:	c43;
	18893	:	c33;
	18894	:	b33;
	18895	:	c33;
	18896	:	c43;
	18897	:	c43;
	18898	:	c43;
	18899	:	c33;
	18900	:	c33;
	18901	:	b32;
	18902	:	c33;
	18903	:	c43;
	18904	:	b32;
	18905	:	b32;
	18906	:	c32;
	18907	:	c32;
	18908	:	c33;
	18909	:	c44;
	18910	:	d55;
	18911	:	d55;
	18912	:	e76;
	18913	:	e77;
	18914	:	f88;
	18915	:	f88;
	18916	:	f88;
	18917	:	e55;
	18918	:	e54;
	18919	:	e54;
	18920	:	e44;
	18921	:	e43;
	18922	:	e43;
	18923	:	e54;
	18924	:	e54;
	18925	:	e44;
	18926	:	d43;
	18927	:	c33;
	18928	:	c33;
	18929	:	c32;
	18930	:	c32;
	18931	:	c43;
	18932	:	d43;
	18933	:	c43;
	18934	:	c42;
	18935	:	c32;
	18936	:	c32;
	18937	:	c42;
	18938	:	c42;
	18939	:	c53;
	18940	:	b43;
	18941	:	b54;
	18942	:	a75;
	18943	:	764;
	18944	:	582;
	18945	:	582;
	18946	:	582;
	18947	:	582;
	18948	:	582;
	18949	:	582;
	18950	:	582;
	18951	:	582;
	18952	:	582;
	18953	:	582;
	18954	:	582;
	18955	:	582;
	18956	:	582;
	18957	:	582;
	18958	:	582;
	18959	:	582;
	18960	:	572;
	18961	:	572;
	18962	:	572;
	18963	:	563;
	18964	:	563;
	18965	:	563;
	18966	:	563;
	18967	:	553;
	18968	:	553;
	18969	:	563;
	18970	:	563;
	18971	:	563;
	18972	:	573;
	18973	:	573;
	18974	:	572;
	18975	:	582;
	18976	:	582;
	18977	:	581;
	18978	:	582;
	18979	:	582;
	18980	:	582;
	18981	:	572;
	18982	:	572;
	18983	:	462;
	18984	:	462;
	18985	:	453;
	18986	:	553;
	18987	:	553;
	18988	:	553;
	18989	:	563;
	18990	:	563;
	18991	:	562;
	18992	:	572;
	18993	:	572;
	18994	:	572;
	18995	:	572;
	18996	:	582;
	18997	:	582;
	18998	:	682;
	18999	:	783;
	19000	:	794;
	19001	:	895;
	19002	:	895;
	19003	:	995;
	19004	:	996;
	19005	:	996;
	19006	:	996;
	19007	:	996;
	19008	:	886;
	19009	:	885;
	19010	:	885;
	19011	:	885;
	19012	:	895;
	19013	:	884;
	19014	:	884;
	19015	:	995;
	19016	:	9a6;
	19017	:	aa7;
	19018	:	cb9;
	19019	:	cca;
	19020	:	dca;
	19021	:	edb;
	19022	:	fec;
	19023	:	ffd;
	19024	:	ffd;
	19025	:	ffe;
	19026	:	ffe;
	19027	:	fff;
	19028	:	fff;
	19029	:	fff;
	19030	:	fff;
	19031	:	fff;
	19032	:	fff;
	19033	:	fff;
	19034	:	ffe;
	19035	:	ffe;
	19036	:	fed;
	19037	:	fed;
	19038	:	edc;
	19039	:	ddb;
	19040	:	ccb;
	19041	:	cca;
	19042	:	bba;
	19043	:	bba;
	19044	:	bb9;
	19045	:	bb9;
	19046	:	bb9;
	19047	:	bba;
	19048	:	bb9;
	19049	:	bba;
	19050	:	bb9;
	19051	:	ba9;
	19052	:	aa9;
	19053	:	a98;
	19054	:	998;
	19055	:	998;
	19056	:	998;
	19057	:	997;
	19058	:	987;
	19059	:	987;
	19060	:	987;
	19061	:	887;
	19062	:	887;
	19063	:	887;
	19064	:	987;
	19065	:	887;
	19066	:	887;
	19067	:	886;
	19068	:	876;
	19069	:	775;
	19070	:	775;
	19071	:	775;
	19072	:	774;
	19073	:	764;
	19074	:	764;
	19075	:	664;
	19076	:	664;
	19077	:	664;
	19078	:	664;
	19079	:	764;
	19080	:	664;
	19081	:	664;
	19082	:	764;
	19083	:	664;
	19084	:	764;
	19085	:	764;
	19086	:	764;
	19087	:	664;
	19088	:	764;
	19089	:	664;
	19090	:	664;
	19091	:	764;
	19092	:	664;
	19093	:	765;
	19094	:	764;
	19095	:	765;
	19096	:	764;
	19097	:	764;
	19098	:	754;
	19099	:	a65;
	19100	:	e66;
	19101	:	e66;
	19102	:	d54;
	19103	:	c44;
	19104	:	b33;
	19105	:	b32;
	19106	:	b33;
	19107	:	c43;
	19108	:	b32;
	19109	:	b33;
	19110	:	b33;
	19111	:	b33;
	19112	:	b33;
	19113	:	b33;
	19114	:	c33;
	19115	:	c33;
	19116	:	c33;
	19117	:	b32;
	19118	:	c33;
	19119	:	b33;
	19120	:	c33;
	19121	:	c33;
	19122	:	b33;
	19123	:	b33;
	19124	:	b33;
	19125	:	b33;
	19126	:	a32;
	19127	:	a33;
	19128	:	a33;
	19129	:	a33;
	19130	:	a33;
	19131	:	a32;
	19132	:	a32;
	19133	:	b33;
	19134	:	b33;
	19135	:	b33;
	19136	:	b33;
	19137	:	b33;
	19138	:	c43;
	19139	:	c43;
	19140	:	c33;
	19141	:	b33;
	19142	:	c33;
	19143	:	c33;
	19144	:	c43;
	19145	:	c43;
	19146	:	c33;
	19147	:	c33;
	19148	:	c43;
	19149	:	c33;
	19150	:	b33;
	19151	:	c33;
	19152	:	c43;
	19153	:	c43;
	19154	:	c43;
	19155	:	c33;
	19156	:	c33;
	19157	:	b32;
	19158	:	c33;
	19159	:	c43;
	19160	:	b32;
	19161	:	b32;
	19162	:	c32;
	19163	:	c32;
	19164	:	c33;
	19165	:	c44;
	19166	:	d55;
	19167	:	d55;
	19168	:	e76;
	19169	:	e77;
	19170	:	f88;
	19171	:	f88;
	19172	:	f88;
	19173	:	e55;
	19174	:	e54;
	19175	:	e54;
	19176	:	e44;
	19177	:	e43;
	19178	:	e43;
	19179	:	e54;
	19180	:	e54;
	19181	:	e44;
	19182	:	d43;
	19183	:	c33;
	19184	:	c33;
	19185	:	c32;
	19186	:	c32;
	19187	:	c43;
	19188	:	d43;
	19189	:	c43;
	19190	:	c42;
	19191	:	c32;
	19192	:	c32;
	19193	:	c42;
	19194	:	c42;
	19195	:	c53;
	19196	:	b43;
	19197	:	b54;
	19198	:	a75;
	19199	:	764;
	19200	:	582;
	19201	:	582;
	19202	:	582;
	19203	:	582;
	19204	:	582;
	19205	:	582;
	19206	:	582;
	19207	:	582;
	19208	:	582;
	19209	:	582;
	19210	:	582;
	19211	:	582;
	19212	:	582;
	19213	:	582;
	19214	:	582;
	19215	:	582;
	19216	:	572;
	19217	:	572;
	19218	:	572;
	19219	:	563;
	19220	:	563;
	19221	:	563;
	19222	:	563;
	19223	:	563;
	19224	:	563;
	19225	:	563;
	19226	:	563;
	19227	:	573;
	19228	:	573;
	19229	:	572;
	19230	:	582;
	19231	:	582;
	19232	:	582;
	19233	:	582;
	19234	:	582;
	19235	:	582;
	19236	:	572;
	19237	:	572;
	19238	:	562;
	19239	:	462;
	19240	:	462;
	19241	:	463;
	19242	:	553;
	19243	:	563;
	19244	:	563;
	19245	:	563;
	19246	:	563;
	19247	:	572;
	19248	:	572;
	19249	:	572;
	19250	:	572;
	19251	:	582;
	19252	:	582;
	19253	:	582;
	19254	:	683;
	19255	:	783;
	19256	:	784;
	19257	:	794;
	19258	:	895;
	19259	:	996;
	19260	:	996;
	19261	:	996;
	19262	:	996;
	19263	:	896;
	19264	:	885;
	19265	:	885;
	19266	:	885;
	19267	:	885;
	19268	:	784;
	19269	:	784;
	19270	:	9a5;
	19271	:	aa6;
	19272	:	bb8;
	19273	:	cb9;
	19274	:	dca;
	19275	:	edb;
	19276	:	eec;
	19277	:	fec;
	19278	:	ffd;
	19279	:	ffe;
	19280	:	ffe;
	19281	:	ffe;
	19282	:	fff;
	19283	:	fff;
	19284	:	fff;
	19285	:	fff;
	19286	:	fff;
	19287	:	fff;
	19288	:	ffe;
	19289	:	fff;
	19290	:	ffe;
	19291	:	ffd;
	19292	:	eec;
	19293	:	ddb;
	19294	:	dcb;
	19295	:	cca;
	19296	:	bba;
	19297	:	bb9;
	19298	:	bb9;
	19299	:	bb9;
	19300	:	bb9;
	19301	:	bba;
	19302	:	cba;
	19303	:	cba;
	19304	:	cba;
	19305	:	cba;
	19306	:	bba;
	19307	:	bb9;
	19308	:	ba9;
	19309	:	aa9;
	19310	:	aa8;
	19311	:	998;
	19312	:	997;
	19313	:	997;
	19314	:	997;
	19315	:	997;
	19316	:	997;
	19317	:	997;
	19318	:	997;
	19319	:	887;
	19320	:	887;
	19321	:	887;
	19322	:	887;
	19323	:	886;
	19324	:	886;
	19325	:	775;
	19326	:	775;
	19327	:	775;
	19328	:	775;
	19329	:	764;
	19330	:	764;
	19331	:	764;
	19332	:	764;
	19333	:	664;
	19334	:	664;
	19335	:	664;
	19336	:	664;
	19337	:	764;
	19338	:	664;
	19339	:	764;
	19340	:	764;
	19341	:	764;
	19342	:	764;
	19343	:	764;
	19344	:	764;
	19345	:	764;
	19346	:	664;
	19347	:	764;
	19348	:	764;
	19349	:	664;
	19350	:	764;
	19351	:	764;
	19352	:	754;
	19353	:	a65;
	19354	:	c55;
	19355	:	c54;
	19356	:	c44;
	19357	:	c54;
	19358	:	c43;
	19359	:	b33;
	19360	:	a32;
	19361	:	922;
	19362	:	a32;
	19363	:	a32;
	19364	:	b32;
	19365	:	b33;
	19366	:	b33;
	19367	:	b32;
	19368	:	b32;
	19369	:	b32;
	19370	:	b32;
	19371	:	b32;
	19372	:	b32;
	19373	:	b32;
	19374	:	b32;
	19375	:	b22;
	19376	:	b33;
	19377	:	a32;
	19378	:	a33;
	19379	:	a33;
	19380	:	a33;
	19381	:	a43;
	19382	:	932;
	19383	:	932;
	19384	:	922;
	19385	:	a32;
	19386	:	a32;
	19387	:	a32;
	19388	:	a33;
	19389	:	a33;
	19390	:	a32;
	19391	:	a33;
	19392	:	b44;
	19393	:	c44;
	19394	:	b32;
	19395	:	b33;
	19396	:	b33;
	19397	:	b43;
	19398	:	b33;
	19399	:	c43;
	19400	:	b33;
	19401	:	b33;
	19402	:	c43;
	19403	:	b33;
	19404	:	b33;
	19405	:	b33;
	19406	:	b32;
	19407	:	b32;
	19408	:	b33;
	19409	:	a32;
	19410	:	a32;
	19411	:	b32;
	19412	:	b32;
	19413	:	c43;
	19414	:	c32;
	19415	:	b32;
	19416	:	b32;
	19417	:	b32;
	19418	:	b32;
	19419	:	c33;
	19420	:	c33;
	19421	:	b32;
	19422	:	b33;
	19423	:	c43;
	19424	:	d54;
	19425	:	e66;
	19426	:	f76;
	19427	:	e55;
	19428	:	e54;
	19429	:	d43;
	19430	:	d43;
	19431	:	d43;
	19432	:	d43;
	19433	:	d43;
	19434	:	d43;
	19435	:	d43;
	19436	:	d33;
	19437	:	d33;
	19438	:	d33;
	19439	:	c32;
	19440	:	c33;
	19441	:	c32;
	19442	:	c32;
	19443	:	c32;
	19444	:	c32;
	19445	:	c32;
	19446	:	c43;
	19447	:	c43;
	19448	:	d43;
	19449	:	c43;
	19450	:	c43;
	19451	:	d53;
	19452	:	d54;
	19453	:	b43;
	19454	:	b54;
	19455	:	965;
	19456	:	582;
	19457	:	582;
	19458	:	582;
	19459	:	582;
	19460	:	582;
	19461	:	582;
	19462	:	582;
	19463	:	582;
	19464	:	582;
	19465	:	582;
	19466	:	582;
	19467	:	582;
	19468	:	582;
	19469	:	582;
	19470	:	582;
	19471	:	572;
	19472	:	572;
	19473	:	572;
	19474	:	572;
	19475	:	563;
	19476	:	563;
	19477	:	563;
	19478	:	563;
	19479	:	563;
	19480	:	563;
	19481	:	563;
	19482	:	563;
	19483	:	573;
	19484	:	572;
	19485	:	572;
	19486	:	582;
	19487	:	582;
	19488	:	582;
	19489	:	582;
	19490	:	582;
	19491	:	582;
	19492	:	572;
	19493	:	572;
	19494	:	462;
	19495	:	563;
	19496	:	463;
	19497	:	463;
	19498	:	463;
	19499	:	563;
	19500	:	563;
	19501	:	563;
	19502	:	563;
	19503	:	572;
	19504	:	572;
	19505	:	572;
	19506	:	572;
	19507	:	581;
	19508	:	582;
	19509	:	682;
	19510	:	683;
	19511	:	783;
	19512	:	794;
	19513	:	894;
	19514	:	895;
	19515	:	996;
	19516	:	996;
	19517	:	896;
	19518	:	896;
	19519	:	885;
	19520	:	885;
	19521	:	885;
	19522	:	885;
	19523	:	784;
	19524	:	784;
	19525	:	895;
	19526	:	aa6;
	19527	:	bb7;
	19528	:	bb8;
	19529	:	cc9;
	19530	:	dda;
	19531	:	edb;
	19532	:	eec;
	19533	:	ffd;
	19534	:	ffe;
	19535	:	ffe;
	19536	:	ffe;
	19537	:	fff;
	19538	:	fff;
	19539	:	fff;
	19540	:	fff;
	19541	:	fff;
	19542	:	fff;
	19543	:	fff;
	19544	:	ffe;
	19545	:	ffe;
	19546	:	ffd;
	19547	:	eec;
	19548	:	edc;
	19549	:	ddb;
	19550	:	dcb;
	19551	:	cca;
	19552	:	bb9;
	19553	:	bb9;
	19554	:	bb9;
	19555	:	bb9;
	19556	:	bb9;
	19557	:	cca;
	19558	:	cca;
	19559	:	ccb;
	19560	:	ccb;
	19561	:	cba;
	19562	:	cba;
	19563	:	cba;
	19564	:	bb9;
	19565	:	ba9;
	19566	:	aa8;
	19567	:	aa8;
	19568	:	997;
	19569	:	997;
	19570	:	997;
	19571	:	997;
	19572	:	997;
	19573	:	997;
	19574	:	997;
	19575	:	997;
	19576	:	997;
	19577	:	887;
	19578	:	887;
	19579	:	886;
	19580	:	776;
	19581	:	775;
	19582	:	775;
	19583	:	775;
	19584	:	764;
	19585	:	774;
	19586	:	764;
	19587	:	764;
	19588	:	664;
	19589	:	664;
	19590	:	664;
	19591	:	664;
	19592	:	664;
	19593	:	764;
	19594	:	764;
	19595	:	664;
	19596	:	764;
	19597	:	764;
	19598	:	764;
	19599	:	764;
	19600	:	764;
	19601	:	764;
	19602	:	664;
	19603	:	664;
	19604	:	664;
	19605	:	664;
	19606	:	764;
	19607	:	764;
	19608	:	965;
	19609	:	b65;
	19610	:	d54;
	19611	:	c44;
	19612	:	b32;
	19613	:	b33;
	19614	:	b33;
	19615	:	b33;
	19616	:	922;
	19617	:	922;
	19618	:	922;
	19619	:	a22;
	19620	:	a22;
	19621	:	b33;
	19622	:	a32;
	19623	:	a32;
	19624	:	a32;
	19625	:	a22;
	19626	:	a32;
	19627	:	b32;
	19628	:	b32;
	19629	:	b32;
	19630	:	b32;
	19631	:	b32;
	19632	:	a32;
	19633	:	a32;
	19634	:	a33;
	19635	:	a33;
	19636	:	a43;
	19637	:	a43;
	19638	:	933;
	19639	:	932;
	19640	:	932;
	19641	:	932;
	19642	:	932;
	19643	:	932;
	19644	:	933;
	19645	:	a43;
	19646	:	a43;
	19647	:	a33;
	19648	:	a32;
	19649	:	a33;
	19650	:	b33;
	19651	:	b43;
	19652	:	b33;
	19653	:	a33;
	19654	:	a33;
	19655	:	b33;
	19656	:	b33;
	19657	:	b33;
	19658	:	b33;
	19659	:	b33;
	19660	:	b33;
	19661	:	c43;
	19662	:	a32;
	19663	:	b32;
	19664	:	a32;
	19665	:	a22;
	19666	:	a32;
	19667	:	922;
	19668	:	a32;
	19669	:	b32;
	19670	:	b33;
	19671	:	b32;
	19672	:	b32;
	19673	:	b32;
	19674	:	a22;
	19675	:	b32;
	19676	:	b32;
	19677	:	b43;
	19678	:	b33;
	19679	:	b33;
	19680	:	c44;
	19681	:	d54;
	19682	:	e65;
	19683	:	d44;
	19684	:	d44;
	19685	:	e54;
	19686	:	e54;
	19687	:	d43;
	19688	:	d43;
	19689	:	d43;
	19690	:	d33;
	19691	:	c33;
	19692	:	c33;
	19693	:	c43;
	19694	:	c33;
	19695	:	c32;
	19696	:	c32;
	19697	:	c43;
	19698	:	c43;
	19699	:	c32;
	19700	:	c32;
	19701	:	c33;
	19702	:	c43;
	19703	:	c43;
	19704	:	c43;
	19705	:	d43;
	19706	:	d43;
	19707	:	d43;
	19708	:	d53;
	19709	:	d43;
	19710	:	c53;
	19711	:	b53;
	19712	:	582;
	19713	:	582;
	19714	:	582;
	19715	:	582;
	19716	:	582;
	19717	:	582;
	19718	:	582;
	19719	:	582;
	19720	:	582;
	19721	:	582;
	19722	:	582;
	19723	:	582;
	19724	:	582;
	19725	:	582;
	19726	:	582;
	19727	:	582;
	19728	:	572;
	19729	:	572;
	19730	:	573;
	19731	:	563;
	19732	:	563;
	19733	:	563;
	19734	:	563;
	19735	:	563;
	19736	:	563;
	19737	:	563;
	19738	:	563;
	19739	:	573;
	19740	:	573;
	19741	:	572;
	19742	:	582;
	19743	:	582;
	19744	:	582;
	19745	:	582;
	19746	:	582;
	19747	:	582;
	19748	:	572;
	19749	:	472;
	19750	:	563;
	19751	:	462;
	19752	:	463;
	19753	:	463;
	19754	:	453;
	19755	:	463;
	19756	:	563;
	19757	:	563;
	19758	:	562;
	19759	:	572;
	19760	:	572;
	19761	:	572;
	19762	:	572;
	19763	:	581;
	19764	:	582;
	19765	:	682;
	19766	:	683;
	19767	:	783;
	19768	:	784;
	19769	:	895;
	19770	:	895;
	19771	:	895;
	19772	:	996;
	19773	:	896;
	19774	:	885;
	19775	:	885;
	19776	:	885;
	19777	:	885;
	19778	:	895;
	19779	:	784;
	19780	:	784;
	19781	:	9a6;
	19782	:	aa7;
	19783	:	bb8;
	19784	:	cc9;
	19785	:	dca;
	19786	:	ddb;
	19787	:	eec;
	19788	:	fed;
	19789	:	ffd;
	19790	:	ffd;
	19791	:	ffe;
	19792	:	ffe;
	19793	:	fff;
	19794	:	fff;
	19795	:	fff;
	19796	:	fff;
	19797	:	fff;
	19798	:	fff;
	19799	:	ffe;
	19800	:	ffe;
	19801	:	ffd;
	19802	:	fed;
	19803	:	eec;
	19804	:	ddb;
	19805	:	dca;
	19806	:	cba;
	19807	:	bb9;
	19808	:	bb9;
	19809	:	bb9;
	19810	:	bb9;
	19811	:	bb9;
	19812	:	cba;
	19813	:	cca;
	19814	:	ccb;
	19815	:	cca;
	19816	:	ccb;
	19817	:	ccb;
	19818	:	cca;
	19819	:	cba;
	19820	:	bb9;
	19821	:	bb9;
	19822	:	ba9;
	19823	:	aa8;
	19824	:	aa8;
	19825	:	aa8;
	19826	:	997;
	19827	:	997;
	19828	:	997;
	19829	:	997;
	19830	:	997;
	19831	:	997;
	19832	:	997;
	19833	:	897;
	19834	:	887;
	19835	:	886;
	19836	:	786;
	19837	:	775;
	19838	:	775;
	19839	:	774;
	19840	:	774;
	19841	:	774;
	19842	:	774;
	19843	:	664;
	19844	:	764;
	19845	:	664;
	19846	:	664;
	19847	:	764;
	19848	:	764;
	19849	:	664;
	19850	:	764;
	19851	:	764;
	19852	:	764;
	19853	:	764;
	19854	:	764;
	19855	:	764;
	19856	:	764;
	19857	:	764;
	19858	:	664;
	19859	:	664;
	19860	:	764;
	19861	:	764;
	19862	:	765;
	19863	:	764;
	19864	:	a65;
	19865	:	c54;
	19866	:	d54;
	19867	:	c44;
	19868	:	b33;
	19869	:	b33;
	19870	:	a32;
	19871	:	a32;
	19872	:	a32;
	19873	:	922;
	19874	:	a22;
	19875	:	922;
	19876	:	a22;
	19877	:	a32;
	19878	:	a22;
	19879	:	a22;
	19880	:	a22;
	19881	:	a22;
	19882	:	a33;
	19883	:	b33;
	19884	:	a32;
	19885	:	a22;
	19886	:	a32;
	19887	:	a22;
	19888	:	a32;
	19889	:	a22;
	19890	:	a32;
	19891	:	932;
	19892	:	932;
	19893	:	822;
	19894	:	822;
	19895	:	932;
	19896	:	933;
	19897	:	a33;
	19898	:	a43;
	19899	:	b55;
	19900	:	a54;
	19901	:	a44;
	19902	:	a43;
	19903	:	a43;
	19904	:	932;
	19905	:	a33;
	19906	:	a33;
	19907	:	a33;
	19908	:	a33;
	19909	:	a33;
	19910	:	933;
	19911	:	933;
	19912	:	934;
	19913	:	a43;
	19914	:	a33;
	19915	:	b33;
	19916	:	b43;
	19917	:	b33;
	19918	:	b33;
	19919	:	a32;
	19920	:	a32;
	19921	:	922;
	19922	:	922;
	19923	:	932;
	19924	:	922;
	19925	:	932;
	19926	:	a32;
	19927	:	a32;
	19928	:	a32;
	19929	:	a32;
	19930	:	a32;
	19931	:	a32;
	19932	:	b32;
	19933	:	b32;
	19934	:	b33;
	19935	:	c33;
	19936	:	c43;
	19937	:	d44;
	19938	:	d44;
	19939	:	d43;
	19940	:	c33;
	19941	:	d43;
	19942	:	c43;
	19943	:	c33;
	19944	:	c33;
	19945	:	c33;
	19946	:	c33;
	19947	:	c32;
	19948	:	c32;
	19949	:	c33;
	19950	:	c33;
	19951	:	c43;
	19952	:	c43;
	19953	:	c43;
	19954	:	c32;
	19955	:	d43;
	19956	:	d43;
	19957	:	c43;
	19958	:	c33;
	19959	:	c43;
	19960	:	d43;
	19961	:	d43;
	19962	:	d53;
	19963	:	d53;
	19964	:	c43;
	19965	:	c43;
	19966	:	c43;
	19967	:	c43;
	19968	:	582;
	19969	:	582;
	19970	:	582;
	19971	:	582;
	19972	:	582;
	19973	:	582;
	19974	:	582;
	19975	:	582;
	19976	:	582;
	19977	:	582;
	19978	:	582;
	19979	:	582;
	19980	:	582;
	19981	:	582;
	19982	:	582;
	19983	:	582;
	19984	:	572;
	19985	:	572;
	19986	:	573;
	19987	:	563;
	19988	:	563;
	19989	:	563;
	19990	:	563;
	19991	:	563;
	19992	:	563;
	19993	:	563;
	19994	:	563;
	19995	:	573;
	19996	:	573;
	19997	:	572;
	19998	:	582;
	19999	:	582;
	20000	:	582;
	20001	:	582;
	20002	:	582;
	20003	:	582;
	20004	:	572;
	20005	:	472;
	20006	:	563;
	20007	:	462;
	20008	:	463;
	20009	:	463;
	20010	:	453;
	20011	:	463;
	20012	:	563;
	20013	:	563;
	20014	:	562;
	20015	:	572;
	20016	:	572;
	20017	:	572;
	20018	:	572;
	20019	:	581;
	20020	:	582;
	20021	:	682;
	20022	:	683;
	20023	:	783;
	20024	:	784;
	20025	:	895;
	20026	:	895;
	20027	:	895;
	20028	:	996;
	20029	:	896;
	20030	:	885;
	20031	:	885;
	20032	:	885;
	20033	:	885;
	20034	:	895;
	20035	:	784;
	20036	:	784;
	20037	:	9a6;
	20038	:	aa7;
	20039	:	bb8;
	20040	:	cc9;
	20041	:	dca;
	20042	:	ddb;
	20043	:	eec;
	20044	:	fed;
	20045	:	ffd;
	20046	:	ffd;
	20047	:	ffe;
	20048	:	ffe;
	20049	:	fff;
	20050	:	fff;
	20051	:	fff;
	20052	:	fff;
	20053	:	fff;
	20054	:	fff;
	20055	:	ffe;
	20056	:	ffe;
	20057	:	ffd;
	20058	:	fed;
	20059	:	eec;
	20060	:	ddb;
	20061	:	dca;
	20062	:	cba;
	20063	:	bb9;
	20064	:	bb9;
	20065	:	bb9;
	20066	:	bb9;
	20067	:	bb9;
	20068	:	cba;
	20069	:	cca;
	20070	:	ccb;
	20071	:	cca;
	20072	:	ccb;
	20073	:	ccb;
	20074	:	cca;
	20075	:	cba;
	20076	:	bb9;
	20077	:	bb9;
	20078	:	ba9;
	20079	:	aa8;
	20080	:	aa8;
	20081	:	aa8;
	20082	:	997;
	20083	:	997;
	20084	:	997;
	20085	:	997;
	20086	:	997;
	20087	:	997;
	20088	:	997;
	20089	:	897;
	20090	:	887;
	20091	:	886;
	20092	:	786;
	20093	:	775;
	20094	:	775;
	20095	:	774;
	20096	:	774;
	20097	:	774;
	20098	:	774;
	20099	:	664;
	20100	:	764;
	20101	:	664;
	20102	:	664;
	20103	:	764;
	20104	:	764;
	20105	:	664;
	20106	:	764;
	20107	:	764;
	20108	:	764;
	20109	:	764;
	20110	:	764;
	20111	:	764;
	20112	:	764;
	20113	:	764;
	20114	:	664;
	20115	:	664;
	20116	:	764;
	20117	:	764;
	20118	:	765;
	20119	:	764;
	20120	:	a65;
	20121	:	c54;
	20122	:	d54;
	20123	:	c44;
	20124	:	b33;
	20125	:	b33;
	20126	:	a32;
	20127	:	a32;
	20128	:	a32;
	20129	:	922;
	20130	:	a22;
	20131	:	922;
	20132	:	a22;
	20133	:	a32;
	20134	:	a22;
	20135	:	a22;
	20136	:	a22;
	20137	:	a22;
	20138	:	a33;
	20139	:	b33;
	20140	:	a32;
	20141	:	a22;
	20142	:	a32;
	20143	:	a22;
	20144	:	a32;
	20145	:	a22;
	20146	:	a32;
	20147	:	932;
	20148	:	932;
	20149	:	822;
	20150	:	822;
	20151	:	932;
	20152	:	933;
	20153	:	a33;
	20154	:	a43;
	20155	:	b55;
	20156	:	a54;
	20157	:	a44;
	20158	:	a43;
	20159	:	a43;
	20160	:	932;
	20161	:	a33;
	20162	:	a33;
	20163	:	a33;
	20164	:	a33;
	20165	:	a33;
	20166	:	933;
	20167	:	933;
	20168	:	934;
	20169	:	a43;
	20170	:	a33;
	20171	:	b33;
	20172	:	b43;
	20173	:	b33;
	20174	:	b33;
	20175	:	a32;
	20176	:	a32;
	20177	:	922;
	20178	:	922;
	20179	:	932;
	20180	:	922;
	20181	:	932;
	20182	:	a32;
	20183	:	a32;
	20184	:	a32;
	20185	:	a32;
	20186	:	a32;
	20187	:	a32;
	20188	:	b32;
	20189	:	b32;
	20190	:	b33;
	20191	:	c33;
	20192	:	c43;
	20193	:	d44;
	20194	:	d44;
	20195	:	d43;
	20196	:	c33;
	20197	:	d43;
	20198	:	c43;
	20199	:	c33;
	20200	:	c33;
	20201	:	c33;
	20202	:	c33;
	20203	:	c32;
	20204	:	c32;
	20205	:	c33;
	20206	:	c33;
	20207	:	c43;
	20208	:	c43;
	20209	:	c43;
	20210	:	c32;
	20211	:	d43;
	20212	:	d43;
	20213	:	c43;
	20214	:	c33;
	20215	:	c43;
	20216	:	d43;
	20217	:	d43;
	20218	:	d53;
	20219	:	d53;
	20220	:	c43;
	20221	:	c43;
	20222	:	c43;
	20223	:	c43;
	20224	:	582;
	20225	:	582;
	20226	:	582;
	20227	:	582;
	20228	:	582;
	20229	:	582;
	20230	:	582;
	20231	:	582;
	20232	:	582;
	20233	:	582;
	20234	:	582;
	20235	:	582;
	20236	:	582;
	20237	:	582;
	20238	:	582;
	20239	:	572;
	20240	:	572;
	20241	:	572;
	20242	:	573;
	20243	:	563;
	20244	:	563;
	20245	:	563;
	20246	:	563;
	20247	:	563;
	20248	:	563;
	20249	:	563;
	20250	:	573;
	20251	:	573;
	20252	:	573;
	20253	:	582;
	20254	:	582;
	20255	:	582;
	20256	:	582;
	20257	:	582;
	20258	:	582;
	20259	:	582;
	20260	:	572;
	20261	:	562;
	20262	:	462;
	20263	:	463;
	20264	:	463;
	20265	:	463;
	20266	:	462;
	20267	:	563;
	20268	:	563;
	20269	:	562;
	20270	:	572;
	20271	:	572;
	20272	:	572;
	20273	:	582;
	20274	:	582;
	20275	:	582;
	20276	:	572;
	20277	:	682;
	20278	:	683;
	20279	:	784;
	20280	:	784;
	20281	:	784;
	20282	:	885;
	20283	:	885;
	20284	:	885;
	20285	:	885;
	20286	:	785;
	20287	:	885;
	20288	:	785;
	20289	:	784;
	20290	:	784;
	20291	:	894;
	20292	:	995;
	20293	:	ab7;
	20294	:	bb8;
	20295	:	cc9;
	20296	:	dca;
	20297	:	edb;
	20298	:	eec;
	20299	:	fed;
	20300	:	ffd;
	20301	:	ffd;
	20302	:	ffe;
	20303	:	ffe;
	20304	:	ffe;
	20305	:	fff;
	20306	:	ffe;
	20307	:	ffe;
	20308	:	fff;
	20309	:	ffd;
	20310	:	ffe;
	20311	:	ffd;
	20312	:	fec;
	20313	:	eec;
	20314	:	edb;
	20315	:	dcb;
	20316	:	cca;
	20317	:	bb9;
	20318	:	bb8;
	20319	:	bb9;
	20320	:	bb9;
	20321	:	bb9;
	20322	:	bba;
	20323	:	cca;
	20324	:	cca;
	20325	:	dcb;
	20326	:	dcb;
	20327	:	dcb;
	20328	:	dcb;
	20329	:	ccb;
	20330	:	cca;
	20331	:	cba;
	20332	:	cca;
	20333	:	bba;
	20334	:	bb9;
	20335	:	bb9;
	20336	:	aa9;
	20337	:	aa8;
	20338	:	aa8;
	20339	:	998;
	20340	:	998;
	20341	:	997;
	20342	:	997;
	20343	:	997;
	20344	:	997;
	20345	:	897;
	20346	:	887;
	20347	:	887;
	20348	:	886;
	20349	:	775;
	20350	:	775;
	20351	:	774;
	20352	:	774;
	20353	:	764;
	20354	:	664;
	20355	:	764;
	20356	:	664;
	20357	:	664;
	20358	:	764;
	20359	:	664;
	20360	:	764;
	20361	:	764;
	20362	:	764;
	20363	:	764;
	20364	:	764;
	20365	:	764;
	20366	:	764;
	20367	:	764;
	20368	:	764;
	20369	:	764;
	20370	:	764;
	20371	:	764;
	20372	:	764;
	20373	:	764;
	20374	:	664;
	20375	:	754;
	20376	:	a65;
	20377	:	c54;
	20378	:	b33;
	20379	:	a32;
	20380	:	922;
	20381	:	922;
	20382	:	922;
	20383	:	a22;
	20384	:	922;
	20385	:	922;
	20386	:	922;
	20387	:	922;
	20388	:	922;
	20389	:	821;
	20390	:	822;
	20391	:	822;
	20392	:	822;
	20393	:	922;
	20394	:	922;
	20395	:	932;
	20396	:	932;
	20397	:	932;
	20398	:	922;
	20399	:	922;
	20400	:	932;
	20401	:	822;
	20402	:	822;
	20403	:	822;
	20404	:	722;
	20405	:	822;
	20406	:	943;
	20407	:	b66;
	20408	:	a43;
	20409	:	b54;
	20410	:	a54;
	20411	:	a55;
	20412	:	844;
	20413	:	eaa;
	20414	:	944;
	20415	:	e99;
	20416	:	b55;
	20417	:	a44;
	20418	:	943;
	20419	:	a55;
	20420	:	e9a;
	20421	:	fdd;
	20422	:	fdd;
	20423	:	dbb;
	20424	:	b9a;
	20425	:	b99;
	20426	:	b89;
	20427	:	b88;
	20428	:	b77;
	20429	:	a44;
	20430	:	822;
	20431	:	822;
	20432	:	822;
	20433	:	822;
	20434	:	822;
	20435	:	932;
	20436	:	a32;
	20437	:	932;
	20438	:	922;
	20439	:	821;
	20440	:	821;
	20441	:	932;
	20442	:	922;
	20443	:	932;
	20444	:	a32;
	20445	:	a32;
	20446	:	b33;
	20447	:	b33;
	20448	:	b33;
	20449	:	b33;
	20450	:	b33;
	20451	:	b33;
	20452	:	b32;
	20453	:	b32;
	20454	:	c33;
	20455	:	c33;
	20456	:	d44;
	20457	:	d44;
	20458	:	d54;
	20459	:	c44;
	20460	:	c43;
	20461	:	d43;
	20462	:	d54;
	20463	:	d54;
	20464	:	d54;
	20465	:	c43;
	20466	:	d43;
	20467	:	d44;
	20468	:	f87;
	20469	:	d54;
	20470	:	c43;
	20471	:	d44;
	20472	:	c43;
	20473	:	c33;
	20474	:	b32;
	20475	:	c33;
	20476	:	c32;
	20477	:	c43;
	20478	:	c43;
	20479	:	d53;
	20480	:	582;
	20481	:	582;
	20482	:	582;
	20483	:	582;
	20484	:	582;
	20485	:	582;
	20486	:	582;
	20487	:	582;
	20488	:	582;
	20489	:	582;
	20490	:	582;
	20491	:	582;
	20492	:	582;
	20493	:	582;
	20494	:	582;
	20495	:	572;
	20496	:	572;
	20497	:	572;
	20498	:	573;
	20499	:	563;
	20500	:	563;
	20501	:	563;
	20502	:	563;
	20503	:	563;
	20504	:	563;
	20505	:	563;
	20506	:	573;
	20507	:	573;
	20508	:	573;
	20509	:	582;
	20510	:	582;
	20511	:	582;
	20512	:	582;
	20513	:	582;
	20514	:	582;
	20515	:	582;
	20516	:	572;
	20517	:	562;
	20518	:	462;
	20519	:	463;
	20520	:	463;
	20521	:	463;
	20522	:	462;
	20523	:	563;
	20524	:	563;
	20525	:	562;
	20526	:	572;
	20527	:	572;
	20528	:	572;
	20529	:	582;
	20530	:	582;
	20531	:	582;
	20532	:	572;
	20533	:	682;
	20534	:	683;
	20535	:	784;
	20536	:	784;
	20537	:	784;
	20538	:	885;
	20539	:	885;
	20540	:	885;
	20541	:	885;
	20542	:	785;
	20543	:	885;
	20544	:	785;
	20545	:	784;
	20546	:	784;
	20547	:	894;
	20548	:	995;
	20549	:	ab7;
	20550	:	bb8;
	20551	:	cc9;
	20552	:	dca;
	20553	:	edb;
	20554	:	eec;
	20555	:	fed;
	20556	:	ffd;
	20557	:	ffd;
	20558	:	ffe;
	20559	:	ffe;
	20560	:	ffe;
	20561	:	fff;
	20562	:	ffe;
	20563	:	ffe;
	20564	:	fff;
	20565	:	ffd;
	20566	:	ffe;
	20567	:	ffd;
	20568	:	fec;
	20569	:	eec;
	20570	:	edb;
	20571	:	dcb;
	20572	:	cca;
	20573	:	bb9;
	20574	:	bb8;
	20575	:	bb9;
	20576	:	bb9;
	20577	:	bb9;
	20578	:	bba;
	20579	:	cca;
	20580	:	cca;
	20581	:	dcb;
	20582	:	dcb;
	20583	:	dcb;
	20584	:	dcb;
	20585	:	ccb;
	20586	:	cca;
	20587	:	cba;
	20588	:	cca;
	20589	:	bba;
	20590	:	bb9;
	20591	:	bb9;
	20592	:	aa9;
	20593	:	aa8;
	20594	:	aa8;
	20595	:	998;
	20596	:	998;
	20597	:	997;
	20598	:	997;
	20599	:	997;
	20600	:	997;
	20601	:	897;
	20602	:	887;
	20603	:	887;
	20604	:	886;
	20605	:	775;
	20606	:	775;
	20607	:	774;
	20608	:	774;
	20609	:	764;
	20610	:	664;
	20611	:	764;
	20612	:	664;
	20613	:	664;
	20614	:	764;
	20615	:	664;
	20616	:	764;
	20617	:	764;
	20618	:	764;
	20619	:	764;
	20620	:	764;
	20621	:	764;
	20622	:	764;
	20623	:	764;
	20624	:	764;
	20625	:	764;
	20626	:	764;
	20627	:	764;
	20628	:	764;
	20629	:	764;
	20630	:	664;
	20631	:	754;
	20632	:	a65;
	20633	:	c54;
	20634	:	b33;
	20635	:	a32;
	20636	:	922;
	20637	:	922;
	20638	:	922;
	20639	:	a22;
	20640	:	922;
	20641	:	922;
	20642	:	922;
	20643	:	922;
	20644	:	922;
	20645	:	821;
	20646	:	822;
	20647	:	822;
	20648	:	822;
	20649	:	922;
	20650	:	922;
	20651	:	932;
	20652	:	932;
	20653	:	932;
	20654	:	922;
	20655	:	922;
	20656	:	932;
	20657	:	822;
	20658	:	822;
	20659	:	822;
	20660	:	722;
	20661	:	822;
	20662	:	943;
	20663	:	b66;
	20664	:	a43;
	20665	:	b54;
	20666	:	a54;
	20667	:	a55;
	20668	:	844;
	20669	:	eaa;
	20670	:	944;
	20671	:	e99;
	20672	:	b55;
	20673	:	a44;
	20674	:	943;
	20675	:	a55;
	20676	:	e9a;
	20677	:	fdd;
	20678	:	fdd;
	20679	:	dbb;
	20680	:	b9a;
	20681	:	b99;
	20682	:	b89;
	20683	:	b88;
	20684	:	b77;
	20685	:	a44;
	20686	:	822;
	20687	:	822;
	20688	:	822;
	20689	:	822;
	20690	:	822;
	20691	:	932;
	20692	:	a32;
	20693	:	932;
	20694	:	922;
	20695	:	821;
	20696	:	821;
	20697	:	932;
	20698	:	922;
	20699	:	932;
	20700	:	a32;
	20701	:	a32;
	20702	:	b33;
	20703	:	b33;
	20704	:	b33;
	20705	:	b33;
	20706	:	b33;
	20707	:	b33;
	20708	:	b32;
	20709	:	b32;
	20710	:	c33;
	20711	:	c33;
	20712	:	d44;
	20713	:	d44;
	20714	:	d54;
	20715	:	c44;
	20716	:	c43;
	20717	:	d43;
	20718	:	d54;
	20719	:	d54;
	20720	:	d54;
	20721	:	c43;
	20722	:	d43;
	20723	:	d44;
	20724	:	f87;
	20725	:	d54;
	20726	:	c43;
	20727	:	d44;
	20728	:	c43;
	20729	:	c33;
	20730	:	b32;
	20731	:	c33;
	20732	:	c32;
	20733	:	c43;
	20734	:	c43;
	20735	:	d53;
	20736	:	582;
	20737	:	582;
	20738	:	582;
	20739	:	582;
	20740	:	582;
	20741	:	582;
	20742	:	582;
	20743	:	582;
	20744	:	582;
	20745	:	582;
	20746	:	582;
	20747	:	582;
	20748	:	582;
	20749	:	582;
	20750	:	582;
	20751	:	572;
	20752	:	572;
	20753	:	572;
	20754	:	573;
	20755	:	563;
	20756	:	563;
	20757	:	563;
	20758	:	563;
	20759	:	563;
	20760	:	563;
	20761	:	573;
	20762	:	573;
	20763	:	573;
	20764	:	572;
	20765	:	582;
	20766	:	582;
	20767	:	582;
	20768	:	582;
	20769	:	582;
	20770	:	572;
	20771	:	572;
	20772	:	572;
	20773	:	562;
	20774	:	562;
	20775	:	563;
	20776	:	563;
	20777	:	463;
	20778	:	563;
	20779	:	563;
	20780	:	562;
	20781	:	572;
	20782	:	572;
	20783	:	572;
	20784	:	572;
	20785	:	571;
	20786	:	582;
	20787	:	571;
	20788	:	582;
	20789	:	572;
	20790	:	683;
	20791	:	684;
	20792	:	784;
	20793	:	784;
	20794	:	784;
	20795	:	784;
	20796	:	784;
	20797	:	784;
	20798	:	784;
	20799	:	784;
	20800	:	784;
	20801	:	783;
	20802	:	894;
	20803	:	9a6;
	20804	:	aa7;
	20805	:	bb9;
	20806	:	cc9;
	20807	:	ddb;
	20808	:	ddb;
	20809	:	eec;
	20810	:	fed;
	20811	:	ffd;
	20812	:	ffd;
	20813	:	ffd;
	20814	:	ffe;
	20815	:	ffe;
	20816	:	ffe;
	20817	:	ffe;
	20818	:	ffe;
	20819	:	ffd;
	20820	:	ffd;
	20821	:	fed;
	20822	:	fec;
	20823	:	edc;
	20824	:	edb;
	20825	:	ddb;
	20826	:	dca;
	20827	:	cc9;
	20828	:	bb8;
	20829	:	aa8;
	20830	:	aa8;
	20831	:	bb9;
	20832	:	cca;
	20833	:	bba;
	20834	:	cca;
	20835	:	cca;
	20836	:	dcb;
	20837	:	ddb;
	20838	:	ddb;
	20839	:	ddc;
	20840	:	ddb;
	20841	:	dcb;
	20842	:	ccb;
	20843	:	cca;
	20844	:	cca;
	20845	:	cca;
	20846	:	cba;
	20847	:	bb9;
	20848	:	bb9;
	20849	:	aa8;
	20850	:	aa8;
	20851	:	997;
	20852	:	997;
	20853	:	997;
	20854	:	997;
	20855	:	997;
	20856	:	997;
	20857	:	997;
	20858	:	887;
	20859	:	897;
	20860	:	886;
	20861	:	775;
	20862	:	775;
	20863	:	774;
	20864	:	664;
	20865	:	664;
	20866	:	664;
	20867	:	664;
	20868	:	664;
	20869	:	664;
	20870	:	664;
	20871	:	664;
	20872	:	764;
	20873	:	764;
	20874	:	764;
	20875	:	764;
	20876	:	764;
	20877	:	764;
	20878	:	764;
	20879	:	764;
	20880	:	764;
	20881	:	764;
	20882	:	764;
	20883	:	764;
	20884	:	764;
	20885	:	664;
	20886	:	664;
	20887	:	764;
	20888	:	a65;
	20889	:	a32;
	20890	:	b32;
	20891	:	a32;
	20892	:	a22;
	20893	:	a22;
	20894	:	922;
	20895	:	821;
	20896	:	721;
	20897	:	722;
	20898	:	721;
	20899	:	722;
	20900	:	721;
	20901	:	722;
	20902	:	732;
	20903	:	722;
	20904	:	822;
	20905	:	822;
	20906	:	722;
	20907	:	721;
	20908	:	822;
	20909	:	922;
	20910	:	822;
	20911	:	822;
	20912	:	822;
	20913	:	721;
	20914	:	722;
	20915	:	833;
	20916	:	eaa;
	20917	:	c88;
	20918	:	d99;
	20919	:	eaa;
	20920	:	b55;
	20921	:	fbb;
	20922	:	d99;
	20923	:	833;
	20924	:	fbb;
	20925	:	c99;
	20926	:	fcc;
	20927	:	944;
	20928	:	b66;
	20929	:	945;
	20930	:	d99;
	20931	:	fbb;
	20932	:	eab;
	20933	:	a77;
	20934	:	caa;
	20935	:	dcc;
	20936	:	cab;
	20937	:	878;
	20938	:	767;
	20939	:	877;
	20940	:	977;
	20941	:	baa;
	20942	:	dab;
	20943	:	dbb;
	20944	:	fcc;
	20945	:	fbb;
	20946	:	daa;
	20947	:	944;
	20948	:	833;
	20949	:	822;
	20950	:	922;
	20951	:	922;
	20952	:	932;
	20953	:	932;
	20954	:	932;
	20955	:	a32;
	20956	:	a32;
	20957	:	a32;
	20958	:	a22;
	20959	:	a22;
	20960	:	b33;
	20961	:	c43;
	20962	:	c43;
	20963	:	c43;
	20964	:	d44;
	20965	:	c43;
	20966	:	c43;
	20967	:	c43;
	20968	:	c43;
	20969	:	c43;
	20970	:	d43;
	20971	:	d44;
	20972	:	d54;
	20973	:	d54;
	20974	:	d54;
	20975	:	d54;
	20976	:	e65;
	20977	:	d54;
	20978	:	d64;
	20979	:	e64;
	20980	:	d54;
	20981	:	c44;
	20982	:	c44;
	20983	:	c44;
	20984	:	d44;
	20985	:	c33;
	20986	:	c33;
	20987	:	c33;
	20988	:	b32;
	20989	:	c33;
	20990	:	c33;
	20991	:	c43;
	20992	:	582;
	20993	:	582;
	20994	:	582;
	20995	:	582;
	20996	:	582;
	20997	:	582;
	20998	:	582;
	20999	:	582;
	21000	:	582;
	21001	:	582;
	21002	:	582;
	21003	:	582;
	21004	:	582;
	21005	:	582;
	21006	:	582;
	21007	:	572;
	21008	:	572;
	21009	:	572;
	21010	:	573;
	21011	:	563;
	21012	:	563;
	21013	:	563;
	21014	:	563;
	21015	:	563;
	21016	:	563;
	21017	:	573;
	21018	:	573;
	21019	:	573;
	21020	:	572;
	21021	:	582;
	21022	:	582;
	21023	:	582;
	21024	:	582;
	21025	:	582;
	21026	:	572;
	21027	:	572;
	21028	:	572;
	21029	:	562;
	21030	:	562;
	21031	:	563;
	21032	:	563;
	21033	:	463;
	21034	:	563;
	21035	:	563;
	21036	:	562;
	21037	:	572;
	21038	:	572;
	21039	:	572;
	21040	:	572;
	21041	:	571;
	21042	:	582;
	21043	:	571;
	21044	:	582;
	21045	:	572;
	21046	:	683;
	21047	:	684;
	21048	:	784;
	21049	:	784;
	21050	:	784;
	21051	:	784;
	21052	:	784;
	21053	:	784;
	21054	:	784;
	21055	:	784;
	21056	:	784;
	21057	:	783;
	21058	:	894;
	21059	:	9a6;
	21060	:	aa7;
	21061	:	bb9;
	21062	:	cc9;
	21063	:	ddb;
	21064	:	ddb;
	21065	:	eec;
	21066	:	fed;
	21067	:	ffd;
	21068	:	ffd;
	21069	:	ffd;
	21070	:	ffe;
	21071	:	ffe;
	21072	:	ffe;
	21073	:	ffe;
	21074	:	ffe;
	21075	:	ffd;
	21076	:	ffd;
	21077	:	fed;
	21078	:	fec;
	21079	:	edc;
	21080	:	edb;
	21081	:	ddb;
	21082	:	dca;
	21083	:	cc9;
	21084	:	bb8;
	21085	:	aa8;
	21086	:	aa8;
	21087	:	bb9;
	21088	:	cca;
	21089	:	bba;
	21090	:	cca;
	21091	:	cca;
	21092	:	dcb;
	21093	:	ddb;
	21094	:	ddb;
	21095	:	ddc;
	21096	:	ddb;
	21097	:	dcb;
	21098	:	ccb;
	21099	:	cca;
	21100	:	cca;
	21101	:	cca;
	21102	:	cba;
	21103	:	bb9;
	21104	:	bb9;
	21105	:	aa8;
	21106	:	aa8;
	21107	:	997;
	21108	:	997;
	21109	:	997;
	21110	:	997;
	21111	:	997;
	21112	:	997;
	21113	:	997;
	21114	:	887;
	21115	:	897;
	21116	:	886;
	21117	:	775;
	21118	:	775;
	21119	:	774;
	21120	:	664;
	21121	:	664;
	21122	:	664;
	21123	:	664;
	21124	:	664;
	21125	:	664;
	21126	:	664;
	21127	:	664;
	21128	:	764;
	21129	:	764;
	21130	:	764;
	21131	:	764;
	21132	:	764;
	21133	:	764;
	21134	:	764;
	21135	:	764;
	21136	:	764;
	21137	:	764;
	21138	:	764;
	21139	:	764;
	21140	:	764;
	21141	:	664;
	21142	:	664;
	21143	:	764;
	21144	:	a65;
	21145	:	a32;
	21146	:	b32;
	21147	:	a32;
	21148	:	a22;
	21149	:	a22;
	21150	:	922;
	21151	:	821;
	21152	:	721;
	21153	:	722;
	21154	:	721;
	21155	:	722;
	21156	:	721;
	21157	:	722;
	21158	:	732;
	21159	:	722;
	21160	:	822;
	21161	:	822;
	21162	:	722;
	21163	:	721;
	21164	:	822;
	21165	:	922;
	21166	:	822;
	21167	:	822;
	21168	:	822;
	21169	:	721;
	21170	:	722;
	21171	:	833;
	21172	:	eaa;
	21173	:	c88;
	21174	:	d99;
	21175	:	eaa;
	21176	:	b55;
	21177	:	fbb;
	21178	:	d99;
	21179	:	833;
	21180	:	fbb;
	21181	:	c99;
	21182	:	fcc;
	21183	:	944;
	21184	:	b66;
	21185	:	945;
	21186	:	d99;
	21187	:	fbb;
	21188	:	eab;
	21189	:	a77;
	21190	:	caa;
	21191	:	dcc;
	21192	:	cab;
	21193	:	878;
	21194	:	767;
	21195	:	877;
	21196	:	977;
	21197	:	baa;
	21198	:	dab;
	21199	:	dbb;
	21200	:	fcc;
	21201	:	fbb;
	21202	:	daa;
	21203	:	944;
	21204	:	833;
	21205	:	822;
	21206	:	922;
	21207	:	922;
	21208	:	932;
	21209	:	932;
	21210	:	932;
	21211	:	a32;
	21212	:	a32;
	21213	:	a32;
	21214	:	a22;
	21215	:	a22;
	21216	:	b33;
	21217	:	c43;
	21218	:	c43;
	21219	:	c43;
	21220	:	d44;
	21221	:	c43;
	21222	:	c43;
	21223	:	c43;
	21224	:	c43;
	21225	:	c43;
	21226	:	d43;
	21227	:	d44;
	21228	:	d54;
	21229	:	d54;
	21230	:	d54;
	21231	:	d54;
	21232	:	e65;
	21233	:	d54;
	21234	:	d64;
	21235	:	e64;
	21236	:	d54;
	21237	:	c44;
	21238	:	c44;
	21239	:	c44;
	21240	:	d44;
	21241	:	c33;
	21242	:	c33;
	21243	:	c33;
	21244	:	b32;
	21245	:	c33;
	21246	:	c33;
	21247	:	c43;
	21248	:	582;
	21249	:	582;
	21250	:	582;
	21251	:	582;
	21252	:	582;
	21253	:	582;
	21254	:	582;
	21255	:	582;
	21256	:	582;
	21257	:	582;
	21258	:	582;
	21259	:	582;
	21260	:	582;
	21261	:	582;
	21262	:	582;
	21263	:	582;
	21264	:	572;
	21265	:	572;
	21266	:	573;
	21267	:	563;
	21268	:	563;
	21269	:	563;
	21270	:	563;
	21271	:	563;
	21272	:	563;
	21273	:	573;
	21274	:	573;
	21275	:	573;
	21276	:	582;
	21277	:	582;
	21278	:	582;
	21279	:	582;
	21280	:	581;
	21281	:	582;
	21282	:	582;
	21283	:	572;
	21284	:	572;
	21285	:	462;
	21286	:	563;
	21287	:	563;
	21288	:	563;
	21289	:	563;
	21290	:	563;
	21291	:	563;
	21292	:	562;
	21293	:	572;
	21294	:	572;
	21295	:	572;
	21296	:	582;
	21297	:	571;
	21298	:	582;
	21299	:	582;
	21300	:	572;
	21301	:	572;
	21302	:	673;
	21303	:	683;
	21304	:	784;
	21305	:	784;
	21306	:	784;
	21307	:	674;
	21308	:	784;
	21309	:	784;
	21310	:	784;
	21311	:	684;
	21312	:	683;
	21313	:	784;
	21314	:	995;
	21315	:	aa6;
	21316	:	bb8;
	21317	:	cc9;
	21318	:	cca;
	21319	:	ddb;
	21320	:	edb;
	21321	:	fec;
	21322	:	fed;
	21323	:	fed;
	21324	:	ffd;
	21325	:	ffd;
	21326	:	ffe;
	21327	:	ffe;
	21328	:	ffe;
	21329	:	ffd;
	21330	:	ffd;
	21331	:	ffd;
	21332	:	fed;
	21333	:	eec;
	21334	:	eec;
	21335	:	edb;
	21336	:	dca;
	21337	:	cca;
	21338	:	cb9;
	21339	:	bb9;
	21340	:	bb8;
	21341	:	aa8;
	21342	:	bb9;
	21343	:	bb9;
	21344	:	cca;
	21345	:	cca;
	21346	:	dcb;
	21347	:	ddb;
	21348	:	dcb;
	21349	:	ddc;
	21350	:	edc;
	21351	:	ddb;
	21352	:	dcb;
	21353	:	dcb;
	21354	:	dcb;
	21355	:	ccb;
	21356	:	cca;
	21357	:	cca;
	21358	:	cba;
	21359	:	bb9;
	21360	:	aa9;
	21361	:	aa8;
	21362	:	998;
	21363	:	998;
	21364	:	997;
	21365	:	997;
	21366	:	997;
	21367	:	998;
	21368	:	997;
	21369	:	997;
	21370	:	897;
	21371	:	897;
	21372	:	886;
	21373	:	775;
	21374	:	774;
	21375	:	674;
	21376	:	664;
	21377	:	664;
	21378	:	664;
	21379	:	664;
	21380	:	664;
	21381	:	664;
	21382	:	664;
	21383	:	664;
	21384	:	764;
	21385	:	764;
	21386	:	764;
	21387	:	664;
	21388	:	764;
	21389	:	764;
	21390	:	764;
	21391	:	764;
	21392	:	764;
	21393	:	764;
	21394	:	664;
	21395	:	664;
	21396	:	764;
	21397	:	764;
	21398	:	764;
	21399	:	764;
	21400	:	a65;
	21401	:	a43;
	21402	:	a32;
	21403	:	922;
	21404	:	922;
	21405	:	922;
	21406	:	922;
	21407	:	822;
	21408	:	721;
	21409	:	721;
	21410	:	621;
	21411	:	621;
	21412	:	621;
	21413	:	521;
	21414	:	722;
	21415	:	722;
	21416	:	721;
	21417	:	722;
	21418	:	722;
	21419	:	822;
	21420	:	822;
	21421	:	822;
	21422	:	822;
	21423	:	822;
	21424	:	832;
	21425	:	954;
	21426	:	722;
	21427	:	b66;
	21428	:	fbb;
	21429	:	c77;
	21430	:	c88;
	21431	:	e9a;
	21432	:	b66;
	21433	:	c88;
	21434	:	a66;
	21435	:	c78;
	21436	:	d99;
	21437	:	fcc;
	21438	:	d88;
	21439	:	933;
	21440	:	c88;
	21441	:	b77;
	21442	:	d9a;
	21443	:	ebb;
	21444	:	b88;
	21445	:	cab;
	21446	:	cbb;
	21447	:	877;
	21448	:	655;
	21449	:	667;
	21450	:	888;
	21451	:	877;
	21452	:	a98;
	21453	:	977;
	21454	:	cab;
	21455	:	cab;
	21456	:	ecc;
	21457	:	dbb;
	21458	:	ecc;
	21459	:	fcc;
	21460	:	fbb;
	21461	:	e98;
	21462	:	a44;
	21463	:	a44;
	21464	:	933;
	21465	:	922;
	21466	:	922;
	21467	:	922;
	21468	:	b33;
	21469	:	b33;
	21470	:	c43;
	21471	:	c44;
	21472	:	c43;
	21473	:	c33;
	21474	:	c43;
	21475	:	c43;
	21476	:	d54;
	21477	:	d54;
	21478	:	d54;
	21479	:	d54;
	21480	:	d54;
	21481	:	d54;
	21482	:	d54;
	21483	:	d54;
	21484	:	d44;
	21485	:	d44;
	21486	:	c43;
	21487	:	c43;
	21488	:	c43;
	21489	:	c43;
	21490	:	d54;
	21491	:	c43;
	21492	:	c43;
	21493	:	c44;
	21494	:	c43;
	21495	:	d55;
	21496	:	c54;
	21497	:	d55;
	21498	:	c33;
	21499	:	c33;
	21500	:	b33;
	21501	:	b22;
	21502	:	c43;
	21503	:	c44;
	21504	:	582;
	21505	:	582;
	21506	:	582;
	21507	:	582;
	21508	:	582;
	21509	:	582;
	21510	:	582;
	21511	:	582;
	21512	:	582;
	21513	:	582;
	21514	:	582;
	21515	:	582;
	21516	:	582;
	21517	:	582;
	21518	:	572;
	21519	:	572;
	21520	:	572;
	21521	:	573;
	21522	:	563;
	21523	:	563;
	21524	:	563;
	21525	:	563;
	21526	:	563;
	21527	:	563;
	21528	:	573;
	21529	:	573;
	21530	:	573;
	21531	:	572;
	21532	:	582;
	21533	:	582;
	21534	:	582;
	21535	:	582;
	21536	:	582;
	21537	:	582;
	21538	:	572;
	21539	:	572;
	21540	:	572;
	21541	:	562;
	21542	:	563;
	21543	:	563;
	21544	:	563;
	21545	:	563;
	21546	:	563;
	21547	:	562;
	21548	:	572;
	21549	:	572;
	21550	:	572;
	21551	:	572;
	21552	:	582;
	21553	:	582;
	21554	:	582;
	21555	:	582;
	21556	:	572;
	21557	:	572;
	21558	:	673;
	21559	:	673;
	21560	:	684;
	21561	:	673;
	21562	:	673;
	21563	:	673;
	21564	:	673;
	21565	:	673;
	21566	:	673;
	21567	:	673;
	21568	:	794;
	21569	:	895;
	21570	:	aa7;
	21571	:	bb8;
	21572	:	cc9;
	21573	:	dca;
	21574	:	edb;
	21575	:	edc;
	21576	:	fec;
	21577	:	fec;
	21578	:	fed;
	21579	:	fed;
	21580	:	fed;
	21581	:	fed;
	21582	:	fed;
	21583	:	fed;
	21584	:	fed;
	21585	:	fed;
	21586	:	fec;
	21587	:	eec;
	21588	:	edb;
	21589	:	ddb;
	21590	:	dca;
	21591	:	cc9;
	21592	:	cc9;
	21593	:	bb9;
	21594	:	ab8;
	21595	:	aa8;
	21596	:	bb8;
	21597	:	bb9;
	21598	:	bba;
	21599	:	cca;
	21600	:	dcb;
	21601	:	dca;
	21602	:	dcb;
	21603	:	edc;
	21604	:	edc;
	21605	:	edb;
	21606	:	edc;
	21607	:	edb;
	21608	:	ddb;
	21609	:	ddb;
	21610	:	dcb;
	21611	:	ccb;
	21612	:	cca;
	21613	:	cba;
	21614	:	aa8;
	21615	:	aa8;
	21616	:	997;
	21617	:	997;
	21618	:	997;
	21619	:	997;
	21620	:	997;
	21621	:	997;
	21622	:	997;
	21623	:	997;
	21624	:	997;
	21625	:	997;
	21626	:	897;
	21627	:	887;
	21628	:	886;
	21629	:	775;
	21630	:	775;
	21631	:	674;
	21632	:	664;
	21633	:	664;
	21634	:	664;
	21635	:	664;
	21636	:	664;
	21637	:	664;
	21638	:	764;
	21639	:	664;
	21640	:	764;
	21641	:	664;
	21642	:	764;
	21643	:	774;
	21644	:	664;
	21645	:	774;
	21646	:	764;
	21647	:	764;
	21648	:	764;
	21649	:	764;
	21650	:	764;
	21651	:	764;
	21652	:	764;
	21653	:	764;
	21654	:	664;
	21655	:	a65;
	21656	:	a54;
	21657	:	a43;
	21658	:	932;
	21659	:	932;
	21660	:	822;
	21661	:	822;
	21662	:	721;
	21663	:	721;
	21664	:	621;
	21665	:	621;
	21666	:	621;
	21667	:	621;
	21668	:	622;
	21669	:	621;
	21670	:	722;
	21671	:	622;
	21672	:	722;
	21673	:	732;
	21674	:	722;
	21675	:	722;
	21676	:	832;
	21677	:	832;
	21678	:	944;
	21679	:	822;
	21680	:	a55;
	21681	:	b77;
	21682	:	eaa;
	21683	:	b77;
	21684	:	d99;
	21685	:	a66;
	21686	:	eaa;
	21687	:	944;
	21688	:	daa;
	21689	:	ebb;
	21690	:	eab;
	21691	:	833;
	21692	:	c77;
	21693	:	b66;
	21694	:	b77;
	21695	:	945;
	21696	:	d99;
	21697	:	833;
	21698	:	b78;
	21699	:	cab;
	21700	:	dcd;
	21701	:	a88;
	21702	:	876;
	21703	:	777;
	21704	:	323;
	21705	:	222;
	21706	:	222;
	21707	:	776;
	21708	:	998;
	21709	:	a98;
	21710	:	cbb;
	21711	:	cab;
	21712	:	ecc;
	21713	:	ecc;
	21714	:	fcd;
	21715	:	fbb;
	21716	:	934;
	21717	:	c77;
	21718	:	e89;
	21719	:	c66;
	21720	:	a43;
	21721	:	b43;
	21722	:	c54;
	21723	:	c44;
	21724	:	b43;
	21725	:	b44;
	21726	:	b44;
	21727	:	c54;
	21728	:	c44;
	21729	:	c43;
	21730	:	c43;
	21731	:	c43;
	21732	:	d54;
	21733	:	d55;
	21734	:	c43;
	21735	:	c43;
	21736	:	c44;
	21737	:	d54;
	21738	:	d54;
	21739	:	d54;
	21740	:	c53;
	21741	:	c43;
	21742	:	d54;
	21743	:	d54;
	21744	:	d44;
	21745	:	c44;
	21746	:	c43;
	21747	:	c43;
	21748	:	c43;
	21749	:	d54;
	21750	:	e65;
	21751	:	d54;
	21752	:	d65;
	21753	:	d54;
	21754	:	c43;
	21755	:	b33;
	21756	:	b33;
	21757	:	d54;
	21758	:	c43;
	21759	:	b33;
	21760	:	582;
	21761	:	582;
	21762	:	582;
	21763	:	582;
	21764	:	582;
	21765	:	582;
	21766	:	582;
	21767	:	582;
	21768	:	582;
	21769	:	582;
	21770	:	582;
	21771	:	582;
	21772	:	582;
	21773	:	582;
	21774	:	582;
	21775	:	572;
	21776	:	572;
	21777	:	573;
	21778	:	563;
	21779	:	563;
	21780	:	563;
	21781	:	563;
	21782	:	563;
	21783	:	573;
	21784	:	573;
	21785	:	573;
	21786	:	573;
	21787	:	583;
	21788	:	582;
	21789	:	582;
	21790	:	582;
	21791	:	582;
	21792	:	582;
	21793	:	572;
	21794	:	572;
	21795	:	572;
	21796	:	562;
	21797	:	562;
	21798	:	563;
	21799	:	563;
	21800	:	563;
	21801	:	563;
	21802	:	563;
	21803	:	573;
	21804	:	572;
	21805	:	572;
	21806	:	572;
	21807	:	582;
	21808	:	582;
	21809	:	582;
	21810	:	582;
	21811	:	572;
	21812	:	572;
	21813	:	572;
	21814	:	573;
	21815	:	673;
	21816	:	673;
	21817	:	673;
	21818	:	673;
	21819	:	673;
	21820	:	673;
	21821	:	573;
	21822	:	573;
	21823	:	673;
	21824	:	894;
	21825	:	9a6;
	21826	:	aa7;
	21827	:	bb8;
	21828	:	cc9;
	21829	:	ddb;
	21830	:	ddb;
	21831	:	eec;
	21832	:	fec;
	21833	:	fec;
	21834	:	fed;
	21835	:	ffd;
	21836	:	fed;
	21837	:	fed;
	21838	:	fed;
	21839	:	fec;
	21840	:	fec;
	21841	:	fec;
	21842	:	eec;
	21843	:	ddb;
	21844	:	ddb;
	21845	:	dca;
	21846	:	cca;
	21847	:	cc9;
	21848	:	bb9;
	21849	:	ab8;
	21850	:	aa8;
	21851	:	aa8;
	21852	:	bb9;
	21853	:	bb9;
	21854	:	cca;
	21855	:	cca;
	21856	:	dcb;
	21857	:	dcb;
	21858	:	edc;
	21859	:	edc;
	21860	:	edc;
	21861	:	edc;
	21862	:	ddb;
	21863	:	ddb;
	21864	:	ddb;
	21865	:	dcb;
	21866	:	dcb;
	21867	:	cca;
	21868	:	cba;
	21869	:	ba8;
	21870	:	aa8;
	21871	:	997;
	21872	:	997;
	21873	:	997;
	21874	:	997;
	21875	:	997;
	21876	:	997;
	21877	:	997;
	21878	:	997;
	21879	:	997;
	21880	:	997;
	21881	:	897;
	21882	:	897;
	21883	:	886;
	21884	:	886;
	21885	:	775;
	21886	:	775;
	21887	:	674;
	21888	:	664;
	21889	:	664;
	21890	:	664;
	21891	:	664;
	21892	:	664;
	21893	:	664;
	21894	:	664;
	21895	:	663;
	21896	:	663;
	21897	:	774;
	21898	:	664;
	21899	:	664;
	21900	:	664;
	21901	:	764;
	21902	:	664;
	21903	:	764;
	21904	:	664;
	21905	:	664;
	21906	:	664;
	21907	:	664;
	21908	:	664;
	21909	:	664;
	21910	:	664;
	21911	:	754;
	21912	:	854;
	21913	:	832;
	21914	:	932;
	21915	:	932;
	21916	:	822;
	21917	:	722;
	21918	:	722;
	21919	:	722;
	21920	:	722;
	21921	:	622;
	21922	:	622;
	21923	:	621;
	21924	:	521;
	21925	:	621;
	21926	:	622;
	21927	:	521;
	21928	:	622;
	21929	:	721;
	21930	:	722;
	21931	:	943;
	21932	:	933;
	21933	:	933;
	21934	:	822;
	21935	:	832;
	21936	:	932;
	21937	:	833;
	21938	:	944;
	21939	:	eab;
	21940	:	b88;
	21941	:	fbc;
	21942	:	b78;
	21943	:	d99;
	21944	:	c99;
	21945	:	d9a;
	21946	:	ebb;
	21947	:	933;
	21948	:	944;
	21949	:	d99;
	21950	:	a66;
	21951	:	955;
	21952	:	b78;
	21953	:	c88;
	21954	:	c89;
	21955	:	dbc;
	21956	:	dcd;
	21957	:	988;
	21958	:	987;
	21959	:	766;
	21960	:	333;
	21961	:	222;
	21962	:	333;
	21963	:	777;
	21964	:	987;
	21965	:	a98;
	21966	:	cab;
	21967	:	b9a;
	21968	:	ecd;
	21969	:	fcd;
	21970	:	daa;
	21971	:	833;
	21972	:	e99;
	21973	:	b55;
	21974	:	a44;
	21975	:	b44;
	21976	:	b54;
	21977	:	c65;
	21978	:	b43;
	21979	:	c44;
	21980	:	d66;
	21981	:	c55;
	21982	:	c44;
	21983	:	c43;
	21984	:	d54;
	21985	:	d54;
	21986	:	d54;
	21987	:	d54;
	21988	:	d54;
	21989	:	c43;
	21990	:	c44;
	21991	:	c43;
	21992	:	c43;
	21993	:	c43;
	21994	:	d54;
	21995	:	d54;
	21996	:	d54;
	21997	:	e65;
	21998	:	d43;
	21999	:	d54;
	22000	:	d44;
	22001	:	e55;
	22002	:	d54;
	22003	:	c43;
	22004	:	d43;
	22005	:	d54;
	22006	:	e64;
	22007	:	e65;
	22008	:	e75;
	22009	:	c43;
	22010	:	c43;
	22011	:	c43;
	22012	:	b33;
	22013	:	b32;
	22014	:	d54;
	22015	:	c44;
	22016	:	582;
	22017	:	582;
	22018	:	582;
	22019	:	582;
	22020	:	582;
	22021	:	582;
	22022	:	582;
	22023	:	582;
	22024	:	582;
	22025	:	582;
	22026	:	582;
	22027	:	582;
	22028	:	582;
	22029	:	582;
	22030	:	582;
	22031	:	572;
	22032	:	572;
	22033	:	573;
	22034	:	563;
	22035	:	563;
	22036	:	563;
	22037	:	563;
	22038	:	563;
	22039	:	573;
	22040	:	573;
	22041	:	573;
	22042	:	573;
	22043	:	583;
	22044	:	582;
	22045	:	582;
	22046	:	582;
	22047	:	582;
	22048	:	582;
	22049	:	572;
	22050	:	572;
	22051	:	572;
	22052	:	562;
	22053	:	562;
	22054	:	563;
	22055	:	563;
	22056	:	563;
	22057	:	563;
	22058	:	563;
	22059	:	573;
	22060	:	572;
	22061	:	572;
	22062	:	572;
	22063	:	582;
	22064	:	582;
	22065	:	582;
	22066	:	582;
	22067	:	572;
	22068	:	572;
	22069	:	572;
	22070	:	573;
	22071	:	673;
	22072	:	673;
	22073	:	673;
	22074	:	673;
	22075	:	673;
	22076	:	673;
	22077	:	573;
	22078	:	573;
	22079	:	673;
	22080	:	894;
	22081	:	9a6;
	22082	:	aa7;
	22083	:	bb8;
	22084	:	cc9;
	22085	:	ddb;
	22086	:	ddb;
	22087	:	eec;
	22088	:	fec;
	22089	:	fec;
	22090	:	fed;
	22091	:	ffd;
	22092	:	fed;
	22093	:	fed;
	22094	:	fed;
	22095	:	fec;
	22096	:	fec;
	22097	:	fec;
	22098	:	eec;
	22099	:	ddb;
	22100	:	ddb;
	22101	:	dca;
	22102	:	cca;
	22103	:	cc9;
	22104	:	bb9;
	22105	:	ab8;
	22106	:	aa8;
	22107	:	aa8;
	22108	:	bb9;
	22109	:	bb9;
	22110	:	cca;
	22111	:	cca;
	22112	:	dcb;
	22113	:	dcb;
	22114	:	edc;
	22115	:	edc;
	22116	:	edc;
	22117	:	edc;
	22118	:	ddb;
	22119	:	ddb;
	22120	:	ddb;
	22121	:	dcb;
	22122	:	dcb;
	22123	:	cca;
	22124	:	cba;
	22125	:	ba8;
	22126	:	aa8;
	22127	:	997;
	22128	:	997;
	22129	:	997;
	22130	:	997;
	22131	:	997;
	22132	:	997;
	22133	:	997;
	22134	:	997;
	22135	:	997;
	22136	:	997;
	22137	:	897;
	22138	:	897;
	22139	:	886;
	22140	:	886;
	22141	:	775;
	22142	:	775;
	22143	:	674;
	22144	:	664;
	22145	:	664;
	22146	:	664;
	22147	:	664;
	22148	:	664;
	22149	:	664;
	22150	:	664;
	22151	:	663;
	22152	:	663;
	22153	:	774;
	22154	:	664;
	22155	:	664;
	22156	:	664;
	22157	:	764;
	22158	:	664;
	22159	:	764;
	22160	:	664;
	22161	:	664;
	22162	:	664;
	22163	:	664;
	22164	:	664;
	22165	:	664;
	22166	:	664;
	22167	:	754;
	22168	:	854;
	22169	:	832;
	22170	:	932;
	22171	:	932;
	22172	:	822;
	22173	:	722;
	22174	:	722;
	22175	:	722;
	22176	:	722;
	22177	:	622;
	22178	:	622;
	22179	:	621;
	22180	:	521;
	22181	:	621;
	22182	:	622;
	22183	:	521;
	22184	:	622;
	22185	:	721;
	22186	:	722;
	22187	:	943;
	22188	:	933;
	22189	:	933;
	22190	:	822;
	22191	:	832;
	22192	:	932;
	22193	:	833;
	22194	:	944;
	22195	:	eab;
	22196	:	b88;
	22197	:	fbc;
	22198	:	b78;
	22199	:	d99;
	22200	:	c99;
	22201	:	d9a;
	22202	:	ebb;
	22203	:	933;
	22204	:	944;
	22205	:	d99;
	22206	:	a66;
	22207	:	955;
	22208	:	b78;
	22209	:	c88;
	22210	:	c89;
	22211	:	dbc;
	22212	:	dcd;
	22213	:	988;
	22214	:	987;
	22215	:	766;
	22216	:	333;
	22217	:	222;
	22218	:	333;
	22219	:	777;
	22220	:	987;
	22221	:	a98;
	22222	:	cab;
	22223	:	b9a;
	22224	:	ecd;
	22225	:	fcd;
	22226	:	daa;
	22227	:	833;
	22228	:	e99;
	22229	:	b55;
	22230	:	a44;
	22231	:	b44;
	22232	:	b54;
	22233	:	c65;
	22234	:	b43;
	22235	:	c44;
	22236	:	d66;
	22237	:	c55;
	22238	:	c44;
	22239	:	c43;
	22240	:	d54;
	22241	:	d54;
	22242	:	d54;
	22243	:	d54;
	22244	:	d54;
	22245	:	c43;
	22246	:	c44;
	22247	:	c43;
	22248	:	c43;
	22249	:	c43;
	22250	:	d54;
	22251	:	d54;
	22252	:	d54;
	22253	:	e65;
	22254	:	d43;
	22255	:	d54;
	22256	:	d44;
	22257	:	e55;
	22258	:	d54;
	22259	:	c43;
	22260	:	d43;
	22261	:	d54;
	22262	:	e64;
	22263	:	e65;
	22264	:	e75;
	22265	:	c43;
	22266	:	c43;
	22267	:	c43;
	22268	:	b33;
	22269	:	b32;
	22270	:	d54;
	22271	:	c44;
	22272	:	582;
	22273	:	582;
	22274	:	582;
	22275	:	582;
	22276	:	582;
	22277	:	582;
	22278	:	582;
	22279	:	582;
	22280	:	582;
	22281	:	582;
	22282	:	582;
	22283	:	582;
	22284	:	582;
	22285	:	582;
	22286	:	572;
	22287	:	572;
	22288	:	573;
	22289	:	573;
	22290	:	563;
	22291	:	563;
	22292	:	563;
	22293	:	563;
	22294	:	563;
	22295	:	573;
	22296	:	573;
	22297	:	573;
	22298	:	573;
	22299	:	583;
	22300	:	582;
	22301	:	582;
	22302	:	582;
	22303	:	582;
	22304	:	582;
	22305	:	572;
	22306	:	572;
	22307	:	572;
	22308	:	562;
	22309	:	462;
	22310	:	562;
	22311	:	572;
	22312	:	673;
	22313	:	894;
	22314	:	ab6;
	22315	:	9b5;
	22316	:	ab5;
	22317	:	ac5;
	22318	:	bd6;
	22319	:	ac6;
	22320	:	ab5;
	22321	:	ab5;
	22322	:	ac5;
	22323	:	bc6;
	22324	:	8a4;
	22325	:	794;
	22326	:	684;
	22327	:	573;
	22328	:	462;
	22329	:	572;
	22330	:	572;
	22331	:	573;
	22332	:	573;
	22333	:	572;
	22334	:	572;
	22335	:	784;
	22336	:	9a6;
	22337	:	aa7;
	22338	:	bb9;
	22339	:	cca;
	22340	:	ddb;
	22341	:	eec;
	22342	:	eec;
	22343	:	eec;
	22344	:	fed;
	22345	:	fec;
	22346	:	fed;
	22347	:	fec;
	22348	:	eec;
	22349	:	fec;
	22350	:	eec;
	22351	:	edc;
	22352	:	edb;
	22353	:	ddb;
	22354	:	dda;
	22355	:	dca;
	22356	:	cc9;
	22357	:	cb9;
	22358	:	bb8;
	22359	:	aa7;
	22360	:	aa7;
	22361	:	ab8;
	22362	:	bb8;
	22363	:	bb9;
	22364	:	cca;
	22365	:	cca;
	22366	:	cca;
	22367	:	dcb;
	22368	:	ddb;
	22369	:	edc;
	22370	:	edc;
	22371	:	edc;
	22372	:	edc;
	22373	:	edc;
	22374	:	edb;
	22375	:	edb;
	22376	:	ddb;
	22377	:	dcb;
	22378	:	cca;
	22379	:	bb9;
	22380	:	aa8;
	22381	:	aa7;
	22382	:	997;
	22383	:	997;
	22384	:	997;
	22385	:	997;
	22386	:	997;
	22387	:	997;
	22388	:	997;
	22389	:	997;
	22390	:	997;
	22391	:	896;
	22392	:	886;
	22393	:	886;
	22394	:	886;
	22395	:	885;
	22396	:	775;
	22397	:	775;
	22398	:	774;
	22399	:	674;
	22400	:	664;
	22401	:	674;
	22402	:	674;
	22403	:	664;
	22404	:	673;
	22405	:	663;
	22406	:	663;
	22407	:	674;
	22408	:	664;
	22409	:	674;
	22410	:	674;
	22411	:	664;
	22412	:	664;
	22413	:	774;
	22414	:	664;
	22415	:	774;
	22416	:	764;
	22417	:	764;
	22418	:	664;
	22419	:	664;
	22420	:	664;
	22421	:	664;
	22422	:	664;
	22423	:	664;
	22424	:	664;
	22425	:	764;
	22426	:	964;
	22427	:	943;
	22428	:	832;
	22429	:	621;
	22430	:	a54;
	22431	:	722;
	22432	:	621;
	22433	:	622;
	22434	:	954;
	22435	:	a66;
	22436	:	b88;
	22437	:	b88;
	22438	:	b77;
	22439	:	966;
	22440	:	754;
	22441	:	421;
	22442	:	732;
	22443	:	832;
	22444	:	822;
	22445	:	722;
	22446	:	822;
	22447	:	822;
	22448	:	822;
	22449	:	b65;
	22450	:	b77;
	22451	:	b77;
	22452	:	d99;
	22453	:	d89;
	22454	:	eab;
	22455	:	ebc;
	22456	:	d9a;
	22457	:	833;
	22458	:	d99;
	22459	:	c88;
	22460	:	955;
	22461	:	daa;
	22462	:	fcd;
	22463	:	eab;
	22464	:	d9a;
	22465	:	a67;
	22466	:	967;
	22467	:	ecc;
	22468	:	cab;
	22469	:	a99;
	22470	:	988;
	22471	:	998;
	22472	:	876;
	22473	:	876;
	22474	:	887;
	22475	:	ba9;
	22476	:	987;
	22477	:	bab;
	22478	:	cab;
	22479	:	ecd;
	22480	:	dbb;
	22481	:	a66;
	22482	:	944;
	22483	:	d99;
	22484	:	a44;
	22485	:	b44;
	22486	:	b55;
	22487	:	fcc;
	22488	:	fbb;
	22489	:	e88;
	22490	:	b44;
	22491	:	c44;
	22492	:	d54;
	22493	:	d54;
	22494	:	c43;
	22495	:	c43;
	22496	:	c33;
	22497	:	c44;
	22498	:	d55;
	22499	:	d44;
	22500	:	d54;
	22501	:	d54;
	22502	:	d54;
	22503	:	d54;
	22504	:	c44;
	22505	:	d54;
	22506	:	d44;
	22507	:	c43;
	22508	:	d54;
	22509	:	d54;
	22510	:	d54;
	22511	:	d54;
	22512	:	e55;
	22513	:	d54;
	22514	:	d54;
	22515	:	c43;
	22516	:	d43;
	22517	:	e54;
	22518	:	d54;
	22519	:	d54;
	22520	:	d54;
	22521	:	e54;
	22522	:	e65;
	22523	:	e65;
	22524	:	e65;
	22525	:	d54;
	22526	:	c43;
	22527	:	c33;
	22528	:	582;
	22529	:	582;
	22530	:	582;
	22531	:	582;
	22532	:	582;
	22533	:	582;
	22534	:	582;
	22535	:	582;
	22536	:	582;
	22537	:	582;
	22538	:	582;
	22539	:	582;
	22540	:	582;
	22541	:	582;
	22542	:	572;
	22543	:	572;
	22544	:	573;
	22545	:	573;
	22546	:	563;
	22547	:	563;
	22548	:	563;
	22549	:	563;
	22550	:	563;
	22551	:	573;
	22552	:	573;
	22553	:	573;
	22554	:	573;
	22555	:	583;
	22556	:	582;
	22557	:	582;
	22558	:	582;
	22559	:	582;
	22560	:	582;
	22561	:	572;
	22562	:	572;
	22563	:	572;
	22564	:	562;
	22565	:	462;
	22566	:	562;
	22567	:	572;
	22568	:	673;
	22569	:	894;
	22570	:	ab6;
	22571	:	9b5;
	22572	:	ab5;
	22573	:	ac5;
	22574	:	bd6;
	22575	:	ac6;
	22576	:	ab5;
	22577	:	ab5;
	22578	:	ac5;
	22579	:	bc6;
	22580	:	8a4;
	22581	:	794;
	22582	:	684;
	22583	:	573;
	22584	:	462;
	22585	:	572;
	22586	:	572;
	22587	:	573;
	22588	:	573;
	22589	:	572;
	22590	:	572;
	22591	:	784;
	22592	:	9a6;
	22593	:	aa7;
	22594	:	bb9;
	22595	:	cca;
	22596	:	ddb;
	22597	:	eec;
	22598	:	eec;
	22599	:	eec;
	22600	:	fed;
	22601	:	fec;
	22602	:	fed;
	22603	:	fec;
	22604	:	eec;
	22605	:	fec;
	22606	:	eec;
	22607	:	edc;
	22608	:	edb;
	22609	:	ddb;
	22610	:	dda;
	22611	:	dca;
	22612	:	cc9;
	22613	:	cb9;
	22614	:	bb8;
	22615	:	aa7;
	22616	:	aa7;
	22617	:	ab8;
	22618	:	bb8;
	22619	:	bb9;
	22620	:	cca;
	22621	:	cca;
	22622	:	cca;
	22623	:	dcb;
	22624	:	ddb;
	22625	:	edc;
	22626	:	edc;
	22627	:	edc;
	22628	:	edc;
	22629	:	edc;
	22630	:	edb;
	22631	:	edb;
	22632	:	ddb;
	22633	:	dcb;
	22634	:	cca;
	22635	:	bb9;
	22636	:	aa8;
	22637	:	aa7;
	22638	:	997;
	22639	:	997;
	22640	:	997;
	22641	:	997;
	22642	:	997;
	22643	:	997;
	22644	:	997;
	22645	:	997;
	22646	:	997;
	22647	:	896;
	22648	:	886;
	22649	:	886;
	22650	:	886;
	22651	:	885;
	22652	:	775;
	22653	:	775;
	22654	:	774;
	22655	:	674;
	22656	:	664;
	22657	:	674;
	22658	:	674;
	22659	:	664;
	22660	:	673;
	22661	:	663;
	22662	:	663;
	22663	:	674;
	22664	:	664;
	22665	:	674;
	22666	:	674;
	22667	:	664;
	22668	:	664;
	22669	:	774;
	22670	:	664;
	22671	:	774;
	22672	:	764;
	22673	:	764;
	22674	:	664;
	22675	:	664;
	22676	:	664;
	22677	:	664;
	22678	:	664;
	22679	:	664;
	22680	:	664;
	22681	:	764;
	22682	:	964;
	22683	:	943;
	22684	:	832;
	22685	:	621;
	22686	:	a54;
	22687	:	722;
	22688	:	621;
	22689	:	622;
	22690	:	954;
	22691	:	a66;
	22692	:	b88;
	22693	:	b88;
	22694	:	b77;
	22695	:	966;
	22696	:	754;
	22697	:	421;
	22698	:	732;
	22699	:	832;
	22700	:	822;
	22701	:	722;
	22702	:	822;
	22703	:	822;
	22704	:	822;
	22705	:	b65;
	22706	:	b77;
	22707	:	b77;
	22708	:	d99;
	22709	:	d89;
	22710	:	eab;
	22711	:	ebc;
	22712	:	d9a;
	22713	:	833;
	22714	:	d99;
	22715	:	c88;
	22716	:	955;
	22717	:	daa;
	22718	:	fcd;
	22719	:	eab;
	22720	:	d9a;
	22721	:	a67;
	22722	:	967;
	22723	:	ecc;
	22724	:	cab;
	22725	:	a99;
	22726	:	988;
	22727	:	998;
	22728	:	876;
	22729	:	876;
	22730	:	887;
	22731	:	ba9;
	22732	:	987;
	22733	:	bab;
	22734	:	cab;
	22735	:	ecd;
	22736	:	dbb;
	22737	:	a66;
	22738	:	944;
	22739	:	d99;
	22740	:	a44;
	22741	:	b44;
	22742	:	b55;
	22743	:	fcc;
	22744	:	fbb;
	22745	:	e88;
	22746	:	b44;
	22747	:	c44;
	22748	:	d54;
	22749	:	d54;
	22750	:	c43;
	22751	:	c43;
	22752	:	c33;
	22753	:	c44;
	22754	:	d55;
	22755	:	d44;
	22756	:	d54;
	22757	:	d54;
	22758	:	d54;
	22759	:	d54;
	22760	:	c44;
	22761	:	d54;
	22762	:	d44;
	22763	:	c43;
	22764	:	d54;
	22765	:	d54;
	22766	:	d54;
	22767	:	d54;
	22768	:	e55;
	22769	:	d54;
	22770	:	d54;
	22771	:	c43;
	22772	:	d43;
	22773	:	e54;
	22774	:	d54;
	22775	:	d54;
	22776	:	d54;
	22777	:	e54;
	22778	:	e65;
	22779	:	e65;
	22780	:	e65;
	22781	:	d54;
	22782	:	c43;
	22783	:	c33;
	22784	:	582;
	22785	:	582;
	22786	:	582;
	22787	:	582;
	22788	:	582;
	22789	:	582;
	22790	:	582;
	22791	:	582;
	22792	:	582;
	22793	:	582;
	22794	:	582;
	22795	:	582;
	22796	:	582;
	22797	:	572;
	22798	:	572;
	22799	:	572;
	22800	:	573;
	22801	:	573;
	22802	:	563;
	22803	:	563;
	22804	:	563;
	22805	:	563;
	22806	:	573;
	22807	:	573;
	22808	:	573;
	22809	:	573;
	22810	:	582;
	22811	:	582;
	22812	:	582;
	22813	:	582;
	22814	:	582;
	22815	:	572;
	22816	:	572;
	22817	:	573;
	22818	:	673;
	22819	:	895;
	22820	:	785;
	22821	:	774;
	22822	:	774;
	22823	:	553;
	22824	:	664;
	22825	:	673;
	22826	:	783;
	22827	:	893;
	22828	:	893;
	22829	:	9a3;
	22830	:	9a4;
	22831	:	893;
	22832	:	9a4;
	22833	:	9a4;
	22834	:	8a3;
	22835	:	9a3;
	22836	:	893;
	22837	:	8a3;
	22838	:	8a3;
	22839	:	9a5;
	22840	:	9b5;
	22841	:	ad8;
	22842	:	bd8;
	22843	:	be8;
	22844	:	9b5;
	22845	:	571;
	22846	:	783;
	22847	:	895;
	22848	:	aa7;
	22849	:	bb8;
	22850	:	cca;
	22851	:	dda;
	22852	:	ddb;
	22853	:	edc;
	22854	:	eec;
	22855	:	fec;
	22856	:	eec;
	22857	:	eec;
	22858	:	eec;
	22859	:	edc;
	22860	:	edb;
	22861	:	edb;
	22862	:	dcb;
	22863	:	dda;
	22864	:	dca;
	22865	:	cc9;
	22866	:	cc9;
	22867	:	bb8;
	22868	:	bb8;
	22869	:	aa7;
	22870	:	aa7;
	22871	:	aa7;
	22872	:	ab8;
	22873	:	bb9;
	22874	:	bb9;
	22875	:	cca;
	22876	:	dcb;
	22877	:	cca;
	22878	:	ddb;
	22879	:	edc;
	22880	:	eec;
	22881	:	eec;
	22882	:	eec;
	22883	:	eec;
	22884	:	edc;
	22885	:	edb;
	22886	:	ddb;
	22887	:	cca;
	22888	:	cca;
	22889	:	bb9;
	22890	:	aa8;
	22891	:	9a7;
	22892	:	997;
	22893	:	996;
	22894	:	996;
	22895	:	996;
	22896	:	996;
	22897	:	896;
	22898	:	997;
	22899	:	996;
	22900	:	997;
	22901	:	996;
	22902	:	996;
	22903	:	886;
	22904	:	885;
	22905	:	785;
	22906	:	785;
	22907	:	775;
	22908	:	775;
	22909	:	775;
	22910	:	775;
	22911	:	775;
	22912	:	674;
	22913	:	674;
	22914	:	674;
	22915	:	663;
	22916	:	663;
	22917	:	673;
	22918	:	674;
	22919	:	663;
	22920	:	673;
	22921	:	674;
	22922	:	674;
	22923	:	674;
	22924	:	674;
	22925	:	674;
	22926	:	674;
	22927	:	664;
	22928	:	664;
	22929	:	764;
	22930	:	664;
	22931	:	664;
	22932	:	764;
	22933	:	664;
	22934	:	664;
	22935	:	664;
	22936	:	664;
	22937	:	664;
	22938	:	764;
	22939	:	764;
	22940	:	754;
	22941	:	ecb;
	22942	:	eba;
	22943	:	da9;
	22944	:	da9;
	22945	:	da9;
	22946	:	d99;
	22947	:	da9;
	22948	:	c98;
	22949	:	a76;
	22950	:	c99;
	22951	:	b88;
	22952	:	c99;
	22953	:	b88;
	22954	:	732;
	22955	:	722;
	22956	:	822;
	22957	:	822;
	22958	:	722;
	22959	:	822;
	22960	:	832;
	22961	:	822;
	22962	:	822;
	22963	:	833;
	22964	:	954;
	22965	:	944;
	22966	:	833;
	22967	:	daa;
	22968	:	c78;
	22969	:	fbb;
	22970	:	a66;
	22971	:	eaa;
	22972	:	733;
	22973	:	ebb;
	22974	:	fbc;
	22975	:	834;
	22976	:	c88;
	22977	:	fcd;
	22978	:	c89;
	22979	:	c99;
	22980	:	dab;
	22981	:	cbc;
	22982	:	cab;
	22983	:	cbb;
	22984	:	a99;
	22985	:	988;
	22986	:	b99;
	22987	:	cab;
	22988	:	b9a;
	22989	:	b9a;
	22990	:	ecd;
	22991	:	eab;
	22992	:	734;
	22993	:	fbc;
	22994	:	e99;
	22995	:	b55;
	22996	:	a44;
	22997	:	c66;
	22998	:	b55;
	22999	:	a44;
	23000	:	a44;
	23001	:	c66;
	23002	:	faa;
	23003	:	d77;
	23004	:	b33;
	23005	:	c33;
	23006	:	d44;
	23007	:	c43;
	23008	:	c43;
	23009	:	c44;
	23010	:	c44;
	23011	:	c44;
	23012	:	c44;
	23013	:	d54;
	23014	:	c44;
	23015	:	c44;
	23016	:	c54;
	23017	:	d54;
	23018	:	d54;
	23019	:	d54;
	23020	:	c54;
	23021	:	c54;
	23022	:	d54;
	23023	:	e65;
	23024	:	d54;
	23025	:	d54;
	23026	:	d54;
	23027	:	d54;
	23028	:	d54;
	23029	:	d54;
	23030	:	c43;
	23031	:	d43;
	23032	:	d43;
	23033	:	d44;
	23034	:	e44;
	23035	:	e54;
	23036	:	d44;
	23037	:	e54;
	23038	:	d44;
	23039	:	d44;
	23040	:	582;
	23041	:	582;
	23042	:	582;
	23043	:	582;
	23044	:	582;
	23045	:	582;
	23046	:	582;
	23047	:	582;
	23048	:	582;
	23049	:	582;
	23050	:	582;
	23051	:	582;
	23052	:	582;
	23053	:	572;
	23054	:	572;
	23055	:	572;
	23056	:	573;
	23057	:	573;
	23058	:	563;
	23059	:	563;
	23060	:	563;
	23061	:	563;
	23062	:	573;
	23063	:	573;
	23064	:	573;
	23065	:	573;
	23066	:	582;
	23067	:	582;
	23068	:	582;
	23069	:	582;
	23070	:	582;
	23071	:	572;
	23072	:	572;
	23073	:	573;
	23074	:	673;
	23075	:	895;
	23076	:	785;
	23077	:	774;
	23078	:	774;
	23079	:	553;
	23080	:	664;
	23081	:	673;
	23082	:	783;
	23083	:	893;
	23084	:	893;
	23085	:	9a3;
	23086	:	9a4;
	23087	:	893;
	23088	:	9a4;
	23089	:	9a4;
	23090	:	8a3;
	23091	:	9a3;
	23092	:	893;
	23093	:	8a3;
	23094	:	8a3;
	23095	:	9a5;
	23096	:	9b5;
	23097	:	ad8;
	23098	:	bd8;
	23099	:	be8;
	23100	:	9b5;
	23101	:	571;
	23102	:	783;
	23103	:	895;
	23104	:	aa7;
	23105	:	bb8;
	23106	:	cca;
	23107	:	dda;
	23108	:	ddb;
	23109	:	edc;
	23110	:	eec;
	23111	:	fec;
	23112	:	eec;
	23113	:	eec;
	23114	:	eec;
	23115	:	edc;
	23116	:	edb;
	23117	:	edb;
	23118	:	dcb;
	23119	:	dda;
	23120	:	dca;
	23121	:	cc9;
	23122	:	cc9;
	23123	:	bb8;
	23124	:	bb8;
	23125	:	aa7;
	23126	:	aa7;
	23127	:	aa7;
	23128	:	ab8;
	23129	:	bb9;
	23130	:	bb9;
	23131	:	cca;
	23132	:	dcb;
	23133	:	cca;
	23134	:	ddb;
	23135	:	edc;
	23136	:	eec;
	23137	:	eec;
	23138	:	eec;
	23139	:	eec;
	23140	:	edc;
	23141	:	edb;
	23142	:	ddb;
	23143	:	cca;
	23144	:	cca;
	23145	:	bb9;
	23146	:	aa8;
	23147	:	9a7;
	23148	:	997;
	23149	:	996;
	23150	:	996;
	23151	:	996;
	23152	:	996;
	23153	:	896;
	23154	:	997;
	23155	:	996;
	23156	:	997;
	23157	:	996;
	23158	:	996;
	23159	:	886;
	23160	:	885;
	23161	:	785;
	23162	:	785;
	23163	:	775;
	23164	:	775;
	23165	:	775;
	23166	:	775;
	23167	:	775;
	23168	:	674;
	23169	:	674;
	23170	:	674;
	23171	:	663;
	23172	:	663;
	23173	:	673;
	23174	:	674;
	23175	:	663;
	23176	:	673;
	23177	:	674;
	23178	:	674;
	23179	:	674;
	23180	:	674;
	23181	:	674;
	23182	:	674;
	23183	:	664;
	23184	:	664;
	23185	:	764;
	23186	:	664;
	23187	:	664;
	23188	:	764;
	23189	:	664;
	23190	:	664;
	23191	:	664;
	23192	:	664;
	23193	:	664;
	23194	:	764;
	23195	:	764;
	23196	:	754;
	23197	:	ecb;
	23198	:	eba;
	23199	:	da9;
	23200	:	da9;
	23201	:	da9;
	23202	:	d99;
	23203	:	da9;
	23204	:	c98;
	23205	:	a76;
	23206	:	c99;
	23207	:	b88;
	23208	:	c99;
	23209	:	b88;
	23210	:	732;
	23211	:	722;
	23212	:	822;
	23213	:	822;
	23214	:	722;
	23215	:	822;
	23216	:	832;
	23217	:	822;
	23218	:	822;
	23219	:	833;
	23220	:	954;
	23221	:	944;
	23222	:	833;
	23223	:	daa;
	23224	:	c78;
	23225	:	fbb;
	23226	:	a66;
	23227	:	eaa;
	23228	:	733;
	23229	:	ebb;
	23230	:	fbc;
	23231	:	834;
	23232	:	c88;
	23233	:	fcd;
	23234	:	c89;
	23235	:	c99;
	23236	:	dab;
	23237	:	cbc;
	23238	:	cab;
	23239	:	cbb;
	23240	:	a99;
	23241	:	988;
	23242	:	b99;
	23243	:	cab;
	23244	:	b9a;
	23245	:	b9a;
	23246	:	ecd;
	23247	:	eab;
	23248	:	734;
	23249	:	fbc;
	23250	:	e99;
	23251	:	b55;
	23252	:	a44;
	23253	:	c66;
	23254	:	b55;
	23255	:	a44;
	23256	:	a44;
	23257	:	c66;
	23258	:	faa;
	23259	:	d77;
	23260	:	b33;
	23261	:	c33;
	23262	:	d44;
	23263	:	c43;
	23264	:	c43;
	23265	:	c44;
	23266	:	c44;
	23267	:	c44;
	23268	:	c44;
	23269	:	d54;
	23270	:	c44;
	23271	:	c44;
	23272	:	c54;
	23273	:	d54;
	23274	:	d54;
	23275	:	d54;
	23276	:	c54;
	23277	:	c54;
	23278	:	d54;
	23279	:	e65;
	23280	:	d54;
	23281	:	d54;
	23282	:	d54;
	23283	:	d54;
	23284	:	d54;
	23285	:	d54;
	23286	:	c43;
	23287	:	d43;
	23288	:	d43;
	23289	:	d44;
	23290	:	e44;
	23291	:	e54;
	23292	:	d44;
	23293	:	e54;
	23294	:	d44;
	23295	:	d44;
	23296	:	582;
	23297	:	582;
	23298	:	582;
	23299	:	582;
	23300	:	582;
	23301	:	582;
	23302	:	582;
	23303	:	582;
	23304	:	582;
	23305	:	582;
	23306	:	582;
	23307	:	582;
	23308	:	572;
	23309	:	582;
	23310	:	572;
	23311	:	572;
	23312	:	573;
	23313	:	573;
	23314	:	563;
	23315	:	563;
	23316	:	563;
	23317	:	563;
	23318	:	573;
	23319	:	573;
	23320	:	573;
	23321	:	573;
	23322	:	582;
	23323	:	582;
	23324	:	582;
	23325	:	582;
	23326	:	572;
	23327	:	673;
	23328	:	563;
	23329	:	785;
	23330	:	997;
	23331	:	664;
	23332	:	665;
	23333	:	564;
	23334	:	564;
	23335	:	443;
	23336	:	664;
	23337	:	784;
	23338	:	784;
	23339	:	894;
	23340	:	793;
	23341	:	783;
	23342	:	783;
	23343	:	893;
	23344	:	993;
	23345	:	893;
	23346	:	893;
	23347	:	893;
	23348	:	8a3;
	23349	:	9a3;
	23350	:	9a3;
	23351	:	892;
	23352	:	8a3;
	23353	:	8a5;
	23354	:	8b7;
	23355	:	9b7;
	23356	:	9b5;
	23357	:	ac6;
	23358	:	9b6;
	23359	:	9b6;
	23360	:	ab8;
	23361	:	bc9;
	23362	:	cca;
	23363	:	ddb;
	23364	:	edb;
	23365	:	eec;
	23366	:	eec;
	23367	:	eec;
	23368	:	edc;
	23369	:	eec;
	23370	:	edb;
	23371	:	edb;
	23372	:	edb;
	23373	:	dcb;
	23374	:	dca;
	23375	:	dca;
	23376	:	cc9;
	23377	:	cb9;
	23378	:	bb8;
	23379	:	ab8;
	23380	:	aa7;
	23381	:	9a7;
	23382	:	9a7;
	23383	:	ab8;
	23384	:	bb9;
	23385	:	bb9;
	23386	:	cc9;
	23387	:	cca;
	23388	:	dcb;
	23389	:	ddb;
	23390	:	edc;
	23391	:	edc;
	23392	:	eed;
	23393	:	eec;
	23394	:	eed;
	23395	:	eec;
	23396	:	edc;
	23397	:	ddb;
	23398	:	dca;
	23399	:	cca;
	23400	:	bb9;
	23401	:	bb8;
	23402	:	9a7;
	23403	:	996;
	23404	:	996;
	23405	:	996;
	23406	:	996;
	23407	:	896;
	23408	:	896;
	23409	:	896;
	23410	:	896;
	23411	:	996;
	23412	:	997;
	23413	:	997;
	23414	:	996;
	23415	:	886;
	23416	:	785;
	23417	:	885;
	23418	:	785;
	23419	:	785;
	23420	:	785;
	23421	:	785;
	23422	:	775;
	23423	:	775;
	23424	:	774;
	23425	:	674;
	23426	:	674;
	23427	:	674;
	23428	:	674;
	23429	:	674;
	23430	:	663;
	23431	:	673;
	23432	:	673;
	23433	:	673;
	23434	:	674;
	23435	:	674;
	23436	:	774;
	23437	:	664;
	23438	:	674;
	23439	:	664;
	23440	:	664;
	23441	:	764;
	23442	:	664;
	23443	:	764;
	23444	:	664;
	23445	:	664;
	23446	:	664;
	23447	:	664;
	23448	:	664;
	23449	:	664;
	23450	:	664;
	23451	:	764;
	23452	:	765;
	23453	:	ffe;
	23454	:	fdd;
	23455	:	ecc;
	23456	:	ecb;
	23457	:	ecb;
	23458	:	ecb;
	23459	:	dba;
	23460	:	daa;
	23461	:	c99;
	23462	:	daa;
	23463	:	ebb;
	23464	:	c98;
	23465	:	c99;
	23466	:	b77;
	23467	:	722;
	23468	:	722;
	23469	:	822;
	23470	:	721;
	23471	:	722;
	23472	:	721;
	23473	:	721;
	23474	:	832;
	23475	:	944;
	23476	:	955;
	23477	:	733;
	23478	:	c88;
	23479	:	d9a;
	23480	:	845;
	23481	:	daa;
	23482	:	fbb;
	23483	:	b77;
	23484	:	a67;
	23485	:	fbc;
	23486	:	b77;
	23487	:	b77;
	23488	:	844;
	23489	:	b89;
	23490	:	a67;
	23491	:	caa;
	23492	:	dab;
	23493	:	ecd;
	23494	:	dcd;
	23495	:	cab;
	23496	:	b9a;
	23497	:	cab;
	23498	:	b9a;
	23499	:	b9a;
	23500	:	cab;
	23501	:	ecd;
	23502	:	dab;
	23503	:	845;
	23504	:	fbb;
	23505	:	b77;
	23506	:	a55;
	23507	:	c55;
	23508	:	b65;
	23509	:	d99;
	23510	:	fab;
	23511	:	fbc;
	23512	:	fcc;
	23513	:	faa;
	23514	:	d77;
	23515	:	b44;
	23516	:	c43;
	23517	:	c43;
	23518	:	c43;
	23519	:	c43;
	23520	:	c43;
	23521	:	c44;
	23522	:	c44;
	23523	:	c44;
	23524	:	c43;
	23525	:	d54;
	23526	:	e65;
	23527	:	e65;
	23528	:	d65;
	23529	:	c43;
	23530	:	c43;
	23531	:	c54;
	23532	:	c54;
	23533	:	c44;
	23534	:	c43;
	23535	:	c43;
	23536	:	c43;
	23537	:	c43;
	23538	:	c43;
	23539	:	c43;
	23540	:	c43;
	23541	:	c43;
	23542	:	d54;
	23543	:	d44;
	23544	:	c43;
	23545	:	d43;
	23546	:	d44;
	23547	:	d44;
	23548	:	d54;
	23549	:	c33;
	23550	:	d44;
	23551	:	c43;
	23552	:	582;
	23553	:	582;
	23554	:	582;
	23555	:	582;
	23556	:	582;
	23557	:	582;
	23558	:	582;
	23559	:	582;
	23560	:	582;
	23561	:	582;
	23562	:	582;
	23563	:	582;
	23564	:	582;
	23565	:	572;
	23566	:	572;
	23567	:	572;
	23568	:	573;
	23569	:	563;
	23570	:	563;
	23571	:	563;
	23572	:	563;
	23573	:	573;
	23574	:	573;
	23575	:	573;
	23576	:	573;
	23577	:	573;
	23578	:	582;
	23579	:	582;
	23580	:	683;
	23581	:	573;
	23582	:	573;
	23583	:	663;
	23584	:	aa8;
	23585	:	887;
	23586	:	997;
	23587	:	654;
	23588	:	544;
	23589	:	665;
	23590	:	664;
	23591	:	664;
	23592	:	775;
	23593	:	785;
	23594	:	784;
	23595	:	673;
	23596	:	783;
	23597	:	783;
	23598	:	883;
	23599	:	893;
	23600	:	893;
	23601	:	9a4;
	23602	:	9a4;
	23603	:	893;
	23604	:	892;
	23605	:	9a3;
	23606	:	892;
	23607	:	9a3;
	23608	:	8a3;
	23609	:	894;
	23610	:	8a7;
	23611	:	8a7;
	23612	:	8a5;
	23613	:	8b5;
	23614	:	8a5;
	23615	:	8a5;
	23616	:	ab7;
	23617	:	cc9;
	23618	:	dda;
	23619	:	ddb;
	23620	:	edb;
	23621	:	eec;
	23622	:	eec;
	23623	:	edc;
	23624	:	edb;
	23625	:	edc;
	23626	:	ddb;
	23627	:	ddb;
	23628	:	dca;
	23629	:	dca;
	23630	:	cc9;
	23631	:	cc9;
	23632	:	bb8;
	23633	:	bb8;
	23634	:	aa7;
	23635	:	aa7;
	23636	:	9a6;
	23637	:	9a7;
	23638	:	aa8;
	23639	:	bb9;
	23640	:	bb9;
	23641	:	cc9;
	23642	:	cca;
	23643	:	cca;
	23644	:	ddb;
	23645	:	edb;
	23646	:	edc;
	23647	:	eec;
	23648	:	eec;
	23649	:	fec;
	23650	:	eec;
	23651	:	edc;
	23652	:	ddb;
	23653	:	dca;
	23654	:	cba;
	23655	:	bb9;
	23656	:	bb8;
	23657	:	aa7;
	23658	:	996;
	23659	:	996;
	23660	:	996;
	23661	:	896;
	23662	:	896;
	23663	:	896;
	23664	:	886;
	23665	:	896;
	23666	:	896;
	23667	:	997;
	23668	:	997;
	23669	:	997;
	23670	:	996;
	23671	:	886;
	23672	:	886;
	23673	:	886;
	23674	:	886;
	23675	:	886;
	23676	:	886;
	23677	:	786;
	23678	:	886;
	23679	:	775;
	23680	:	774;
	23681	:	774;
	23682	:	774;
	23683	:	674;
	23684	:	673;
	23685	:	673;
	23686	:	673;
	23687	:	673;
	23688	:	673;
	23689	:	673;
	23690	:	673;
	23691	:	674;
	23692	:	674;
	23693	:	674;
	23694	:	674;
	23695	:	774;
	23696	:	664;
	23697	:	664;
	23698	:	764;
	23699	:	664;
	23700	:	764;
	23701	:	764;
	23702	:	664;
	23703	:	664;
	23704	:	664;
	23705	:	664;
	23706	:	664;
	23707	:	664;
	23708	:	ba9;
	23709	:	fee;
	23710	:	fdd;
	23711	:	fdd;
	23712	:	fdc;
	23713	:	fdd;
	23714	:	fcc;
	23715	:	ecc;
	23716	:	ecc;
	23717	:	dbb;
	23718	:	a88;
	23719	:	766;
	23720	:	b99;
	23721	:	dbb;
	23722	:	c99;
	23723	:	b76;
	23724	:	732;
	23725	:	722;
	23726	:	722;
	23727	:	722;
	23728	:	722;
	23729	:	822;
	23730	:	822;
	23731	:	a55;
	23732	:	c88;
	23733	:	d99;
	23734	:	daa;
	23735	:	c9a;
	23736	:	fcd;
	23737	:	daa;
	23738	:	833;
	23739	:	a66;
	23740	:	fcd;
	23741	:	daa;
	23742	:	734;
	23743	:	fcc;
	23744	:	d99;
	23745	:	fcc;
	23746	:	daa;
	23747	:	ecc;
	23748	:	dbb;
	23749	:	cbb;
	23750	:	dbc;
	23751	:	ecd;
	23752	:	dcd;
	23753	:	cbc;
	23754	:	ecd;
	23755	:	edd;
	23756	:	ecc;
	23757	:	daa;
	23758	:	a77;
	23759	:	c99;
	23760	:	d9a;
	23761	:	fbb;
	23762	:	d89;
	23763	:	b66;
	23764	:	fab;
	23765	:	fbc;
	23766	:	d77;
	23767	:	c77;
	23768	:	faa;
	23769	:	b54;
	23770	:	b33;
	23771	:	b33;
	23772	:	d54;
	23773	:	d54;
	23774	:	c43;
	23775	:	c33;
	23776	:	c44;
	23777	:	c43;
	23778	:	c44;
	23779	:	d44;
	23780	:	c44;
	23781	:	c44;
	23782	:	c54;
	23783	:	c43;
	23784	:	c44;
	23785	:	c44;
	23786	:	c44;
	23787	:	b43;
	23788	:	b43;
	23789	:	b43;
	23790	:	b43;
	23791	:	c43;
	23792	:	c44;
	23793	:	c44;
	23794	:	c43;
	23795	:	c43;
	23796	:	d44;
	23797	:	c44;
	23798	:	c43;
	23799	:	c44;
	23800	:	c44;
	23801	:	c43;
	23802	:	c43;
	23803	:	d44;
	23804	:	d43;
	23805	:	d43;
	23806	:	b32;
	23807	:	b33;
	23808	:	582;
	23809	:	582;
	23810	:	582;
	23811	:	582;
	23812	:	582;
	23813	:	582;
	23814	:	582;
	23815	:	582;
	23816	:	582;
	23817	:	582;
	23818	:	582;
	23819	:	582;
	23820	:	572;
	23821	:	572;
	23822	:	572;
	23823	:	573;
	23824	:	573;
	23825	:	563;
	23826	:	563;
	23827	:	573;
	23828	:	573;
	23829	:	573;
	23830	:	573;
	23831	:	573;
	23832	:	573;
	23833	:	573;
	23834	:	583;
	23835	:	583;
	23836	:	784;
	23837	:	775;
	23838	:	fff;
	23839	:	fed;
	23840	:	ffe;
	23841	:	fff;
	23842	:	fff;
	23843	:	fff;
	23844	:	fff;
	23845	:	fdd;
	23846	:	ffe;
	23847	:	876;
	23848	:	654;
	23849	:	443;
	23850	:	442;
	23851	:	674;
	23852	:	683;
	23853	:	683;
	23854	:	783;
	23855	:	793;
	23856	:	783;
	23857	:	782;
	23858	:	793;
	23859	:	893;
	23860	:	783;
	23861	:	783;
	23862	:	783;
	23863	:	893;
	23864	:	894;
	23865	:	894;
	23866	:	894;
	23867	:	895;
	23868	:	895;
	23869	:	783;
	23870	:	8a4;
	23871	:	894;
	23872	:	9b5;
	23873	:	8b5;
	23874	:	9b7;
	23875	:	795;
	23876	:	8a6;
	23877	:	eeb;
	23878	:	ddb;
	23879	:	ddb;
	23880	:	ddb;
	23881	:	dca;
	23882	:	dca;
	23883	:	cca;
	23884	:	cc9;
	23885	:	cb9;
	23886	:	bb8;
	23887	:	aa7;
	23888	:	aa7;
	23889	:	9a6;
	23890	:	996;
	23891	:	9a6;
	23892	:	aa7;
	23893	:	ab8;
	23894	:	bb9;
	23895	:	cc9;
	23896	:	cca;
	23897	:	cca;
	23898	:	dcb;
	23899	:	edb;
	23900	:	edc;
	23901	:	eec;
	23902	:	eed;
	23903	:	fec;
	23904	:	fec;
	23905	:	eec;
	23906	:	edb;
	23907	:	ddb;
	23908	:	cca;
	23909	:	cb9;
	23910	:	bb8;
	23911	:	aa7;
	23912	:	996;
	23913	:	896;
	23914	:	896;
	23915	:	896;
	23916	:	896;
	23917	:	896;
	23918	:	886;
	23919	:	896;
	23920	:	997;
	23921	:	997;
	23922	:	aa8;
	23923	:	aa8;
	23924	:	997;
	23925	:	997;
	23926	:	997;
	23927	:	997;
	23928	:	886;
	23929	:	896;
	23930	:	896;
	23931	:	896;
	23932	:	886;
	23933	:	886;
	23934	:	886;
	23935	:	885;
	23936	:	785;
	23937	:	774;
	23938	:	774;
	23939	:	774;
	23940	:	774;
	23941	:	673;
	23942	:	673;
	23943	:	673;
	23944	:	674;
	23945	:	663;
	23946	:	674;
	23947	:	674;
	23948	:	674;
	23949	:	674;
	23950	:	674;
	23951	:	674;
	23952	:	674;
	23953	:	674;
	23954	:	674;
	23955	:	664;
	23956	:	764;
	23957	:	664;
	23958	:	764;
	23959	:	664;
	23960	:	664;
	23961	:	664;
	23962	:	664;
	23963	:	664;
	23964	:	fff;
	23965	:	fed;
	23966	:	fed;
	23967	:	fdd;
	23968	:	fdd;
	23969	:	fdd;
	23970	:	fdd;
	23971	:	fdd;
	23972	:	edd;
	23973	:	ecc;
	23974	:	a89;
	23975	:	877;
	23976	:	878;
	23977	:	999;
	23978	:	877;
	23979	:	866;
	23980	:	b98;
	23981	:	b87;
	23982	:	954;
	23983	:	733;
	23984	:	833;
	23985	:	722;
	23986	:	832;
	23987	:	933;
	23988	:	833;
	23989	:	b76;
	23990	:	d99;
	23991	:	c89;
	23992	:	b77;
	23993	:	d99;
	23994	:	c99;
	23995	:	daa;
	23996	:	a66;
	23997	:	dab;
	23998	:	fcd;
	23999	:	ebb;
	24000	:	eab;
	24001	:	ebb;
	24002	:	ebb;
	24003	:	eab;
	24004	:	b77;
	24005	:	a78;
	24006	:	956;
	24007	:	966;
	24008	:	956;
	24009	:	a77;
	24010	:	956;
	24011	:	955;
	24012	:	845;
	24013	:	b78;
	24014	:	eab;
	24015	:	d89;
	24016	:	834;
	24017	:	eaa;
	24018	:	fdd;
	24019	:	a55;
	24020	:	944;
	24021	:	fbb;
	24022	:	fbc;
	24023	:	b77;
	24024	:	e99;
	24025	:	fbb;
	24026	:	c55;
	24027	:	c44;
	24028	:	c44;
	24029	:	c33;
	24030	:	c44;
	24031	:	d54;
	24032	:	c43;
	24033	:	c44;
	24034	:	c44;
	24035	:	c43;
	24036	:	c44;
	24037	:	c43;
	24038	:	c44;
	24039	:	c54;
	24040	:	c54;
	24041	:	c54;
	24042	:	c54;
	24043	:	c54;
	24044	:	c54;
	24045	:	c44;
	24046	:	c44;
	24047	:	c43;
	24048	:	c54;
	24049	:	d55;
	24050	:	d54;
	24051	:	c43;
	24052	:	d44;
	24053	:	d44;
	24054	:	c44;
	24055	:	c43;
	24056	:	b43;
	24057	:	b43;
	24058	:	c43;
	24059	:	b32;
	24060	:	c43;
	24061	:	c33;
	24062	:	d43;
	24063	:	c43;
	24064	:	582;
	24065	:	582;
	24066	:	582;
	24067	:	582;
	24068	:	582;
	24069	:	582;
	24070	:	582;
	24071	:	582;
	24072	:	582;
	24073	:	582;
	24074	:	582;
	24075	:	582;
	24076	:	572;
	24077	:	572;
	24078	:	572;
	24079	:	573;
	24080	:	573;
	24081	:	563;
	24082	:	563;
	24083	:	573;
	24084	:	573;
	24085	:	573;
	24086	:	573;
	24087	:	573;
	24088	:	573;
	24089	:	573;
	24090	:	583;
	24091	:	583;
	24092	:	784;
	24093	:	775;
	24094	:	fff;
	24095	:	fed;
	24096	:	ffe;
	24097	:	fff;
	24098	:	fff;
	24099	:	fff;
	24100	:	fff;
	24101	:	fdd;
	24102	:	ffe;
	24103	:	876;
	24104	:	654;
	24105	:	443;
	24106	:	442;
	24107	:	674;
	24108	:	683;
	24109	:	683;
	24110	:	783;
	24111	:	793;
	24112	:	783;
	24113	:	782;
	24114	:	793;
	24115	:	893;
	24116	:	783;
	24117	:	783;
	24118	:	783;
	24119	:	893;
	24120	:	894;
	24121	:	894;
	24122	:	894;
	24123	:	895;
	24124	:	895;
	24125	:	783;
	24126	:	8a4;
	24127	:	894;
	24128	:	9b5;
	24129	:	8b5;
	24130	:	9b7;
	24131	:	795;
	24132	:	8a6;
	24133	:	eeb;
	24134	:	ddb;
	24135	:	ddb;
	24136	:	ddb;
	24137	:	dca;
	24138	:	dca;
	24139	:	cca;
	24140	:	cc9;
	24141	:	cb9;
	24142	:	bb8;
	24143	:	aa7;
	24144	:	aa7;
	24145	:	9a6;
	24146	:	996;
	24147	:	9a6;
	24148	:	aa7;
	24149	:	ab8;
	24150	:	bb9;
	24151	:	cc9;
	24152	:	cca;
	24153	:	cca;
	24154	:	dcb;
	24155	:	edb;
	24156	:	edc;
	24157	:	eec;
	24158	:	eed;
	24159	:	fec;
	24160	:	fec;
	24161	:	eec;
	24162	:	edb;
	24163	:	ddb;
	24164	:	cca;
	24165	:	cb9;
	24166	:	bb8;
	24167	:	aa7;
	24168	:	996;
	24169	:	896;
	24170	:	896;
	24171	:	896;
	24172	:	896;
	24173	:	896;
	24174	:	886;
	24175	:	896;
	24176	:	997;
	24177	:	997;
	24178	:	aa8;
	24179	:	aa8;
	24180	:	997;
	24181	:	997;
	24182	:	997;
	24183	:	997;
	24184	:	886;
	24185	:	896;
	24186	:	896;
	24187	:	896;
	24188	:	886;
	24189	:	886;
	24190	:	886;
	24191	:	885;
	24192	:	785;
	24193	:	774;
	24194	:	774;
	24195	:	774;
	24196	:	774;
	24197	:	673;
	24198	:	673;
	24199	:	673;
	24200	:	674;
	24201	:	663;
	24202	:	674;
	24203	:	674;
	24204	:	674;
	24205	:	674;
	24206	:	674;
	24207	:	674;
	24208	:	674;
	24209	:	674;
	24210	:	674;
	24211	:	664;
	24212	:	764;
	24213	:	664;
	24214	:	764;
	24215	:	664;
	24216	:	664;
	24217	:	664;
	24218	:	664;
	24219	:	664;
	24220	:	fff;
	24221	:	fed;
	24222	:	fed;
	24223	:	fdd;
	24224	:	fdd;
	24225	:	fdd;
	24226	:	fdd;
	24227	:	fdd;
	24228	:	edd;
	24229	:	ecc;
	24230	:	a89;
	24231	:	877;
	24232	:	878;
	24233	:	999;
	24234	:	877;
	24235	:	866;
	24236	:	b98;
	24237	:	b87;
	24238	:	954;
	24239	:	733;
	24240	:	833;
	24241	:	722;
	24242	:	832;
	24243	:	933;
	24244	:	833;
	24245	:	b76;
	24246	:	d99;
	24247	:	c89;
	24248	:	b77;
	24249	:	d99;
	24250	:	c99;
	24251	:	daa;
	24252	:	a66;
	24253	:	dab;
	24254	:	fcd;
	24255	:	ebb;
	24256	:	eab;
	24257	:	ebb;
	24258	:	ebb;
	24259	:	eab;
	24260	:	b77;
	24261	:	a78;
	24262	:	956;
	24263	:	966;
	24264	:	956;
	24265	:	a77;
	24266	:	956;
	24267	:	955;
	24268	:	845;
	24269	:	b78;
	24270	:	eab;
	24271	:	d89;
	24272	:	834;
	24273	:	eaa;
	24274	:	fdd;
	24275	:	a55;
	24276	:	944;
	24277	:	fbb;
	24278	:	fbc;
	24279	:	b77;
	24280	:	e99;
	24281	:	fbb;
	24282	:	c55;
	24283	:	c44;
	24284	:	c44;
	24285	:	c33;
	24286	:	c44;
	24287	:	d54;
	24288	:	c43;
	24289	:	c44;
	24290	:	c44;
	24291	:	c43;
	24292	:	c44;
	24293	:	c43;
	24294	:	c44;
	24295	:	c54;
	24296	:	c54;
	24297	:	c54;
	24298	:	c54;
	24299	:	c54;
	24300	:	c54;
	24301	:	c44;
	24302	:	c44;
	24303	:	c43;
	24304	:	c54;
	24305	:	d55;
	24306	:	d54;
	24307	:	c43;
	24308	:	d44;
	24309	:	d44;
	24310	:	c44;
	24311	:	c43;
	24312	:	b43;
	24313	:	b43;
	24314	:	c43;
	24315	:	b32;
	24316	:	c43;
	24317	:	c33;
	24318	:	d43;
	24319	:	c43;
	24320	:	471;
	24321	:	582;
	24322	:	582;
	24323	:	582;
	24324	:	582;
	24325	:	582;
	24326	:	582;
	24327	:	582;
	24328	:	582;
	24329	:	582;
	24330	:	582;
	24331	:	582;
	24332	:	582;
	24333	:	572;
	24334	:	572;
	24335	:	573;
	24336	:	573;
	24337	:	563;
	24338	:	563;
	24339	:	573;
	24340	:	573;
	24341	:	573;
	24342	:	573;
	24343	:	573;
	24344	:	573;
	24345	:	573;
	24346	:	573;
	24347	:	674;
	24348	:	887;
	24349	:	887;
	24350	:	876;
	24351	:	876;
	24352	:	887;
	24353	:	877;
	24354	:	cbb;
	24355	:	fff;
	24356	:	fff;
	24357	:	fee;
	24358	:	edd;
	24359	:	edd;
	24360	:	fdd;
	24361	:	fff;
	24362	:	ffe;
	24363	:	a98;
	24364	:	553;
	24365	:	553;
	24366	:	673;
	24367	:	674;
	24368	:	673;
	24369	:	673;
	24370	:	783;
	24371	:	783;
	24372	:	783;
	24373	:	793;
	24374	:	683;
	24375	:	894;
	24376	:	783;
	24377	:	793;
	24378	:	793;
	24379	:	793;
	24380	:	783;
	24381	:	783;
	24382	:	783;
	24383	:	793;
	24384	:	893;
	24385	:	793;
	24386	:	8a4;
	24387	:	8a4;
	24388	:	7a3;
	24389	:	9b7;
	24390	:	8a6;
	24391	:	9b8;
	24392	:	cda;
	24393	:	cca;
	24394	:	cb9;
	24395	:	bb8;
	24396	:	ab8;
	24397	:	aa7;
	24398	:	996;
	24399	:	9a6;
	24400	:	896;
	24401	:	896;
	24402	:	996;
	24403	:	aa8;
	24404	:	ab8;
	24405	:	bb9;
	24406	:	bb9;
	24407	:	cca;
	24408	:	ddb;
	24409	:	ddb;
	24410	:	edc;
	24411	:	edc;
	24412	:	fec;
	24413	:	fed;
	24414	:	fec;
	24415	:	eec;
	24416	:	edb;
	24417	:	dca;
	24418	:	dca;
	24419	:	cc9;
	24420	:	bb8;
	24421	:	aa7;
	24422	:	9a7;
	24423	:	996;
	24424	:	896;
	24425	:	896;
	24426	:	896;
	24427	:	896;
	24428	:	886;
	24429	:	896;
	24430	:	997;
	24431	:	997;
	24432	:	aa8;
	24433	:	aa8;
	24434	:	aa8;
	24435	:	aa8;
	24436	:	aa8;
	24437	:	9a7;
	24438	:	9a7;
	24439	:	997;
	24440	:	896;
	24441	:	896;
	24442	:	896;
	24443	:	896;
	24444	:	886;
	24445	:	885;
	24446	:	885;
	24447	:	885;
	24448	:	885;
	24449	:	784;
	24450	:	774;
	24451	:	774;
	24452	:	774;
	24453	:	673;
	24454	:	774;
	24455	:	673;
	24456	:	673;
	24457	:	673;
	24458	:	673;
	24459	:	673;
	24460	:	673;
	24461	:	774;
	24462	:	674;
	24463	:	673;
	24464	:	674;
	24465	:	674;
	24466	:	674;
	24467	:	774;
	24468	:	674;
	24469	:	674;
	24470	:	674;
	24471	:	674;
	24472	:	674;
	24473	:	674;
	24474	:	664;
	24475	:	664;
	24476	:	fed;
	24477	:	fed;
	24478	:	fed;
	24479	:	fdc;
	24480	:	fdd;
	24481	:	fdd;
	24482	:	fdd;
	24483	:	fdd;
	24484	:	ecc;
	24485	:	ecb;
	24486	:	b99;
	24487	:	caa;
	24488	:	766;
	24489	:	766;
	24490	:	766;
	24491	:	a99;
	24492	:	666;
	24493	:	665;
	24494	:	544;
	24495	:	866;
	24496	:	b99;
	24497	:	c99;
	24498	:	954;
	24499	:	832;
	24500	:	822;
	24501	:	833;
	24502	:	c77;
	24503	:	a44;
	24504	:	a66;
	24505	:	c88;
	24506	:	daa;
	24507	:	daa;
	24508	:	b77;
	24509	:	966;
	24510	:	b78;
	24511	:	ebc;
	24512	:	d99;
	24513	:	a66;
	24514	:	845;
	24515	:	955;
	24516	:	d99;
	24517	:	fde;
	24518	:	c9a;
	24519	:	b88;
	24520	:	966;
	24521	:	b88;
	24522	:	844;
	24523	:	955;
	24524	:	b66;
	24525	:	a66;
	24526	:	a55;
	24527	:	fbc;
	24528	:	eaa;
	24529	:	945;
	24530	:	945;
	24531	:	fdd;
	24532	:	ebb;
	24533	:	b66;
	24534	:	a44;
	24535	:	c66;
	24536	:	f99;
	24537	:	e99;
	24538	:	f98;
	24539	:	c54;
	24540	:	c54;
	24541	:	d54;
	24542	:	c44;
	24543	:	b43;
	24544	:	c43;
	24545	:	b43;
	24546	:	c54;
	24547	:	d55;
	24548	:	d55;
	24549	:	c54;
	24550	:	c43;
	24551	:	c43;
	24552	:	c44;
	24553	:	c54;
	24554	:	d65;
	24555	:	d54;
	24556	:	c43;
	24557	:	c44;
	24558	:	c43;
	24559	:	c43;
	24560	:	c44;
	24561	:	c54;
	24562	:	c43;
	24563	:	c43;
	24564	:	c43;
	24565	:	c43;
	24566	:	c43;
	24567	:	b33;
	24568	:	b33;
	24569	:	b32;
	24570	:	b33;
	24571	:	b33;
	24572	:	a22;
	24573	:	a32;
	24574	:	b33;
	24575	:	b32;
	24576	:	471;
	24577	:	582;
	24578	:	582;
	24579	:	582;
	24580	:	582;
	24581	:	582;
	24582	:	582;
	24583	:	582;
	24584	:	582;
	24585	:	582;
	24586	:	582;
	24587	:	582;
	24588	:	582;
	24589	:	572;
	24590	:	572;
	24591	:	573;
	24592	:	573;
	24593	:	563;
	24594	:	563;
	24595	:	573;
	24596	:	573;
	24597	:	573;
	24598	:	573;
	24599	:	573;
	24600	:	573;
	24601	:	573;
	24602	:	573;
	24603	:	674;
	24604	:	887;
	24605	:	887;
	24606	:	876;
	24607	:	876;
	24608	:	887;
	24609	:	877;
	24610	:	cbb;
	24611	:	fff;
	24612	:	fff;
	24613	:	fee;
	24614	:	edd;
	24615	:	edd;
	24616	:	fdd;
	24617	:	fff;
	24618	:	ffe;
	24619	:	a98;
	24620	:	553;
	24621	:	553;
	24622	:	673;
	24623	:	674;
	24624	:	673;
	24625	:	673;
	24626	:	783;
	24627	:	783;
	24628	:	783;
	24629	:	793;
	24630	:	683;
	24631	:	894;
	24632	:	783;
	24633	:	793;
	24634	:	793;
	24635	:	793;
	24636	:	783;
	24637	:	783;
	24638	:	783;
	24639	:	793;
	24640	:	893;
	24641	:	793;
	24642	:	8a4;
	24643	:	8a4;
	24644	:	7a3;
	24645	:	9b7;
	24646	:	8a6;
	24647	:	9b8;
	24648	:	cda;
	24649	:	cca;
	24650	:	cb9;
	24651	:	bb8;
	24652	:	ab8;
	24653	:	aa7;
	24654	:	996;
	24655	:	9a6;
	24656	:	896;
	24657	:	896;
	24658	:	996;
	24659	:	aa8;
	24660	:	ab8;
	24661	:	bb9;
	24662	:	bb9;
	24663	:	cca;
	24664	:	ddb;
	24665	:	ddb;
	24666	:	edc;
	24667	:	edc;
	24668	:	fec;
	24669	:	fed;
	24670	:	fec;
	24671	:	eec;
	24672	:	edb;
	24673	:	dca;
	24674	:	dca;
	24675	:	cc9;
	24676	:	bb8;
	24677	:	aa7;
	24678	:	9a7;
	24679	:	996;
	24680	:	896;
	24681	:	896;
	24682	:	896;
	24683	:	896;
	24684	:	886;
	24685	:	896;
	24686	:	997;
	24687	:	997;
	24688	:	aa8;
	24689	:	aa8;
	24690	:	aa8;
	24691	:	aa8;
	24692	:	aa8;
	24693	:	9a7;
	24694	:	9a7;
	24695	:	997;
	24696	:	896;
	24697	:	896;
	24698	:	896;
	24699	:	896;
	24700	:	886;
	24701	:	885;
	24702	:	885;
	24703	:	885;
	24704	:	885;
	24705	:	784;
	24706	:	774;
	24707	:	774;
	24708	:	774;
	24709	:	673;
	24710	:	774;
	24711	:	673;
	24712	:	673;
	24713	:	673;
	24714	:	673;
	24715	:	673;
	24716	:	673;
	24717	:	774;
	24718	:	674;
	24719	:	673;
	24720	:	674;
	24721	:	674;
	24722	:	674;
	24723	:	774;
	24724	:	674;
	24725	:	674;
	24726	:	674;
	24727	:	674;
	24728	:	674;
	24729	:	674;
	24730	:	664;
	24731	:	664;
	24732	:	fed;
	24733	:	fed;
	24734	:	fed;
	24735	:	fdc;
	24736	:	fdd;
	24737	:	fdd;
	24738	:	fdd;
	24739	:	fdd;
	24740	:	ecc;
	24741	:	ecb;
	24742	:	b99;
	24743	:	caa;
	24744	:	766;
	24745	:	766;
	24746	:	766;
	24747	:	a99;
	24748	:	666;
	24749	:	665;
	24750	:	544;
	24751	:	866;
	24752	:	b99;
	24753	:	c99;
	24754	:	954;
	24755	:	832;
	24756	:	822;
	24757	:	833;
	24758	:	c77;
	24759	:	a44;
	24760	:	a66;
	24761	:	c88;
	24762	:	daa;
	24763	:	daa;
	24764	:	b77;
	24765	:	966;
	24766	:	b78;
	24767	:	ebc;
	24768	:	d99;
	24769	:	a66;
	24770	:	845;
	24771	:	955;
	24772	:	d99;
	24773	:	fde;
	24774	:	c9a;
	24775	:	b88;
	24776	:	966;
	24777	:	b88;
	24778	:	844;
	24779	:	955;
	24780	:	b66;
	24781	:	a66;
	24782	:	a55;
	24783	:	fbc;
	24784	:	eaa;
	24785	:	945;
	24786	:	945;
	24787	:	fdd;
	24788	:	ebb;
	24789	:	b66;
	24790	:	a44;
	24791	:	c66;
	24792	:	f99;
	24793	:	e99;
	24794	:	f98;
	24795	:	c54;
	24796	:	c54;
	24797	:	d54;
	24798	:	c44;
	24799	:	b43;
	24800	:	c43;
	24801	:	b43;
	24802	:	c54;
	24803	:	d55;
	24804	:	d55;
	24805	:	c54;
	24806	:	c43;
	24807	:	c43;
	24808	:	c44;
	24809	:	c54;
	24810	:	d65;
	24811	:	d54;
	24812	:	c43;
	24813	:	c44;
	24814	:	c43;
	24815	:	c43;
	24816	:	c44;
	24817	:	c54;
	24818	:	c43;
	24819	:	c43;
	24820	:	c43;
	24821	:	c43;
	24822	:	c43;
	24823	:	b33;
	24824	:	b33;
	24825	:	b32;
	24826	:	b33;
	24827	:	b33;
	24828	:	a22;
	24829	:	a32;
	24830	:	b33;
	24831	:	b32;
	24832	:	582;
	24833	:	582;
	24834	:	582;
	24835	:	582;
	24836	:	582;
	24837	:	582;
	24838	:	582;
	24839	:	582;
	24840	:	582;
	24841	:	582;
	24842	:	582;
	24843	:	572;
	24844	:	582;
	24845	:	582;
	24846	:	572;
	24847	:	573;
	24848	:	573;
	24849	:	573;
	24850	:	573;
	24851	:	573;
	24852	:	573;
	24853	:	573;
	24854	:	573;
	24855	:	675;
	24856	:	775;
	24857	:	675;
	24858	:	676;
	24859	:	887;
	24860	:	998;
	24861	:	997;
	24862	:	a98;
	24863	:	998;
	24864	:	887;
	24865	:	776;
	24866	:	444;
	24867	:	edd;
	24868	:	fee;
	24869	:	fee;
	24870	:	dbc;
	24871	:	dbb;
	24872	:	ecc;
	24873	:	ecc;
	24874	:	ecc;
	24875	:	ecc;
	24876	:	ffe;
	24877	:	cba;
	24878	:	563;
	24879	:	684;
	24880	:	673;
	24881	:	672;
	24882	:	783;
	24883	:	673;
	24884	:	672;
	24885	:	682;
	24886	:	682;
	24887	:	783;
	24888	:	682;
	24889	:	782;
	24890	:	793;
	24891	:	793;
	24892	:	783;
	24893	:	683;
	24894	:	783;
	24895	:	793;
	24896	:	792;
	24897	:	893;
	24898	:	8a3;
	24899	:	8a3;
	24900	:	8a3;
	24901	:	7a5;
	24902	:	8a7;
	24903	:	8b8;
	24904	:	9c9;
	24905	:	ada;
	24906	:	ab8;
	24907	:	9a7;
	24908	:	9a6;
	24909	:	996;
	24910	:	895;
	24911	:	896;
	24912	:	996;
	24913	:	9a7;
	24914	:	aa8;
	24915	:	bb9;
	24916	:	bb9;
	24917	:	cca;
	24918	:	cca;
	24919	:	ddb;
	24920	:	edb;
	24921	:	edc;
	24922	:	eec;
	24923	:	fed;
	24924	:	fec;
	24925	:	eec;
	24926	:	edb;
	24927	:	edb;
	24928	:	dca;
	24929	:	cc9;
	24930	:	bb8;
	24931	:	ab8;
	24932	:	9a7;
	24933	:	996;
	24934	:	896;
	24935	:	896;
	24936	:	896;
	24937	:	896;
	24938	:	896;
	24939	:	896;
	24940	:	997;
	24941	:	aa7;
	24942	:	aa8;
	24943	:	bb9;
	24944	:	bb9;
	24945	:	aa8;
	24946	:	aa9;
	24947	:	aa8;
	24948	:	aa8;
	24949	:	aa7;
	24950	:	9a7;
	24951	:	996;
	24952	:	896;
	24953	:	896;
	24954	:	896;
	24955	:	896;
	24956	:	885;
	24957	:	885;
	24958	:	885;
	24959	:	885;
	24960	:	785;
	24961	:	784;
	24962	:	784;
	24963	:	784;
	24964	:	774;
	24965	:	774;
	24966	:	674;
	24967	:	673;
	24968	:	673;
	24969	:	673;
	24970	:	673;
	24971	:	673;
	24972	:	673;
	24973	:	673;
	24974	:	673;
	24975	:	673;
	24976	:	673;
	24977	:	674;
	24978	:	673;
	24979	:	673;
	24980	:	673;
	24981	:	674;
	24982	:	673;
	24983	:	674;
	24984	:	674;
	24985	:	674;
	24986	:	674;
	24987	:	ba8;
	24988	:	fdd;
	24989	:	fdc;
	24990	:	fdc;
	24991	:	fdc;
	24992	:	fdd;
	24993	:	fdc;
	24994	:	fdd;
	24995	:	fdc;
	24996	:	edc;
	24997	:	dbb;
	24998	:	caa;
	24999	:	b99;
	25000	:	755;
	25001	:	655;
	25002	:	a88;
	25003	:	977;
	25004	:	655;
	25005	:	877;
	25006	:	544;
	25007	:	434;
	25008	:	444;
	25009	:	433;
	25010	:	322;
	25011	:	533;
	25012	:	976;
	25013	:	a66;
	25014	:	832;
	25015	:	a44;
	25016	:	833;
	25017	:	c78;
	25018	:	fbb;
	25019	:	c88;
	25020	:	d9a;
	25021	:	daa;
	25022	:	fcd;
	25023	:	a67;
	25024	:	c89;
	25025	:	eab;
	25026	:	ebb;
	25027	:	ebb;
	25028	:	daa;
	25029	:	a67;
	25030	:	956;
	25031	:	845;
	25032	:	855;
	25033	:	a67;
	25034	:	fbb;
	25035	:	d88;
	25036	:	fab;
	25037	:	fcc;
	25038	:	fcc;
	25039	:	fbb;
	25040	:	fab;
	25041	:	faa;
	25042	:	c88;
	25043	:	933;
	25044	:	933;
	25045	:	b54;
	25046	:	b55;
	25047	:	933;
	25048	:	a55;
	25049	:	fbb;
	25050	:	fbb;
	25051	:	d76;
	25052	:	c43;
	25053	:	c44;
	25054	:	b33;
	25055	:	c43;
	25056	:	b43;
	25057	:	b33;
	25058	:	b43;
	25059	:	c43;
	25060	:	b43;
	25061	:	c44;
	25062	:	c43;
	25063	:	b33;
	25064	:	b33;
	25065	:	b43;
	25066	:	c43;
	25067	:	b43;
	25068	:	c43;
	25069	:	c44;
	25070	:	c54;
	25071	:	d54;
	25072	:	d55;
	25073	:	d55;
	25074	:	d54;
	25075	:	c54;
	25076	:	d54;
	25077	:	d54;
	25078	:	c43;
	25079	:	c44;
	25080	:	c43;
	25081	:	b32;
	25082	:	b32;
	25083	:	b33;
	25084	:	b33;
	25085	:	a32;
	25086	:	a32;
	25087	:	a32;
	25088	:	582;
	25089	:	582;
	25090	:	582;
	25091	:	582;
	25092	:	582;
	25093	:	582;
	25094	:	582;
	25095	:	582;
	25096	:	582;
	25097	:	582;
	25098	:	582;
	25099	:	572;
	25100	:	582;
	25101	:	582;
	25102	:	572;
	25103	:	573;
	25104	:	573;
	25105	:	573;
	25106	:	573;
	25107	:	573;
	25108	:	573;
	25109	:	573;
	25110	:	573;
	25111	:	675;
	25112	:	775;
	25113	:	675;
	25114	:	676;
	25115	:	887;
	25116	:	998;
	25117	:	997;
	25118	:	a98;
	25119	:	998;
	25120	:	887;
	25121	:	776;
	25122	:	444;
	25123	:	edd;
	25124	:	fee;
	25125	:	fee;
	25126	:	dbc;
	25127	:	dbb;
	25128	:	ecc;
	25129	:	ecc;
	25130	:	ecc;
	25131	:	ecc;
	25132	:	ffe;
	25133	:	cba;
	25134	:	563;
	25135	:	684;
	25136	:	673;
	25137	:	672;
	25138	:	783;
	25139	:	673;
	25140	:	672;
	25141	:	682;
	25142	:	682;
	25143	:	783;
	25144	:	682;
	25145	:	782;
	25146	:	793;
	25147	:	793;
	25148	:	783;
	25149	:	683;
	25150	:	783;
	25151	:	793;
	25152	:	792;
	25153	:	893;
	25154	:	8a3;
	25155	:	8a3;
	25156	:	8a3;
	25157	:	7a5;
	25158	:	8a7;
	25159	:	8b8;
	25160	:	9c9;
	25161	:	ada;
	25162	:	ab8;
	25163	:	9a7;
	25164	:	9a6;
	25165	:	996;
	25166	:	895;
	25167	:	896;
	25168	:	996;
	25169	:	9a7;
	25170	:	aa8;
	25171	:	bb9;
	25172	:	bb9;
	25173	:	cca;
	25174	:	cca;
	25175	:	ddb;
	25176	:	edb;
	25177	:	edc;
	25178	:	eec;
	25179	:	fed;
	25180	:	fec;
	25181	:	eec;
	25182	:	edb;
	25183	:	edb;
	25184	:	dca;
	25185	:	cc9;
	25186	:	bb8;
	25187	:	ab8;
	25188	:	9a7;
	25189	:	996;
	25190	:	896;
	25191	:	896;
	25192	:	896;
	25193	:	896;
	25194	:	896;
	25195	:	896;
	25196	:	997;
	25197	:	aa7;
	25198	:	aa8;
	25199	:	bb9;
	25200	:	bb9;
	25201	:	aa8;
	25202	:	aa9;
	25203	:	aa8;
	25204	:	aa8;
	25205	:	aa7;
	25206	:	9a7;
	25207	:	996;
	25208	:	896;
	25209	:	896;
	25210	:	896;
	25211	:	896;
	25212	:	885;
	25213	:	885;
	25214	:	885;
	25215	:	885;
	25216	:	785;
	25217	:	784;
	25218	:	784;
	25219	:	784;
	25220	:	774;
	25221	:	774;
	25222	:	674;
	25223	:	673;
	25224	:	673;
	25225	:	673;
	25226	:	673;
	25227	:	673;
	25228	:	673;
	25229	:	673;
	25230	:	673;
	25231	:	673;
	25232	:	673;
	25233	:	674;
	25234	:	673;
	25235	:	673;
	25236	:	673;
	25237	:	674;
	25238	:	673;
	25239	:	674;
	25240	:	674;
	25241	:	674;
	25242	:	674;
	25243	:	ba8;
	25244	:	fdd;
	25245	:	fdc;
	25246	:	fdc;
	25247	:	fdc;
	25248	:	fdd;
	25249	:	fdc;
	25250	:	fdd;
	25251	:	fdc;
	25252	:	edc;
	25253	:	dbb;
	25254	:	caa;
	25255	:	b99;
	25256	:	755;
	25257	:	655;
	25258	:	a88;
	25259	:	977;
	25260	:	655;
	25261	:	877;
	25262	:	544;
	25263	:	434;
	25264	:	444;
	25265	:	433;
	25266	:	322;
	25267	:	533;
	25268	:	976;
	25269	:	a66;
	25270	:	832;
	25271	:	a44;
	25272	:	833;
	25273	:	c78;
	25274	:	fbb;
	25275	:	c88;
	25276	:	d9a;
	25277	:	daa;
	25278	:	fcd;
	25279	:	a67;
	25280	:	c89;
	25281	:	eab;
	25282	:	ebb;
	25283	:	ebb;
	25284	:	daa;
	25285	:	a67;
	25286	:	956;
	25287	:	845;
	25288	:	855;
	25289	:	a67;
	25290	:	fbb;
	25291	:	d88;
	25292	:	fab;
	25293	:	fcc;
	25294	:	fcc;
	25295	:	fbb;
	25296	:	fab;
	25297	:	faa;
	25298	:	c88;
	25299	:	933;
	25300	:	933;
	25301	:	b54;
	25302	:	b55;
	25303	:	933;
	25304	:	a55;
	25305	:	fbb;
	25306	:	fbb;
	25307	:	d76;
	25308	:	c43;
	25309	:	c44;
	25310	:	b33;
	25311	:	c43;
	25312	:	b43;
	25313	:	b33;
	25314	:	b43;
	25315	:	c43;
	25316	:	b43;
	25317	:	c44;
	25318	:	c43;
	25319	:	b33;
	25320	:	b33;
	25321	:	b43;
	25322	:	c43;
	25323	:	b43;
	25324	:	c43;
	25325	:	c44;
	25326	:	c54;
	25327	:	d54;
	25328	:	d55;
	25329	:	d55;
	25330	:	d54;
	25331	:	c54;
	25332	:	d54;
	25333	:	d54;
	25334	:	c43;
	25335	:	c44;
	25336	:	c43;
	25337	:	b32;
	25338	:	b32;
	25339	:	b33;
	25340	:	b33;
	25341	:	a32;
	25342	:	a32;
	25343	:	a32;
	25344	:	582;
	25345	:	582;
	25346	:	582;
	25347	:	582;
	25348	:	472;
	25349	:	582;
	25350	:	582;
	25351	:	572;
	25352	:	582;
	25353	:	582;
	25354	:	582;
	25355	:	572;
	25356	:	572;
	25357	:	572;
	25358	:	572;
	25359	:	573;
	25360	:	573;
	25361	:	563;
	25362	:	573;
	25363	:	573;
	25364	:	573;
	25365	:	574;
	25366	:	675;
	25367	:	565;
	25368	:	665;
	25369	:	887;
	25370	:	887;
	25371	:	887;
	25372	:	987;
	25373	:	887;
	25374	:	776;
	25375	:	655;
	25376	:	555;
	25377	:	665;
	25378	:	555;
	25379	:	998;
	25380	:	fff;
	25381	:	fee;
	25382	:	edd;
	25383	:	dbc;
	25384	:	978;
	25385	:	866;
	25386	:	dbb;
	25387	:	ecc;
	25388	:	fee;
	25389	:	fee;
	25390	:	654;
	25391	:	674;
	25392	:	673;
	25393	:	673;
	25394	:	673;
	25395	:	673;
	25396	:	683;
	25397	:	682;
	25398	:	682;
	25399	:	682;
	25400	:	672;
	25401	:	682;
	25402	:	682;
	25403	:	682;
	25404	:	682;
	25405	:	682;
	25406	:	782;
	25407	:	682;
	25408	:	681;
	25409	:	793;
	25410	:	793;
	25411	:	793;
	25412	:	8a4;
	25413	:	8a4;
	25414	:	8a5;
	25415	:	7a6;
	25416	:	8b7;
	25417	:	7a6;
	25418	:	bd9;
	25419	:	ac9;
	25420	:	896;
	25421	:	896;
	25422	:	896;
	25423	:	896;
	25424	:	9a7;
	25425	:	aa7;
	25426	:	aa8;
	25427	:	bb9;
	25428	:	cc9;
	25429	:	cca;
	25430	:	dcb;
	25431	:	ddb;
	25432	:	eec;
	25433	:	eec;
	25434	:	eec;
	25435	:	eec;
	25436	:	eec;
	25437	:	edb;
	25438	:	edb;
	25439	:	dda;
	25440	:	cc9;
	25441	:	bb8;
	25442	:	ab8;
	25443	:	aa7;
	25444	:	996;
	25445	:	885;
	25446	:	895;
	25447	:	896;
	25448	:	895;
	25449	:	886;
	25450	:	996;
	25451	:	997;
	25452	:	aa8;
	25453	:	aa8;
	25454	:	bb9;
	25455	:	bb9;
	25456	:	bb9;
	25457	:	bb9;
	25458	:	aa8;
	25459	:	aa8;
	25460	:	aa8;
	25461	:	9a7;
	25462	:	997;
	25463	:	996;
	25464	:	996;
	25465	:	896;
	25466	:	896;
	25467	:	896;
	25468	:	885;
	25469	:	885;
	25470	:	885;
	25471	:	885;
	25472	:	785;
	25473	:	784;
	25474	:	784;
	25475	:	784;
	25476	:	774;
	25477	:	673;
	25478	:	673;
	25479	:	673;
	25480	:	673;
	25481	:	673;
	25482	:	673;
	25483	:	673;
	25484	:	673;
	25485	:	673;
	25486	:	673;
	25487	:	673;
	25488	:	673;
	25489	:	673;
	25490	:	673;
	25491	:	673;
	25492	:	674;
	25493	:	673;
	25494	:	673;
	25495	:	673;
	25496	:	673;
	25497	:	673;
	25498	:	663;
	25499	:	edb;
	25500	:	fdc;
	25501	:	fdc;
	25502	:	fdc;
	25503	:	fdd;
	25504	:	fdd;
	25505	:	fdd;
	25506	:	fdc;
	25507	:	fdc;
	25508	:	fdd;
	25509	:	dbb;
	25510	:	caa;
	25511	:	a88;
	25512	:	866;
	25513	:	766;
	25514	:	cba;
	25515	:	caa;
	25516	:	988;
	25517	:	b99;
	25518	:	544;
	25519	:	444;
	25520	:	444;
	25521	:	554;
	25522	:	333;
	25523	:	332;
	25524	:	322;
	25525	:	865;
	25526	:	c98;
	25527	:	b77;
	25528	:	eaa;
	25529	:	833;
	25530	:	c77;
	25531	:	fcc;
	25532	:	c9a;
	25533	:	c99;
	25534	:	ebc;
	25535	:	ebc;
	25536	:	ebb;
	25537	:	a77;
	25538	:	956;
	25539	:	daa;
	25540	:	eab;
	25541	:	fee;
	25542	:	fde;
	25543	:	fcd;
	25544	:	fef;
	25545	:	dab;
	25546	:	945;
	25547	:	944;
	25548	:	a44;
	25549	:	a55;
	25550	:	b66;
	25551	:	944;
	25552	:	a44;
	25553	:	944;
	25554	:	c66;
	25555	:	d77;
	25556	:	c77;
	25557	:	833;
	25558	:	a55;
	25559	:	fcc;
	25560	:	fdd;
	25561	:	faa;
	25562	:	b44;
	25563	:	b33;
	25564	:	b33;
	25565	:	b33;
	25566	:	b33;
	25567	:	b32;
	25568	:	b33;
	25569	:	c43;
	25570	:	b43;
	25571	:	b33;
	25572	:	b33;
	25573	:	b33;
	25574	:	c43;
	25575	:	c43;
	25576	:	c43;
	25577	:	c44;
	25578	:	c44;
	25579	:	c43;
	25580	:	c44;
	25581	:	c44;
	25582	:	c44;
	25583	:	b43;
	25584	:	b43;
	25585	:	c43;
	25586	:	c54;
	25587	:	c43;
	25588	:	c43;
	25589	:	c43;
	25590	:	c43;
	25591	:	d54;
	25592	:	c44;
	25593	:	c43;
	25594	:	b43;
	25595	:	b33;
	25596	:	a32;
	25597	:	b33;
	25598	:	b44;
	25599	:	a33;
	25600	:	582;
	25601	:	582;
	25602	:	482;
	25603	:	582;
	25604	:	582;
	25605	:	472;
	25606	:	572;
	25607	:	582;
	25608	:	572;
	25609	:	582;
	25610	:	582;
	25611	:	572;
	25612	:	572;
	25613	:	572;
	25614	:	572;
	25615	:	573;
	25616	:	573;
	25617	:	573;
	25618	:	573;
	25619	:	573;
	25620	:	574;
	25621	:	776;
	25622	:	554;
	25623	:	665;
	25624	:	776;
	25625	:	886;
	25626	:	887;
	25627	:	776;
	25628	:	665;
	25629	:	555;
	25630	:	555;
	25631	:	555;
	25632	:	555;
	25633	:	554;
	25634	:	555;
	25635	:	766;
	25636	:	edd;
	25637	:	fef;
	25638	:	ecc;
	25639	:	ecd;
	25640	:	867;
	25641	:	544;
	25642	:	977;
	25643	:	ecc;
	25644	:	edd;
	25645	:	fdd;
	25646	:	765;
	25647	:	443;
	25648	:	674;
	25649	:	784;
	25650	:	673;
	25651	:	673;
	25652	:	683;
	25653	:	672;
	25654	:	683;
	25655	:	683;
	25656	:	682;
	25657	:	672;
	25658	:	682;
	25659	:	672;
	25660	:	672;
	25661	:	682;
	25662	:	783;
	25663	:	682;
	25664	:	782;
	25665	:	682;
	25666	:	783;
	25667	:	782;
	25668	:	793;
	25669	:	8a4;
	25670	:	8a4;
	25671	:	8a5;
	25672	:	7a5;
	25673	:	8b7;
	25674	:	795;
	25675	:	8b8;
	25676	:	ac9;
	25677	:	895;
	25678	:	896;
	25679	:	9a7;
	25680	:	aa7;
	25681	:	ab8;
	25682	:	bb9;
	25683	:	cb9;
	25684	:	cca;
	25685	:	dcb;
	25686	:	ddb;
	25687	:	edc;
	25688	:	eec;
	25689	:	eec;
	25690	:	eec;
	25691	:	eec;
	25692	:	eec;
	25693	:	ddb;
	25694	:	ddb;
	25695	:	cca;
	25696	:	bb9;
	25697	:	bb8;
	25698	:	9a7;
	25699	:	996;
	25700	:	895;
	25701	:	885;
	25702	:	785;
	25703	:	885;
	25704	:	896;
	25705	:	896;
	25706	:	9a7;
	25707	:	aa8;
	25708	:	aa8;
	25709	:	bb9;
	25710	:	bb9;
	25711	:	bb9;
	25712	:	bb9;
	25713	:	ba8;
	25714	:	ab9;
	25715	:	aa8;
	25716	:	aa8;
	25717	:	aa8;
	25718	:	9a7;
	25719	:	996;
	25720	:	996;
	25721	:	896;
	25722	:	896;
	25723	:	895;
	25724	:	895;
	25725	:	885;
	25726	:	885;
	25727	:	784;
	25728	:	784;
	25729	:	784;
	25730	:	784;
	25731	:	784;
	25732	:	784;
	25733	:	673;
	25734	:	673;
	25735	:	673;
	25736	:	673;
	25737	:	673;
	25738	:	673;
	25739	:	673;
	25740	:	673;
	25741	:	673;
	25742	:	673;
	25743	:	673;
	25744	:	673;
	25745	:	673;
	25746	:	673;
	25747	:	673;
	25748	:	673;
	25749	:	673;
	25750	:	673;
	25751	:	673;
	25752	:	673;
	25753	:	673;
	25754	:	663;
	25755	:	ffc;
	25756	:	fed;
	25757	:	fdc;
	25758	:	fdc;
	25759	:	fdc;
	25760	:	fed;
	25761	:	fdc;
	25762	:	fdc;
	25763	:	fdc;
	25764	:	fdc;
	25765	:	ecc;
	25766	:	dbb;
	25767	:	a88;
	25768	:	977;
	25769	:	877;
	25770	:	dcb;
	25771	:	dbb;
	25772	:	cbb;
	25773	:	dbb;
	25774	:	876;
	25775	:	554;
	25776	:	433;
	25777	:	444;
	25778	:	444;
	25779	:	333;
	25780	:	333;
	25781	:	322;
	25782	:	644;
	25783	:	fdc;
	25784	:	ecc;
	25785	:	eaa;
	25786	:	833;
	25787	:	955;
	25788	:	fdd;
	25789	:	fdd;
	25790	:	a78;
	25791	:	c9a;
	25792	:	dab;
	25793	:	ebb;
	25794	:	ebb;
	25795	:	b88;
	25796	:	a67;
	25797	:	daa;
	25798	:	ebb;
	25799	:	fcc;
	25800	:	fcd;
	25801	:	fcd;
	25802	:	fcc;
	25803	:	daa;
	25804	:	e9a;
	25805	:	d89;
	25806	:	d9a;
	25807	:	c88;
	25808	:	e99;
	25809	:	d88;
	25810	:	822;
	25811	:	944;
	25812	:	eaa;
	25813	:	fcd;
	25814	:	fde;
	25815	:	c88;
	25816	:	a44;
	25817	:	a33;
	25818	:	a33;
	25819	:	c55;
	25820	:	b43;
	25821	:	c44;
	25822	:	c43;
	25823	:	b43;
	25824	:	b33;
	25825	:	b33;
	25826	:	b43;
	25827	:	c44;
	25828	:	c44;
	25829	:	c43;
	25830	:	b43;
	25831	:	b33;
	25832	:	b33;
	25833	:	b33;
	25834	:	b43;
	25835	:	b44;
	25836	:	b43;
	25837	:	b44;
	25838	:	b44;
	25839	:	c44;
	25840	:	b43;
	25841	:	b43;
	25842	:	b33;
	25843	:	b33;
	25844	:	b33;
	25845	:	c43;
	25846	:	c43;
	25847	:	c43;
	25848	:	c43;
	25849	:	c43;
	25850	:	c43;
	25851	:	c43;
	25852	:	b43;
	25853	:	a33;
	25854	:	a33;
	25855	:	c55;
	25856	:	582;
	25857	:	582;
	25858	:	582;
	25859	:	482;
	25860	:	582;
	25861	:	572;
	25862	:	472;
	25863	:	582;
	25864	:	472;
	25865	:	582;
	25866	:	572;
	25867	:	572;
	25868	:	572;
	25869	:	572;
	25870	:	572;
	25871	:	573;
	25872	:	573;
	25873	:	573;
	25874	:	563;
	25875	:	675;
	25876	:	665;
	25877	:	454;
	25878	:	555;
	25879	:	776;
	25880	:	776;
	25881	:	666;
	25882	:	666;
	25883	:	555;
	25884	:	555;
	25885	:	555;
	25886	:	544;
	25887	:	444;
	25888	:	444;
	25889	:	555;
	25890	:	555;
	25891	:	989;
	25892	:	dcd;
	25893	:	edd;
	25894	:	dcc;
	25895	:	ecd;
	25896	:	988;
	25897	:	666;
	25898	:	544;
	25899	:	cbb;
	25900	:	dcc;
	25901	:	fee;
	25902	:	caa;
	25903	:	988;
	25904	:	665;
	25905	:	563;
	25906	:	673;
	25907	:	673;
	25908	:	562;
	25909	:	673;
	25910	:	673;
	25911	:	562;
	25912	:	672;
	25913	:	672;
	25914	:	672;
	25915	:	572;
	25916	:	672;
	25917	:	683;
	25918	:	682;
	25919	:	682;
	25920	:	783;
	25921	:	793;
	25922	:	682;
	25923	:	783;
	25924	:	782;
	25925	:	692;
	25926	:	7a3;
	25927	:	7a3;
	25928	:	8b5;
	25929	:	7a6;
	25930	:	8a6;
	25931	:	7a6;
	25932	:	8b7;
	25933	:	9c8;
	25934	:	9a7;
	25935	:	9a7;
	25936	:	aa8;
	25937	:	ab8;
	25938	:	bb9;
	25939	:	cca;
	25940	:	dca;
	25941	:	ddb;
	25942	:	edb;
	25943	:	eec;
	25944	:	eec;
	25945	:	eec;
	25946	:	eec;
	25947	:	eec;
	25948	:	eec;
	25949	:	ddb;
	25950	:	cca;
	25951	:	cc9;
	25952	:	ab8;
	25953	:	aa7;
	25954	:	896;
	25955	:	895;
	25956	:	795;
	25957	:	785;
	25958	:	885;
	25959	:	896;
	25960	:	896;
	25961	:	997;
	25962	:	aa8;
	25963	:	aa9;
	25964	:	bb9;
	25965	:	bb9;
	25966	:	bb9;
	25967	:	bb9;
	25968	:	bb9;
	25969	:	bb9;
	25970	:	ab8;
	25971	:	aa8;
	25972	:	aa8;
	25973	:	9a7;
	25974	:	9a7;
	25975	:	996;
	25976	:	896;
	25977	:	895;
	25978	:	895;
	25979	:	885;
	25980	:	885;
	25981	:	885;
	25982	:	784;
	25983	:	784;
	25984	:	784;
	25985	:	784;
	25986	:	784;
	25987	:	784;
	25988	:	784;
	25989	:	673;
	25990	:	683;
	25991	:	683;
	25992	:	673;
	25993	:	683;
	25994	:	683;
	25995	:	673;
	25996	:	683;
	25997	:	673;
	25998	:	683;
	25999	:	673;
	26000	:	683;
	26001	:	683;
	26002	:	683;
	26003	:	683;
	26004	:	673;
	26005	:	673;
	26006	:	683;
	26007	:	673;
	26008	:	673;
	26009	:	673;
	26010	:	663;
	26011	:	ffd;
	26012	:	fdc;
	26013	:	fdc;
	26014	:	fdc;
	26015	:	fdc;
	26016	:	fdc;
	26017	:	fdc;
	26018	:	fdc;
	26019	:	fdc;
	26020	:	fdd;
	26021	:	ecb;
	26022	:	dba;
	26023	:	a88;
	26024	:	977;
	26025	:	a88;
	26026	:	ecc;
	26027	:	dcc;
	26028	:	dcc;
	26029	:	dcc;
	26030	:	b99;
	26031	:	877;
	26032	:	433;
	26033	:	666;
	26034	:	444;
	26035	:	333;
	26036	:	333;
	26037	:	333;
	26038	:	322;
	26039	:	ba9;
	26040	:	fdd;
	26041	:	fcd;
	26042	:	fcd;
	26043	:	944;
	26044	:	955;
	26045	:	a66;
	26046	:	fcd;
	26047	:	fde;
	26048	:	ecc;
	26049	:	b89;
	26050	:	b89;
	26051	:	fcd;
	26052	:	ebc;
	26053	:	c89;
	26054	:	a67;
	26055	:	956;
	26056	:	b88;
	26057	:	daa;
	26058	:	ebc;
	26059	:	fef;
	26060	:	ebc;
	26061	:	fef;
	26062	:	fcd;
	26063	:	fcc;
	26064	:	c99;
	26065	:	fbc;
	26066	:	fcd;
	26067	:	e9a;
	26068	:	c77;
	26069	:	a55;
	26070	:	944;
	26071	:	d87;
	26072	:	c65;
	26073	:	b44;
	26074	:	c55;
	26075	:	c66;
	26076	:	b44;
	26077	:	b33;
	26078	:	b33;
	26079	:	b32;
	26080	:	b33;
	26081	:	b33;
	26082	:	b33;
	26083	:	b33;
	26084	:	b43;
	26085	:	b43;
	26086	:	b43;
	26087	:	b43;
	26088	:	b43;
	26089	:	c44;
	26090	:	c44;
	26091	:	c54;
	26092	:	b44;
	26093	:	b44;
	26094	:	c44;
	26095	:	b44;
	26096	:	c44;
	26097	:	c44;
	26098	:	c44;
	26099	:	b43;
	26100	:	b33;
	26101	:	c43;
	26102	:	c43;
	26103	:	c43;
	26104	:	c43;
	26105	:	c43;
	26106	:	c43;
	26107	:	c43;
	26108	:	c43;
	26109	:	b44;
	26110	:	b44;
	26111	:	c54;
	26112	:	582;
	26113	:	582;
	26114	:	482;
	26115	:	482;
	26116	:	472;
	26117	:	572;
	26118	:	472;
	26119	:	572;
	26120	:	582;
	26121	:	472;
	26122	:	572;
	26123	:	572;
	26124	:	572;
	26125	:	572;
	26126	:	573;
	26127	:	573;
	26128	:	573;
	26129	:	563;
	26130	:	675;
	26131	:	554;
	26132	:	454;
	26133	:	555;
	26134	:	665;
	26135	:	666;
	26136	:	666;
	26137	:	565;
	26138	:	555;
	26139	:	555;
	26140	:	555;
	26141	:	444;
	26142	:	444;
	26143	:	554;
	26144	:	555;
	26145	:	666;
	26146	:	666;
	26147	:	888;
	26148	:	bab;
	26149	:	edd;
	26150	:	fde;
	26151	:	cbb;
	26152	:	baa;
	26153	:	656;
	26154	:	433;
	26155	:	dcc;
	26156	:	ecc;
	26157	:	ecc;
	26158	:	ecc;
	26159	:	fdd;
	26160	:	fee;
	26161	:	eed;
	26162	:	bba;
	26163	:	785;
	26164	:	452;
	26165	:	563;
	26166	:	664;
	26167	:	553;
	26168	:	452;
	26169	:	562;
	26170	:	562;
	26171	:	562;
	26172	:	673;
	26173	:	673;
	26174	:	672;
	26175	:	672;
	26176	:	683;
	26177	:	672;
	26178	:	793;
	26179	:	783;
	26180	:	793;
	26181	:	7a3;
	26182	:	792;
	26183	:	7a3;
	26184	:	793;
	26185	:	794;
	26186	:	8a6;
	26187	:	8b7;
	26188	:	7a7;
	26189	:	8b8;
	26190	:	9b8;
	26191	:	aa8;
	26192	:	ab8;
	26193	:	bb9;
	26194	:	cb9;
	26195	:	cca;
	26196	:	ddb;
	26197	:	ddb;
	26198	:	edb;
	26199	:	edc;
	26200	:	eec;
	26201	:	fec;
	26202	:	eec;
	26203	:	edb;
	26204	:	ddb;
	26205	:	dca;
	26206	:	cca;
	26207	:	bb8;
	26208	:	aa7;
	26209	:	996;
	26210	:	895;
	26211	:	895;
	26212	:	785;
	26213	:	785;
	26214	:	896;
	26215	:	897;
	26216	:	997;
	26217	:	aa8;
	26218	:	ab9;
	26219	:	bb9;
	26220	:	bb9;
	26221	:	bba;
	26222	:	bb9;
	26223	:	bb9;
	26224	:	bb9;
	26225	:	bb9;
	26226	:	aa8;
	26227	:	aa8;
	26228	:	aa7;
	26229	:	aa7;
	26230	:	9a7;
	26231	:	996;
	26232	:	896;
	26233	:	895;
	26234	:	895;
	26235	:	895;
	26236	:	895;
	26237	:	885;
	26238	:	784;
	26239	:	784;
	26240	:	784;
	26241	:	784;
	26242	:	784;
	26243	:	784;
	26244	:	683;
	26245	:	683;
	26246	:	683;
	26247	:	683;
	26248	:	673;
	26249	:	673;
	26250	:	673;
	26251	:	673;
	26252	:	673;
	26253	:	683;
	26254	:	683;
	26255	:	673;
	26256	:	683;
	26257	:	683;
	26258	:	683;
	26259	:	683;
	26260	:	683;
	26261	:	683;
	26262	:	673;
	26263	:	673;
	26264	:	673;
	26265	:	673;
	26266	:	774;
	26267	:	fed;
	26268	:	fdc;
	26269	:	fdc;
	26270	:	fdb;
	26271	:	fdc;
	26272	:	fdc;
	26273	:	fdc;
	26274	:	fdc;
	26275	:	fdc;
	26276	:	fdc;
	26277	:	ecc;
	26278	:	dba;
	26279	:	a87;
	26280	:	977;
	26281	:	dba;
	26282	:	ecc;
	26283	:	ecc;
	26284	:	ecc;
	26285	:	dcc;
	26286	:	dbb;
	26287	:	988;
	26288	:	766;
	26289	:	544;
	26290	:	444;
	26291	:	433;
	26292	:	444;
	26293	:	444;
	26294	:	444;
	26295	:	321;
	26296	:	ba9;
	26297	:	fcd;
	26298	:	fdd;
	26299	:	fcc;
	26300	:	833;
	26301	:	944;
	26302	:	b77;
	26303	:	b88;
	26304	:	fcd;
	26305	:	fdd;
	26306	:	ebc;
	26307	:	967;
	26308	:	a78;
	26309	:	daa;
	26310	:	ebc;
	26311	:	fde;
	26312	:	daa;
	26313	:	956;
	26314	:	b78;
	26315	:	fbb;
	26316	:	fcc;
	26317	:	eab;
	26318	:	fcd;
	26319	:	fcc;
	26320	:	fcc;
	26321	:	fbb;
	26322	:	ebb;
	26323	:	eab;
	26324	:	eaa;
	26325	:	e99;
	26326	:	c77;
	26327	:	944;
	26328	:	944;
	26329	:	b54;
	26330	:	c54;
	26331	:	b54;
	26332	:	b43;
	26333	:	b33;
	26334	:	b33;
	26335	:	b43;
	26336	:	c44;
	26337	:	c44;
	26338	:	c43;
	26339	:	b33;
	26340	:	b33;
	26341	:	c43;
	26342	:	b43;
	26343	:	b43;
	26344	:	b33;
	26345	:	b33;
	26346	:	c44;
	26347	:	c44;
	26348	:	c44;
	26349	:	c44;
	26350	:	b43;
	26351	:	b43;
	26352	:	b43;
	26353	:	b43;
	26354	:	b33;
	26355	:	b33;
	26356	:	b33;
	26357	:	b33;
	26358	:	b33;
	26359	:	c43;
	26360	:	c43;
	26361	:	c54;
	26362	:	d54;
	26363	:	d54;
	26364	:	c43;
	26365	:	c44;
	26366	:	c44;
	26367	:	c44;
	26368	:	482;
	26369	:	482;
	26370	:	582;
	26371	:	582;
	26372	:	572;
	26373	:	582;
	26374	:	582;
	26375	:	472;
	26376	:	572;
	26377	:	472;
	26378	:	572;
	26379	:	572;
	26380	:	572;
	26381	:	572;
	26382	:	573;
	26383	:	563;
	26384	:	676;
	26385	:	565;
	26386	:	444;
	26387	:	555;
	26388	:	565;
	26389	:	566;
	26390	:	666;
	26391	:	555;
	26392	:	555;
	26393	:	444;
	26394	:	554;
	26395	:	555;
	26396	:	555;
	26397	:	555;
	26398	:	555;
	26399	:	555;
	26400	:	565;
	26401	:	555;
	26402	:	555;
	26403	:	555;
	26404	:	666;
	26405	:	dcc;
	26406	:	dcd;
	26407	:	dcc;
	26408	:	dcc;
	26409	:	545;
	26410	:	554;
	26411	:	dbb;
	26412	:	dcc;
	26413	:	dcc;
	26414	:	dbb;
	26415	:	cbb;
	26416	:	dcc;
	26417	:	edd;
	26418	:	fff;
	26419	:	887;
	26420	:	544;
	26421	:	edd;
	26422	:	766;
	26423	:	eee;
	26424	:	333;
	26425	:	665;
	26426	:	eed;
	26427	:	eed;
	26428	:	bba;
	26429	:	554;
	26430	:	453;
	26431	:	563;
	26432	:	562;
	26433	:	673;
	26434	:	783;
	26435	:	683;
	26436	:	683;
	26437	:	793;
	26438	:	682;
	26439	:	692;
	26440	:	692;
	26441	:	792;
	26442	:	8a5;
	26443	:	8a5;
	26444	:	8a5;
	26445	:	8a7;
	26446	:	9cb;
	26447	:	8ba;
	26448	:	bdb;
	26449	:	bca;
	26450	:	cca;
	26451	:	ddb;
	26452	:	edb;
	26453	:	edb;
	26454	:	edb;
	26455	:	eec;
	26456	:	eec;
	26457	:	eec;
	26458	:	edb;
	26459	:	ddb;
	26460	:	cca;
	26461	:	bb9;
	26462	:	ab8;
	26463	:	aa7;
	26464	:	895;
	26465	:	785;
	26466	:	785;
	26467	:	785;
	26468	:	895;
	26469	:	996;
	26470	:	9a7;
	26471	:	aa8;
	26472	:	aa8;
	26473	:	bb9;
	26474	:	cba;
	26475	:	cca;
	26476	:	cca;
	26477	:	cca;
	26478	:	bb9;
	26479	:	bb9;
	26480	:	bb9;
	26481	:	ab8;
	26482	:	ab8;
	26483	:	aa7;
	26484	:	aa7;
	26485	:	9a6;
	26486	:	896;
	26487	:	895;
	26488	:	895;
	26489	:	895;
	26490	:	884;
	26491	:	785;
	26492	:	784;
	26493	:	784;
	26494	:	784;
	26495	:	784;
	26496	:	784;
	26497	:	784;
	26498	:	783;
	26499	:	683;
	26500	:	683;
	26501	:	683;
	26502	:	673;
	26503	:	673;
	26504	:	683;
	26505	:	683;
	26506	:	683;
	26507	:	683;
	26508	:	683;
	26509	:	683;
	26510	:	683;
	26511	:	683;
	26512	:	683;
	26513	:	683;
	26514	:	683;
	26515	:	683;
	26516	:	683;
	26517	:	683;
	26518	:	683;
	26519	:	683;
	26520	:	683;
	26521	:	673;
	26522	:	885;
	26523	:	fed;
	26524	:	edb;
	26525	:	fdc;
	26526	:	fed;
	26527	:	fdc;
	26528	:	fcc;
	26529	:	fdc;
	26530	:	fed;
	26531	:	ecc;
	26532	:	fcc;
	26533	:	fdc;
	26534	:	dba;
	26535	:	b87;
	26536	:	dba;
	26537	:	ecb;
	26538	:	ecb;
	26539	:	ecb;
	26540	:	ecb;
	26541	:	dcb;
	26542	:	dbb;
	26543	:	cba;
	26544	:	755;
	26545	:	444;
	26546	:	444;
	26547	:	333;
	26548	:	433;
	26549	:	444;
	26550	:	444;
	26551	:	433;
	26552	:	333;
	26553	:	333;
	26554	:	533;
	26555	:	765;
	26556	:	c99;
	26557	:	a66;
	26558	:	b77;
	26559	:	eab;
	26560	:	b66;
	26561	:	a44;
	26562	:	b78;
	26563	:	b89;
	26564	:	fcd;
	26565	:	ebc;
	26566	:	daa;
	26567	:	b88;
	26568	:	a77;
	26569	:	ebc;
	26570	:	fcd;
	26571	:	fde;
	26572	:	fbc;
	26573	:	fdd;
	26574	:	fbb;
	26575	:	fbc;
	26576	:	e9a;
	26577	:	d99;
	26578	:	a66;
	26579	:	955;
	26580	:	955;
	26581	:	844;
	26582	:	955;
	26583	:	c88;
	26584	:	944;
	26585	:	933;
	26586	:	933;
	26587	:	933;
	26588	:	a33;
	26589	:	b33;
	26590	:	b43;
	26591	:	b44;
	26592	:	b44;
	26593	:	c44;
	26594	:	c44;
	26595	:	b43;
	26596	:	b43;
	26597	:	b43;
	26598	:	c43;
	26599	:	c44;
	26600	:	c54;
	26601	:	c44;
	26602	:	b43;
	26603	:	b43;
	26604	:	c44;
	26605	:	b43;
	26606	:	c44;
	26607	:	b43;
	26608	:	b43;
	26609	:	b43;
	26610	:	b33;
	26611	:	b33;
	26612	:	b43;
	26613	:	b43;
	26614	:	b43;
	26615	:	b43;
	26616	:	c43;
	26617	:	c43;
	26618	:	c43;
	26619	:	b43;
	26620	:	c43;
	26621	:	c43;
	26622	:	c33;
	26623	:	c33;
	26624	:	482;
	26625	:	482;
	26626	:	582;
	26627	:	582;
	26628	:	572;
	26629	:	582;
	26630	:	582;
	26631	:	472;
	26632	:	572;
	26633	:	472;
	26634	:	572;
	26635	:	572;
	26636	:	572;
	26637	:	572;
	26638	:	573;
	26639	:	563;
	26640	:	676;
	26641	:	565;
	26642	:	444;
	26643	:	555;
	26644	:	565;
	26645	:	566;
	26646	:	666;
	26647	:	555;
	26648	:	555;
	26649	:	444;
	26650	:	554;
	26651	:	555;
	26652	:	555;
	26653	:	555;
	26654	:	555;
	26655	:	555;
	26656	:	565;
	26657	:	555;
	26658	:	555;
	26659	:	555;
	26660	:	666;
	26661	:	dcc;
	26662	:	dcd;
	26663	:	dcc;
	26664	:	dcc;
	26665	:	545;
	26666	:	554;
	26667	:	dbb;
	26668	:	dcc;
	26669	:	dcc;
	26670	:	dbb;
	26671	:	cbb;
	26672	:	dcc;
	26673	:	edd;
	26674	:	fff;
	26675	:	887;
	26676	:	544;
	26677	:	edd;
	26678	:	766;
	26679	:	eee;
	26680	:	333;
	26681	:	665;
	26682	:	eed;
	26683	:	eed;
	26684	:	bba;
	26685	:	554;
	26686	:	453;
	26687	:	563;
	26688	:	562;
	26689	:	673;
	26690	:	783;
	26691	:	683;
	26692	:	683;
	26693	:	793;
	26694	:	682;
	26695	:	692;
	26696	:	692;
	26697	:	792;
	26698	:	8a5;
	26699	:	8a5;
	26700	:	8a5;
	26701	:	8a7;
	26702	:	9cb;
	26703	:	8ba;
	26704	:	bdb;
	26705	:	bca;
	26706	:	cca;
	26707	:	ddb;
	26708	:	edb;
	26709	:	edb;
	26710	:	edb;
	26711	:	eec;
	26712	:	eec;
	26713	:	eec;
	26714	:	edb;
	26715	:	ddb;
	26716	:	cca;
	26717	:	bb9;
	26718	:	ab8;
	26719	:	aa7;
	26720	:	895;
	26721	:	785;
	26722	:	785;
	26723	:	785;
	26724	:	895;
	26725	:	996;
	26726	:	9a7;
	26727	:	aa8;
	26728	:	aa8;
	26729	:	bb9;
	26730	:	cba;
	26731	:	cca;
	26732	:	cca;
	26733	:	cca;
	26734	:	bb9;
	26735	:	bb9;
	26736	:	bb9;
	26737	:	ab8;
	26738	:	ab8;
	26739	:	aa7;
	26740	:	aa7;
	26741	:	9a6;
	26742	:	896;
	26743	:	895;
	26744	:	895;
	26745	:	895;
	26746	:	884;
	26747	:	785;
	26748	:	784;
	26749	:	784;
	26750	:	784;
	26751	:	784;
	26752	:	784;
	26753	:	784;
	26754	:	783;
	26755	:	683;
	26756	:	683;
	26757	:	683;
	26758	:	673;
	26759	:	673;
	26760	:	683;
	26761	:	683;
	26762	:	683;
	26763	:	683;
	26764	:	683;
	26765	:	683;
	26766	:	683;
	26767	:	683;
	26768	:	683;
	26769	:	683;
	26770	:	683;
	26771	:	683;
	26772	:	683;
	26773	:	683;
	26774	:	683;
	26775	:	683;
	26776	:	683;
	26777	:	673;
	26778	:	885;
	26779	:	fed;
	26780	:	edb;
	26781	:	fdc;
	26782	:	fed;
	26783	:	fdc;
	26784	:	fcc;
	26785	:	fdc;
	26786	:	fed;
	26787	:	ecc;
	26788	:	fcc;
	26789	:	fdc;
	26790	:	dba;
	26791	:	b87;
	26792	:	dba;
	26793	:	ecb;
	26794	:	ecb;
	26795	:	ecb;
	26796	:	ecb;
	26797	:	dcb;
	26798	:	dbb;
	26799	:	cba;
	26800	:	755;
	26801	:	444;
	26802	:	444;
	26803	:	333;
	26804	:	433;
	26805	:	444;
	26806	:	444;
	26807	:	433;
	26808	:	333;
	26809	:	333;
	26810	:	533;
	26811	:	765;
	26812	:	c99;
	26813	:	a66;
	26814	:	b77;
	26815	:	eab;
	26816	:	b66;
	26817	:	a44;
	26818	:	b78;
	26819	:	b89;
	26820	:	fcd;
	26821	:	ebc;
	26822	:	daa;
	26823	:	b88;
	26824	:	a77;
	26825	:	ebc;
	26826	:	fcd;
	26827	:	fde;
	26828	:	fbc;
	26829	:	fdd;
	26830	:	fbb;
	26831	:	fbc;
	26832	:	e9a;
	26833	:	d99;
	26834	:	a66;
	26835	:	955;
	26836	:	955;
	26837	:	844;
	26838	:	955;
	26839	:	c88;
	26840	:	944;
	26841	:	933;
	26842	:	933;
	26843	:	933;
	26844	:	a33;
	26845	:	b33;
	26846	:	b43;
	26847	:	b44;
	26848	:	b44;
	26849	:	c44;
	26850	:	c44;
	26851	:	b43;
	26852	:	b43;
	26853	:	b43;
	26854	:	c43;
	26855	:	c44;
	26856	:	c54;
	26857	:	c44;
	26858	:	b43;
	26859	:	b43;
	26860	:	c44;
	26861	:	b43;
	26862	:	c44;
	26863	:	b43;
	26864	:	b43;
	26865	:	b43;
	26866	:	b33;
	26867	:	b33;
	26868	:	b43;
	26869	:	b43;
	26870	:	b43;
	26871	:	b43;
	26872	:	c43;
	26873	:	c43;
	26874	:	c43;
	26875	:	b43;
	26876	:	c43;
	26877	:	c43;
	26878	:	c33;
	26879	:	c33;
	26880	:	582;
	26881	:	482;
	26882	:	472;
	26883	:	572;
	26884	:	472;
	26885	:	472;
	26886	:	572;
	26887	:	472;
	26888	:	572;
	26889	:	472;
	26890	:	572;
	26891	:	572;
	26892	:	572;
	26893	:	573;
	26894	:	676;
	26895	:	555;
	26896	:	454;
	26897	:	555;
	26898	:	555;
	26899	:	566;
	26900	:	566;
	26901	:	555;
	26902	:	555;
	26903	:	444;
	26904	:	444;
	26905	:	555;
	26906	:	555;
	26907	:	555;
	26908	:	555;
	26909	:	444;
	26910	:	555;
	26911	:	444;
	26912	:	444;
	26913	:	555;
	26914	:	444;
	26915	:	555;
	26916	:	444;
	26917	:	cbb;
	26918	:	ddd;
	26919	:	dcd;
	26920	:	dcc;
	26921	:	dbb;
	26922	:	cbb;
	26923	:	ede;
	26924	:	ecd;
	26925	:	dcc;
	26926	:	fee;
	26927	:	edd;
	26928	:	fdd;
	26929	:	fee;
	26930	:	322;
	26931	:	ecc;
	26932	:	988;
	26933	:	988;
	26934	:	edd;
	26935	:	bab;
	26936	:	332;
	26937	:	dcc;
	26938	:	222;
	26939	:	776;
	26940	:	bba;
	26941	:	655;
	26942	:	eee;
	26943	:	988;
	26944	:	443;
	26945	:	332;
	26946	:	453;
	26947	:	573;
	26948	:	572;
	26949	:	672;
	26950	:	682;
	26951	:	571;
	26952	:	682;
	26953	:	682;
	26954	:	793;
	26955	:	7a5;
	26956	:	8b7;
	26957	:	795;
	26958	:	7a7;
	26959	:	7a8;
	26960	:	8b9;
	26961	:	acb;
	26962	:	ded;
	26963	:	edc;
	26964	:	edc;
	26965	:	edc;
	26966	:	edc;
	26967	:	edc;
	26968	:	edc;
	26969	:	ddb;
	26970	:	ddb;
	26971	:	cca;
	26972	:	bb8;
	26973	:	aa7;
	26974	:	996;
	26975	:	895;
	26976	:	785;
	26977	:	785;
	26978	:	896;
	26979	:	896;
	26980	:	997;
	26981	:	aa8;
	26982	:	ab9;
	26983	:	bb9;
	26984	:	bba;
	26985	:	cca;
	26986	:	cca;
	26987	:	cca;
	26988	:	cca;
	26989	:	cc9;
	26990	:	bb9;
	26991	:	bb9;
	26992	:	bb8;
	26993	:	ab8;
	26994	:	aa7;
	26995	:	9a6;
	26996	:	996;
	26997	:	895;
	26998	:	895;
	26999	:	895;
	27000	:	895;
	27001	:	894;
	27002	:	794;
	27003	:	784;
	27004	:	784;
	27005	:	784;
	27006	:	784;
	27007	:	784;
	27008	:	784;
	27009	:	683;
	27010	:	683;
	27011	:	683;
	27012	:	683;
	27013	:	683;
	27014	:	683;
	27015	:	683;
	27016	:	683;
	27017	:	683;
	27018	:	683;
	27019	:	683;
	27020	:	683;
	27021	:	683;
	27022	:	683;
	27023	:	683;
	27024	:	682;
	27025	:	682;
	27026	:	683;
	27027	:	682;
	27028	:	682;
	27029	:	683;
	27030	:	683;
	27031	:	682;
	27032	:	682;
	27033	:	673;
	27034	:	773;
	27035	:	fec;
	27036	:	fdc;
	27037	:	fdc;
	27038	:	fdc;
	27039	:	fdc;
	27040	:	fcc;
	27041	:	fdc;
	27042	:	fdc;
	27043	:	fcc;
	27044	:	ecc;
	27045	:	ecb;
	27046	:	ecb;
	27047	:	ca9;
	27048	:	ebb;
	27049	:	ecc;
	27050	:	dbb;
	27051	:	ecb;
	27052	:	ecb;
	27053	:	ecb;
	27054	:	dbb;
	27055	:	cba;
	27056	:	987;
	27057	:	444;
	27058	:	444;
	27059	:	333;
	27060	:	333;
	27061	:	333;
	27062	:	333;
	27063	:	444;
	27064	:	433;
	27065	:	444;
	27066	:	544;
	27067	:	322;
	27068	:	876;
	27069	:	977;
	27070	:	b88;
	27071	:	a77;
	27072	:	c99;
	27073	:	eaa;
	27074	:	c88;
	27075	:	fde;
	27076	:	ebb;
	27077	:	a55;
	27078	:	c88;
	27079	:	c88;
	27080	:	fcd;
	27081	:	fde;
	27082	:	dab;
	27083	:	daa;
	27084	:	b77;
	27085	:	c99;
	27086	:	955;
	27087	:	955;
	27088	:	944;
	27089	:	c88;
	27090	:	b88;
	27091	:	c77;
	27092	:	d99;
	27093	:	eaa;
	27094	:	e9a;
	27095	:	e99;
	27096	:	e99;
	27097	:	c77;
	27098	:	c77;
	27099	:	d77;
	27100	:	d66;
	27101	:	d55;
	27102	:	c44;
	27103	:	b43;
	27104	:	b33;
	27105	:	b33;
	27106	:	b33;
	27107	:	b33;
	27108	:	c43;
	27109	:	c54;
	27110	:	d54;
	27111	:	d54;
	27112	:	d54;
	27113	:	c44;
	27114	:	c43;
	27115	:	c43;
	27116	:	c44;
	27117	:	c44;
	27118	:	c43;
	27119	:	c43;
	27120	:	c43;
	27121	:	c44;
	27122	:	c44;
	27123	:	c43;
	27124	:	c33;
	27125	:	c33;
	27126	:	b33;
	27127	:	b33;
	27128	:	b33;
	27129	:	b33;
	27130	:	b33;
	27131	:	b33;
	27132	:	b33;
	27133	:	b33;
	27134	:	c33;
	27135	:	b32;
	27136	:	582;
	27137	:	482;
	27138	:	472;
	27139	:	572;
	27140	:	472;
	27141	:	472;
	27142	:	572;
	27143	:	472;
	27144	:	572;
	27145	:	472;
	27146	:	572;
	27147	:	572;
	27148	:	572;
	27149	:	573;
	27150	:	676;
	27151	:	555;
	27152	:	454;
	27153	:	555;
	27154	:	555;
	27155	:	566;
	27156	:	566;
	27157	:	555;
	27158	:	555;
	27159	:	444;
	27160	:	444;
	27161	:	555;
	27162	:	555;
	27163	:	555;
	27164	:	555;
	27165	:	444;
	27166	:	555;
	27167	:	444;
	27168	:	444;
	27169	:	555;
	27170	:	444;
	27171	:	555;
	27172	:	444;
	27173	:	cbb;
	27174	:	ddd;
	27175	:	dcd;
	27176	:	dcc;
	27177	:	dbb;
	27178	:	cbb;
	27179	:	ede;
	27180	:	ecd;
	27181	:	dcc;
	27182	:	fee;
	27183	:	edd;
	27184	:	fdd;
	27185	:	fee;
	27186	:	322;
	27187	:	ecc;
	27188	:	988;
	27189	:	988;
	27190	:	edd;
	27191	:	bab;
	27192	:	332;
	27193	:	dcc;
	27194	:	222;
	27195	:	776;
	27196	:	bba;
	27197	:	655;
	27198	:	eee;
	27199	:	988;
	27200	:	443;
	27201	:	332;
	27202	:	453;
	27203	:	573;
	27204	:	572;
	27205	:	672;
	27206	:	682;
	27207	:	571;
	27208	:	682;
	27209	:	682;
	27210	:	793;
	27211	:	7a5;
	27212	:	8b7;
	27213	:	795;
	27214	:	7a7;
	27215	:	7a8;
	27216	:	8b9;
	27217	:	acb;
	27218	:	ded;
	27219	:	edc;
	27220	:	edc;
	27221	:	edc;
	27222	:	edc;
	27223	:	edc;
	27224	:	edc;
	27225	:	ddb;
	27226	:	ddb;
	27227	:	cca;
	27228	:	bb8;
	27229	:	aa7;
	27230	:	996;
	27231	:	895;
	27232	:	785;
	27233	:	785;
	27234	:	896;
	27235	:	896;
	27236	:	997;
	27237	:	aa8;
	27238	:	ab9;
	27239	:	bb9;
	27240	:	bba;
	27241	:	cca;
	27242	:	cca;
	27243	:	cca;
	27244	:	cca;
	27245	:	cc9;
	27246	:	bb9;
	27247	:	bb9;
	27248	:	bb8;
	27249	:	ab8;
	27250	:	aa7;
	27251	:	9a6;
	27252	:	996;
	27253	:	895;
	27254	:	895;
	27255	:	895;
	27256	:	895;
	27257	:	894;
	27258	:	794;
	27259	:	784;
	27260	:	784;
	27261	:	784;
	27262	:	784;
	27263	:	784;
	27264	:	784;
	27265	:	683;
	27266	:	683;
	27267	:	683;
	27268	:	683;
	27269	:	683;
	27270	:	683;
	27271	:	683;
	27272	:	683;
	27273	:	683;
	27274	:	683;
	27275	:	683;
	27276	:	683;
	27277	:	683;
	27278	:	683;
	27279	:	683;
	27280	:	682;
	27281	:	682;
	27282	:	683;
	27283	:	682;
	27284	:	682;
	27285	:	683;
	27286	:	683;
	27287	:	682;
	27288	:	682;
	27289	:	673;
	27290	:	773;
	27291	:	fec;
	27292	:	fdc;
	27293	:	fdc;
	27294	:	fdc;
	27295	:	fdc;
	27296	:	fcc;
	27297	:	fdc;
	27298	:	fdc;
	27299	:	fcc;
	27300	:	ecc;
	27301	:	ecb;
	27302	:	ecb;
	27303	:	ca9;
	27304	:	ebb;
	27305	:	ecc;
	27306	:	dbb;
	27307	:	ecb;
	27308	:	ecb;
	27309	:	ecb;
	27310	:	dbb;
	27311	:	cba;
	27312	:	987;
	27313	:	444;
	27314	:	444;
	27315	:	333;
	27316	:	333;
	27317	:	333;
	27318	:	333;
	27319	:	444;
	27320	:	433;
	27321	:	444;
	27322	:	544;
	27323	:	322;
	27324	:	876;
	27325	:	977;
	27326	:	b88;
	27327	:	a77;
	27328	:	c99;
	27329	:	eaa;
	27330	:	c88;
	27331	:	fde;
	27332	:	ebb;
	27333	:	a55;
	27334	:	c88;
	27335	:	c88;
	27336	:	fcd;
	27337	:	fde;
	27338	:	dab;
	27339	:	daa;
	27340	:	b77;
	27341	:	c99;
	27342	:	955;
	27343	:	955;
	27344	:	944;
	27345	:	c88;
	27346	:	b88;
	27347	:	c77;
	27348	:	d99;
	27349	:	eaa;
	27350	:	e9a;
	27351	:	e99;
	27352	:	e99;
	27353	:	c77;
	27354	:	c77;
	27355	:	d77;
	27356	:	d66;
	27357	:	d55;
	27358	:	c44;
	27359	:	b43;
	27360	:	b33;
	27361	:	b33;
	27362	:	b33;
	27363	:	b33;
	27364	:	c43;
	27365	:	c54;
	27366	:	d54;
	27367	:	d54;
	27368	:	d54;
	27369	:	c44;
	27370	:	c43;
	27371	:	c43;
	27372	:	c44;
	27373	:	c44;
	27374	:	c43;
	27375	:	c43;
	27376	:	c43;
	27377	:	c44;
	27378	:	c44;
	27379	:	c43;
	27380	:	c33;
	27381	:	c33;
	27382	:	b33;
	27383	:	b33;
	27384	:	b33;
	27385	:	b33;
	27386	:	b33;
	27387	:	b33;
	27388	:	b33;
	27389	:	b33;
	27390	:	c33;
	27391	:	b32;
	27392	:	482;
	27393	:	572;
	27394	:	472;
	27395	:	471;
	27396	:	472;
	27397	:	572;
	27398	:	472;
	27399	:	472;
	27400	:	582;
	27401	:	572;
	27402	:	572;
	27403	:	572;
	27404	:	572;
	27405	:	573;
	27406	:	565;
	27407	:	444;
	27408	:	455;
	27409	:	555;
	27410	:	556;
	27411	:	566;
	27412	:	555;
	27413	:	445;
	27414	:	444;
	27415	:	455;
	27416	:	555;
	27417	:	555;
	27418	:	555;
	27419	:	666;
	27420	:	445;
	27421	:	555;
	27422	:	444;
	27423	:	554;
	27424	:	444;
	27425	:	444;
	27426	:	444;
	27427	:	555;
	27428	:	555;
	27429	:	baa;
	27430	:	dcc;
	27431	:	dcd;
	27432	:	cbc;
	27433	:	dcc;
	27434	:	edd;
	27435	:	bab;
	27436	:	cbc;
	27437	:	988;
	27438	:	ede;
	27439	:	fee;
	27440	:	fde;
	27441	:	766;
	27442	:	cbb;
	27443	:	dcd;
	27444	:	322;
	27445	:	edd;
	27446	:	edd;
	27447	:	433;
	27448	:	dcc;
	27449	:	777;
	27450	:	fee;
	27451	:	bba;
	27452	:	333;
	27453	:	aa9;
	27454	:	333;
	27455	:	333;
	27456	:	edd;
	27457	:	aa9;
	27458	:	443;
	27459	:	452;
	27460	:	452;
	27461	:	573;
	27462	:	682;
	27463	:	572;
	27464	:	682;
	27465	:	572;
	27466	:	683;
	27467	:	693;
	27468	:	795;
	27469	:	7a7;
	27470	:	797;
	27471	:	697;
	27472	:	8ba;
	27473	:	8bb;
	27474	:	acb;
	27475	:	ddb;
	27476	:	edc;
	27477	:	edc;
	27478	:	edc;
	27479	:	edc;
	27480	:	edc;
	27481	:	ccb;
	27482	:	cca;
	27483	:	bb9;
	27484	:	9a7;
	27485	:	996;
	27486	:	896;
	27487	:	785;
	27488	:	785;
	27489	:	896;
	27490	:	896;
	27491	:	9a7;
	27492	:	aa8;
	27493	:	bb9;
	27494	:	bba;
	27495	:	cba;
	27496	:	cca;
	27497	:	cca;
	27498	:	cca;
	27499	:	cca;
	27500	:	cca;
	27501	:	bb9;
	27502	:	bb9;
	27503	:	bb8;
	27504	:	ab8;
	27505	:	aa7;
	27506	:	9a6;
	27507	:	996;
	27508	:	895;
	27509	:	895;
	27510	:	895;
	27511	:	895;
	27512	:	895;
	27513	:	784;
	27514	:	784;
	27515	:	784;
	27516	:	794;
	27517	:	784;
	27518	:	784;
	27519	:	784;
	27520	:	783;
	27521	:	683;
	27522	:	683;
	27523	:	683;
	27524	:	683;
	27525	:	683;
	27526	:	683;
	27527	:	683;
	27528	:	682;
	27529	:	683;
	27530	:	683;
	27531	:	682;
	27532	:	682;
	27533	:	683;
	27534	:	682;
	27535	:	682;
	27536	:	682;
	27537	:	682;
	27538	:	682;
	27539	:	682;
	27540	:	682;
	27541	:	682;
	27542	:	682;
	27543	:	682;
	27544	:	682;
	27545	:	672;
	27546	:	673;
	27547	:	edb;
	27548	:	fdc;
	27549	:	ecb;
	27550	:	fed;
	27551	:	fdc;
	27552	:	fdc;
	27553	:	ecb;
	27554	:	ecb;
	27555	:	fcc;
	27556	:	fcc;
	27557	:	ecb;
	27558	:	ecb;
	27559	:	ecb;
	27560	:	dbb;
	27561	:	ecb;
	27562	:	ecc;
	27563	:	dbb;
	27564	:	ecb;
	27565	:	ecb;
	27566	:	dbb;
	27567	:	cba;
	27568	:	ba9;
	27569	:	544;
	27570	:	333;
	27571	:	333;
	27572	:	333;
	27573	:	333;
	27574	:	433;
	27575	:	444;
	27576	:	444;
	27577	:	444;
	27578	:	433;
	27579	:	322;
	27580	:	654;
	27581	:	866;
	27582	:	b99;
	27583	:	966;
	27584	:	a77;
	27585	:	a77;
	27586	:	d9a;
	27587	:	ebb;
	27588	:	fcc;
	27589	:	c88;
	27590	:	a55;
	27591	:	d99;
	27592	:	a67;
	27593	:	d99;
	27594	:	fcd;
	27595	:	fdd;
	27596	:	fcc;
	27597	:	fbb;
	27598	:	fcc;
	27599	:	fcc;
	27600	:	eaa;
	27601	:	fcc;
	27602	:	fee;
	27603	:	d89;
	27604	:	955;
	27605	:	b66;
	27606	:	934;
	27607	:	933;
	27608	:	933;
	27609	:	a44;
	27610	:	a33;
	27611	:	a33;
	27612	:	c54;
	27613	:	c44;
	27614	:	c43;
	27615	:	c54;
	27616	:	d54;
	27617	:	c43;
	27618	:	c33;
	27619	:	b33;
	27620	:	c33;
	27621	:	c44;
	27622	:	c44;
	27623	:	c54;
	27624	:	c44;
	27625	:	d54;
	27626	:	d54;
	27627	:	d55;
	27628	:	d54;
	27629	:	e55;
	27630	:	d44;
	27631	:	c43;
	27632	:	c33;
	27633	:	c33;
	27634	:	c43;
	27635	:	c43;
	27636	:	c33;
	27637	:	c33;
	27638	:	c43;
	27639	:	c33;
	27640	:	b33;
	27641	:	b32;
	27642	:	b33;
	27643	:	b33;
	27644	:	c33;
	27645	:	c33;
	27646	:	b33;
	27647	:	b33;
	27648	:	482;
	27649	:	472;
	27650	:	472;
	27651	:	472;
	27652	:	472;
	27653	:	472;
	27654	:	572;
	27655	:	572;
	27656	:	472;
	27657	:	572;
	27658	:	572;
	27659	:	572;
	27660	:	573;
	27661	:	676;
	27662	:	444;
	27663	:	455;
	27664	:	555;
	27665	:	566;
	27666	:	566;
	27667	:	455;
	27668	:	444;
	27669	:	444;
	27670	:	455;
	27671	:	454;
	27672	:	454;
	27673	:	555;
	27674	:	444;
	27675	:	555;
	27676	:	444;
	27677	:	444;
	27678	:	444;
	27679	:	444;
	27680	:	554;
	27681	:	444;
	27682	:	555;
	27683	:	555;
	27684	:	555;
	27685	:	655;
	27686	:	dcc;
	27687	:	dcd;
	27688	:	cbc;
	27689	:	dcc;
	27690	:	baa;
	27691	:	cbb;
	27692	:	a99;
	27693	:	dcc;
	27694	:	fee;
	27695	:	dcc;
	27696	:	878;
	27697	:	a99;
	27698	:	baa;
	27699	:	767;
	27700	:	988;
	27701	:	ddd;
	27702	:	dcc;
	27703	:	444;
	27704	:	eee;
	27705	:	ede;
	27706	:	766;
	27707	:	333;
	27708	:	eee;
	27709	:	878;
	27710	:	322;
	27711	:	ddd;
	27712	:	766;
	27713	:	443;
	27714	:	bba;
	27715	:	887;
	27716	:	553;
	27717	:	562;
	27718	:	572;
	27719	:	682;
	27720	:	582;
	27721	:	682;
	27722	:	793;
	27723	:	683;
	27724	:	693;
	27725	:	695;
	27726	:	687;
	27727	:	7a9;
	27728	:	698;
	27729	:	8ba;
	27730	:	9cb;
	27731	:	eed;
	27732	:	ddc;
	27733	:	eec;
	27734	:	eec;
	27735	:	ddb;
	27736	:	dcb;
	27737	:	cca;
	27738	:	bb9;
	27739	:	bb8;
	27740	:	9a7;
	27741	:	896;
	27742	:	785;
	27743	:	785;
	27744	:	896;
	27745	:	896;
	27746	:	9a7;
	27747	:	aa8;
	27748	:	aa9;
	27749	:	bba;
	27750	:	cca;
	27751	:	ccb;
	27752	:	ccb;
	27753	:	ccb;
	27754	:	cca;
	27755	:	cca;
	27756	:	cca;
	27757	:	bb9;
	27758	:	bb8;
	27759	:	ab8;
	27760	:	aa7;
	27761	:	9a6;
	27762	:	9a6;
	27763	:	895;
	27764	:	895;
	27765	:	895;
	27766	:	895;
	27767	:	895;
	27768	:	795;
	27769	:	895;
	27770	:	794;
	27771	:	784;
	27772	:	784;
	27773	:	784;
	27774	:	784;
	27775	:	784;
	27776	:	783;
	27777	:	683;
	27778	:	683;
	27779	:	683;
	27780	:	683;
	27781	:	683;
	27782	:	683;
	27783	:	683;
	27784	:	682;
	27785	:	682;
	27786	:	682;
	27787	:	682;
	27788	:	682;
	27789	:	682;
	27790	:	682;
	27791	:	682;
	27792	:	682;
	27793	:	682;
	27794	:	682;
	27795	:	682;
	27796	:	682;
	27797	:	582;
	27798	:	682;
	27799	:	682;
	27800	:	682;
	27801	:	672;
	27802	:	773;
	27803	:	fdb;
	27804	:	ecb;
	27805	:	fcb;
	27806	:	fdc;
	27807	:	fdc;
	27808	:	fcb;
	27809	:	fcc;
	27810	:	fcc;
	27811	:	ecb;
	27812	:	fcb;
	27813	:	fcb;
	27814	:	ecb;
	27815	:	ecb;
	27816	:	ecc;
	27817	:	fdc;
	27818	:	ecb;
	27819	:	ecb;
	27820	:	ecb;
	27821	:	ecb;
	27822	:	dbb;
	27823	:	cbb;
	27824	:	ba9;
	27825	:	544;
	27826	:	444;
	27827	:	333;
	27828	:	333;
	27829	:	333;
	27830	:	333;
	27831	:	444;
	27832	:	443;
	27833	:	444;
	27834	:	322;
	27835	:	322;
	27836	:	433;
	27837	:	544;
	27838	:	765;
	27839	:	a88;
	27840	:	dab;
	27841	:	daa;
	27842	:	a77;
	27843	:	977;
	27844	:	c99;
	27845	:	eaa;
	27846	:	a56;
	27847	:	eab;
	27848	:	fbc;
	27849	:	b77;
	27850	:	b88;
	27851	:	966;
	27852	:	d98;
	27853	:	b77;
	27854	:	fbb;
	27855	:	eaa;
	27856	:	d99;
	27857	:	fcc;
	27858	:	fdd;
	27859	:	fcc;
	27860	:	fbc;
	27861	:	fee;
	27862	:	fdd;
	27863	:	eaa;
	27864	:	fcc;
	27865	:	d88;
	27866	:	b66;
	27867	:	a54;
	27868	:	b44;
	27869	:	b44;
	27870	:	b43;
	27871	:	c43;
	27872	:	b33;
	27873	:	c33;
	27874	:	c43;
	27875	:	c33;
	27876	:	c43;
	27877	:	c33;
	27878	:	c44;
	27879	:	c43;
	27880	:	c43;
	27881	:	c43;
	27882	:	c43;
	27883	:	c43;
	27884	:	c43;
	27885	:	c43;
	27886	:	c43;
	27887	:	d44;
	27888	:	d44;
	27889	:	d54;
	27890	:	d44;
	27891	:	d44;
	27892	:	c33;
	27893	:	c33;
	27894	:	c33;
	27895	:	c33;
	27896	:	c43;
	27897	:	c43;
	27898	:	c33;
	27899	:	c33;
	27900	:	c33;
	27901	:	c33;
	27902	:	c43;
	27903	:	c33;
	27904	:	482;
	27905	:	472;
	27906	:	472;
	27907	:	472;
	27908	:	472;
	27909	:	472;
	27910	:	472;
	27911	:	472;
	27912	:	472;
	27913	:	472;
	27914	:	572;
	27915	:	473;
	27916	:	786;
	27917	:	555;
	27918	:	455;
	27919	:	555;
	27920	:	556;
	27921	:	556;
	27922	:	455;
	27923	:	444;
	27924	:	444;
	27925	:	444;
	27926	:	444;
	27927	:	455;
	27928	:	555;
	27929	:	444;
	27930	:	444;
	27931	:	555;
	27932	:	555;
	27933	:	444;
	27934	:	444;
	27935	:	555;
	27936	:	555;
	27937	:	555;
	27938	:	444;
	27939	:	444;
	27940	:	444;
	27941	:	433;
	27942	:	cbb;
	27943	:	ccc;
	27944	:	cab;
	27945	:	cbb;
	27946	:	dbc;
	27947	:	baa;
	27948	:	baa;
	27949	:	dcc;
	27950	:	dcd;
	27951	:	cbb;
	27952	:	baa;
	27953	:	544;
	27954	:	dcc;
	27955	:	433;
	27956	:	edd;
	27957	:	baa;
	27958	:	777;
	27959	:	cbb;
	27960	:	ddd;
	27961	:	989;
	27962	:	544;
	27963	:	999;
	27964	:	cbb;
	27965	:	323;
	27966	:	888;
	27967	:	444;
	27968	:	aaa;
	27969	:	776;
	27970	:	cbb;
	27971	:	fff;
	27972	:	ffe;
	27973	:	886;
	27974	:	562;
	27975	:	461;
	27976	:	571;
	27977	:	572;
	27978	:	571;
	27979	:	793;
	27980	:	793;
	27981	:	684;
	27982	:	798;
	27983	:	7a9;
	27984	:	8ba;
	27985	:	7aa;
	27986	:	7aa;
	27987	:	9bb;
	27988	:	eed;
	27989	:	eec;
	27990	:	edc;
	27991	:	ddb;
	27992	:	cca;
	27993	:	bca;
	27994	:	bb9;
	27995	:	9a7;
	27996	:	896;
	27997	:	895;
	27998	:	785;
	27999	:	896;
	28000	:	997;
	28001	:	9a8;
	28002	:	ab9;
	28003	:	bb9;
	28004	:	bba;
	28005	:	cca;
	28006	:	dcb;
	28007	:	ddb;
	28008	:	ccb;
	28009	:	ccb;
	28010	:	cca;
	28011	:	cca;
	28012	:	bb9;
	28013	:	bb9;
	28014	:	ab8;
	28015	:	aa7;
	28016	:	aa7;
	28017	:	9a6;
	28018	:	895;
	28019	:	895;
	28020	:	895;
	28021	:	795;
	28022	:	795;
	28023	:	785;
	28024	:	785;
	28025	:	784;
	28026	:	784;
	28027	:	795;
	28028	:	794;
	28029	:	784;
	28030	:	784;
	28031	:	784;
	28032	:	784;
	28033	:	683;
	28034	:	683;
	28035	:	683;
	28036	:	683;
	28037	:	683;
	28038	:	682;
	28039	:	682;
	28040	:	682;
	28041	:	682;
	28042	:	682;
	28043	:	682;
	28044	:	682;
	28045	:	682;
	28046	:	682;
	28047	:	682;
	28048	:	682;
	28049	:	682;
	28050	:	582;
	28051	:	682;
	28052	:	582;
	28053	:	682;
	28054	:	682;
	28055	:	582;
	28056	:	682;
	28057	:	672;
	28058	:	673;
	28059	:	fdb;
	28060	:	ecb;
	28061	:	fdc;
	28062	:	fcc;
	28063	:	fdc;
	28064	:	ecb;
	28065	:	fcb;
	28066	:	ecb;
	28067	:	ecb;
	28068	:	ecb;
	28069	:	ecb;
	28070	:	ecb;
	28071	:	ecb;
	28072	:	ecb;
	28073	:	ecb;
	28074	:	eba;
	28075	:	ecb;
	28076	:	ecb;
	28077	:	ecb;
	28078	:	dbb;
	28079	:	dcb;
	28080	:	baa;
	28081	:	544;
	28082	:	333;
	28083	:	333;
	28084	:	333;
	28085	:	333;
	28086	:	333;
	28087	:	333;
	28088	:	443;
	28089	:	433;
	28090	:	322;
	28091	:	322;
	28092	:	322;
	28093	:	222;
	28094	:	655;
	28095	:	a99;
	28096	:	caa;
	28097	:	ecc;
	28098	:	ecc;
	28099	:	dab;
	28100	:	b88;
	28101	:	dab;
	28102	:	fbc;
	28103	:	eab;
	28104	:	fdd;
	28105	:	fde;
	28106	:	ecc;
	28107	:	ebc;
	28108	:	a77;
	28109	:	944;
	28110	:	955;
	28111	:	b66;
	28112	:	955;
	28113	:	ebb;
	28114	:	c99;
	28115	:	b88;
	28116	:	ebb;
	28117	:	ebb;
	28118	:	c88;
	28119	:	fbb;
	28120	:	d98;
	28121	:	c77;
	28122	:	c77;
	28123	:	e99;
	28124	:	d66;
	28125	:	c55;
	28126	:	c44;
	28127	:	c43;
	28128	:	c33;
	28129	:	b33;
	28130	:	b33;
	28131	:	b33;
	28132	:	b33;
	28133	:	c44;
	28134	:	c43;
	28135	:	c43;
	28136	:	c43;
	28137	:	c33;
	28138	:	c43;
	28139	:	c43;
	28140	:	c43;
	28141	:	c43;
	28142	:	c33;
	28143	:	c33;
	28144	:	c33;
	28145	:	c33;
	28146	:	c43;
	28147	:	c33;
	28148	:	c33;
	28149	:	c43;
	28150	:	c43;
	28151	:	c33;
	28152	:	c33;
	28153	:	c33;
	28154	:	c43;
	28155	:	c43;
	28156	:	c43;
	28157	:	c43;
	28158	:	c43;
	28159	:	c43;
	28160	:	482;
	28161	:	482;
	28162	:	472;
	28163	:	472;
	28164	:	472;
	28165	:	472;
	28166	:	582;
	28167	:	472;
	28168	:	572;
	28169	:	572;
	28170	:	572;
	28171	:	685;
	28172	:	666;
	28173	:	444;
	28174	:	555;
	28175	:	556;
	28176	:	566;
	28177	:	455;
	28178	:	444;
	28179	:	444;
	28180	:	444;
	28181	:	444;
	28182	:	444;
	28183	:	444;
	28184	:	444;
	28185	:	444;
	28186	:	444;
	28187	:	444;
	28188	:	444;
	28189	:	444;
	28190	:	555;
	28191	:	555;
	28192	:	433;
	28193	:	433;
	28194	:	333;
	28195	:	444;
	28196	:	333;
	28197	:	433;
	28198	:	777;
	28199	:	ede;
	28200	:	dbc;
	28201	:	cbb;
	28202	:	ecd;
	28203	:	cbb;
	28204	:	dcc;
	28205	:	a99;
	28206	:	baa;
	28207	:	baa;
	28208	:	988;
	28209	:	edd;
	28210	:	cbc;
	28211	:	cbb;
	28212	:	433;
	28213	:	dcd;
	28214	:	322;
	28215	:	edd;
	28216	:	eee;
	28217	:	bab;
	28218	:	333;
	28219	:	fff;
	28220	:	655;
	28221	:	655;
	28222	:	fff;
	28223	:	ccc;
	28224	:	443;
	28225	:	fff;
	28226	:	fee;
	28227	:	dcc;
	28228	:	caa;
	28229	:	ccb;
	28230	:	ccb;
	28231	:	997;
	28232	:	451;
	28233	:	572;
	28234	:	683;
	28235	:	572;
	28236	:	683;
	28237	:	795;
	28238	:	696;
	28239	:	7a8;
	28240	:	7ba;
	28241	:	8cb;
	28242	:	7aa;
	28243	:	7bb;
	28244	:	bdc;
	28245	:	eed;
	28246	:	ddc;
	28247	:	ccb;
	28248	:	cca;
	28249	:	bb9;
	28250	:	aa8;
	28251	:	997;
	28252	:	785;
	28253	:	785;
	28254	:	896;
	28255	:	997;
	28256	:	aa8;
	28257	:	ab9;
	28258	:	bba;
	28259	:	bba;
	28260	:	ccb;
	28261	:	ccb;
	28262	:	ddc;
	28263	:	ccb;
	28264	:	ddb;
	28265	:	ccb;
	28266	:	cca;
	28267	:	bca;
	28268	:	bc9;
	28269	:	bb8;
	28270	:	aa7;
	28271	:	9a6;
	28272	:	895;
	28273	:	895;
	28274	:	895;
	28275	:	795;
	28276	:	795;
	28277	:	794;
	28278	:	795;
	28279	:	785;
	28280	:	785;
	28281	:	784;
	28282	:	795;
	28283	:	795;
	28284	:	784;
	28285	:	784;
	28286	:	784;
	28287	:	684;
	28288	:	683;
	28289	:	683;
	28290	:	683;
	28291	:	683;
	28292	:	683;
	28293	:	682;
	28294	:	682;
	28295	:	682;
	28296	:	682;
	28297	:	682;
	28298	:	682;
	28299	:	682;
	28300	:	682;
	28301	:	682;
	28302	:	682;
	28303	:	682;
	28304	:	682;
	28305	:	582;
	28306	:	682;
	28307	:	682;
	28308	:	582;
	28309	:	682;
	28310	:	582;
	28311	:	582;
	28312	:	682;
	28313	:	682;
	28314	:	673;
	28315	:	feb;
	28316	:	fdc;
	28317	:	fdd;
	28318	:	fdc;
	28319	:	fdc;
	28320	:	ecb;
	28321	:	ecb;
	28322	:	ecb;
	28323	:	ecb;
	28324	:	fcc;
	28325	:	ecb;
	28326	:	eba;
	28327	:	ecb;
	28328	:	eba;
	28329	:	eba;
	28330	:	ecb;
	28331	:	ebb;
	28332	:	ebb;
	28333	:	dbb;
	28334	:	dbb;
	28335	:	dbb;
	28336	:	caa;
	28337	:	655;
	28338	:	333;
	28339	:	333;
	28340	:	333;
	28341	:	333;
	28342	:	333;
	28343	:	333;
	28344	:	333;
	28345	:	433;
	28346	:	332;
	28347	:	333;
	28348	:	333;
	28349	:	333;
	28350	:	222;
	28351	:	433;
	28352	:	877;
	28353	:	655;
	28354	:	ecc;
	28355	:	fdd;
	28356	:	dbc;
	28357	:	c9a;
	28358	:	b88;
	28359	:	b89;
	28360	:	ebb;
	28361	:	fcc;
	28362	:	fde;
	28363	:	dbb;
	28364	:	ebb;
	28365	:	ebb;
	28366	:	eaa;
	28367	:	a66;
	28368	:	b77;
	28369	:	833;
	28370	:	955;
	28371	:	daa;
	28372	:	c9a;
	28373	:	c9a;
	28374	:	b67;
	28375	:	933;
	28376	:	a55;
	28377	:	c65;
	28378	:	a44;
	28379	:	b55;
	28380	:	c55;
	28381	:	b33;
	28382	:	c44;
	28383	:	d54;
	28384	:	c43;
	28385	:	c44;
	28386	:	b33;
	28387	:	b33;
	28388	:	b33;
	28389	:	c44;
	28390	:	d54;
	28391	:	c44;
	28392	:	c33;
	28393	:	c33;
	28394	:	c33;
	28395	:	c33;
	28396	:	c33;
	28397	:	c33;
	28398	:	b32;
	28399	:	c33;
	28400	:	c33;
	28401	:	c44;
	28402	:	c43;
	28403	:	c33;
	28404	:	c43;
	28405	:	b33;
	28406	:	c33;
	28407	:	c43;
	28408	:	c33;
	28409	:	b33;
	28410	:	c33;
	28411	:	c33;
	28412	:	c43;
	28413	:	b33;
	28414	:	c33;
	28415	:	c43;
	28416	:	472;
	28417	:	472;
	28418	:	472;
	28419	:	472;
	28420	:	472;
	28421	:	472;
	28422	:	472;
	28423	:	572;
	28424	:	472;
	28425	:	472;
	28426	:	787;
	28427	:	555;
	28428	:	555;
	28429	:	555;
	28430	:	555;
	28431	:	455;
	28432	:	444;
	28433	:	334;
	28434	:	444;
	28435	:	444;
	28436	:	444;
	28437	:	444;
	28438	:	444;
	28439	:	444;
	28440	:	555;
	28441	:	444;
	28442	:	444;
	28443	:	444;
	28444	:	555;
	28445	:	334;
	28446	:	333;
	28447	:	444;
	28448	:	433;
	28449	:	444;
	28450	:	444;
	28451	:	444;
	28452	:	444;
	28453	:	444;
	28454	:	333;
	28455	:	cbb;
	28456	:	dcd;
	28457	:	dcd;
	28458	:	bab;
	28459	:	bbb;
	28460	:	988;
	28461	:	baa;
	28462	:	a88;
	28463	:	dbb;
	28464	:	cab;
	28465	:	545;
	28466	:	544;
	28467	:	dcc;
	28468	:	cbc;
	28469	:	767;
	28470	:	edd;
	28471	:	ede;
	28472	:	877;
	28473	:	333;
	28474	:	ede;
	28475	:	a9a;
	28476	:	aaa;
	28477	:	cbc;
	28478	:	322;
	28479	:	fee;
	28480	:	cbb;
	28481	:	fee;
	28482	:	877;
	28483	:	332;
	28484	:	654;
	28485	:	554;
	28486	:	332;
	28487	:	987;
	28488	:	baa;
	28489	:	553;
	28490	:	572;
	28491	:	683;
	28492	:	683;
	28493	:	583;
	28494	:	694;
	28495	:	7a7;
	28496	:	697;
	28497	:	698;
	28498	:	7a9;
	28499	:	7bb;
	28500	:	7bb;
	28501	:	9bc;
	28502	:	ccb;
	28503	:	bca;
	28504	:	bb9;
	28505	:	aa8;
	28506	:	897;
	28507	:	896;
	28508	:	897;
	28509	:	9a8;
	28510	:	aa9;
	28511	:	aba;
	28512	:	bcb;
	28513	:	bcb;
	28514	:	ccb;
	28515	:	cdc;
	28516	:	ddc;
	28517	:	ddc;
	28518	:	ddc;
	28519	:	ddb;
	28520	:	cca;
	28521	:	cca;
	28522	:	bc9;
	28523	:	bb8;
	28524	:	ab7;
	28525	:	9a6;
	28526	:	895;
	28527	:	895;
	28528	:	795;
	28529	:	795;
	28530	:	784;
	28531	:	785;
	28532	:	785;
	28533	:	785;
	28534	:	795;
	28535	:	795;
	28536	:	795;
	28537	:	795;
	28538	:	795;
	28539	:	795;
	28540	:	784;
	28541	:	784;
	28542	:	684;
	28543	:	683;
	28544	:	683;
	28545	:	683;
	28546	:	683;
	28547	:	682;
	28548	:	683;
	28549	:	682;
	28550	:	682;
	28551	:	682;
	28552	:	682;
	28553	:	682;
	28554	:	682;
	28555	:	682;
	28556	:	582;
	28557	:	682;
	28558	:	582;
	28559	:	682;
	28560	:	582;
	28561	:	682;
	28562	:	682;
	28563	:	682;
	28564	:	582;
	28565	:	582;
	28566	:	682;
	28567	:	682;
	28568	:	682;
	28569	:	672;
	28570	:	672;
	28571	:	eeb;
	28572	:	fdc;
	28573	:	fed;
	28574	:	fdc;
	28575	:	fcc;
	28576	:	ecb;
	28577	:	fcc;
	28578	:	ecb;
	28579	:	ebb;
	28580	:	ecb;
	28581	:	ebb;
	28582	:	ecb;
	28583	:	eba;
	28584	:	eba;
	28585	:	ecb;
	28586	:	ecb;
	28587	:	dbb;
	28588	:	ebb;
	28589	:	dba;
	28590	:	dbb;
	28591	:	dbb;
	28592	:	cba;
	28593	:	777;
	28594	:	444;
	28595	:	333;
	28596	:	333;
	28597	:	444;
	28598	:	333;
	28599	:	332;
	28600	:	333;
	28601	:	333;
	28602	:	322;
	28603	:	444;
	28604	:	555;
	28605	:	444;
	28606	:	333;
	28607	:	544;
	28608	:	777;
	28609	:	767;
	28610	:	666;
	28611	:	544;
	28612	:	977;
	28613	:	ebc;
	28614	:	fcd;
	28615	:	dab;
	28616	:	fcd;
	28617	:	dab;
	28618	:	dab;
	28619	:	b88;
	28620	:	ebb;
	28621	:	c9a;
	28622	:	a78;
	28623	:	ebb;
	28624	:	dab;
	28625	:	ebc;
	28626	:	dab;
	28627	:	d9a;
	28628	:	c9a;
	28629	:	c9a;
	28630	:	dab;
	28631	:	ebb;
	28632	:	fbb;
	28633	:	c88;
	28634	:	b66;
	28635	:	a44;
	28636	:	b43;
	28637	:	b33;
	28638	:	b43;
	28639	:	b33;
	28640	:	b33;
	28641	:	b33;
	28642	:	b33;
	28643	:	b33;
	28644	:	c33;
	28645	:	c33;
	28646	:	c33;
	28647	:	c33;
	28648	:	c33;
	28649	:	c33;
	28650	:	b33;
	28651	:	b33;
	28652	:	c33;
	28653	:	b32;
	28654	:	c33;
	28655	:	b33;
	28656	:	b33;
	28657	:	c33;
	28658	:	c33;
	28659	:	c33;
	28660	:	b33;
	28661	:	b33;
	28662	:	b33;
	28663	:	b33;
	28664	:	b32;
	28665	:	b33;
	28666	:	b33;
	28667	:	c43;
	28668	:	c43;
	28669	:	b33;
	28670	:	c43;
	28671	:	c43;
	28672	:	472;
	28673	:	472;
	28674	:	472;
	28675	:	472;
	28676	:	472;
	28677	:	472;
	28678	:	472;
	28679	:	572;
	28680	:	472;
	28681	:	472;
	28682	:	787;
	28683	:	555;
	28684	:	555;
	28685	:	555;
	28686	:	555;
	28687	:	455;
	28688	:	444;
	28689	:	334;
	28690	:	444;
	28691	:	444;
	28692	:	444;
	28693	:	444;
	28694	:	444;
	28695	:	444;
	28696	:	555;
	28697	:	444;
	28698	:	444;
	28699	:	444;
	28700	:	555;
	28701	:	334;
	28702	:	333;
	28703	:	444;
	28704	:	433;
	28705	:	444;
	28706	:	444;
	28707	:	444;
	28708	:	444;
	28709	:	444;
	28710	:	333;
	28711	:	cbb;
	28712	:	dcd;
	28713	:	dcd;
	28714	:	bab;
	28715	:	bbb;
	28716	:	988;
	28717	:	baa;
	28718	:	a88;
	28719	:	dbb;
	28720	:	cab;
	28721	:	545;
	28722	:	544;
	28723	:	dcc;
	28724	:	cbc;
	28725	:	767;
	28726	:	edd;
	28727	:	ede;
	28728	:	877;
	28729	:	333;
	28730	:	ede;
	28731	:	a9a;
	28732	:	aaa;
	28733	:	cbc;
	28734	:	322;
	28735	:	fee;
	28736	:	cbb;
	28737	:	fee;
	28738	:	877;
	28739	:	332;
	28740	:	654;
	28741	:	554;
	28742	:	332;
	28743	:	987;
	28744	:	baa;
	28745	:	553;
	28746	:	572;
	28747	:	683;
	28748	:	683;
	28749	:	583;
	28750	:	694;
	28751	:	7a7;
	28752	:	697;
	28753	:	698;
	28754	:	7a9;
	28755	:	7bb;
	28756	:	7bb;
	28757	:	9bc;
	28758	:	ccb;
	28759	:	bca;
	28760	:	bb9;
	28761	:	aa8;
	28762	:	897;
	28763	:	896;
	28764	:	897;
	28765	:	9a8;
	28766	:	aa9;
	28767	:	aba;
	28768	:	bcb;
	28769	:	bcb;
	28770	:	ccb;
	28771	:	cdc;
	28772	:	ddc;
	28773	:	ddc;
	28774	:	ddc;
	28775	:	ddb;
	28776	:	cca;
	28777	:	cca;
	28778	:	bc9;
	28779	:	bb8;
	28780	:	ab7;
	28781	:	9a6;
	28782	:	895;
	28783	:	895;
	28784	:	795;
	28785	:	795;
	28786	:	784;
	28787	:	785;
	28788	:	785;
	28789	:	785;
	28790	:	795;
	28791	:	795;
	28792	:	795;
	28793	:	795;
	28794	:	795;
	28795	:	795;
	28796	:	784;
	28797	:	784;
	28798	:	684;
	28799	:	683;
	28800	:	683;
	28801	:	683;
	28802	:	683;
	28803	:	682;
	28804	:	683;
	28805	:	682;
	28806	:	682;
	28807	:	682;
	28808	:	682;
	28809	:	682;
	28810	:	682;
	28811	:	682;
	28812	:	582;
	28813	:	682;
	28814	:	582;
	28815	:	682;
	28816	:	582;
	28817	:	682;
	28818	:	682;
	28819	:	682;
	28820	:	582;
	28821	:	582;
	28822	:	682;
	28823	:	682;
	28824	:	682;
	28825	:	672;
	28826	:	672;
	28827	:	eeb;
	28828	:	fdc;
	28829	:	fed;
	28830	:	fdc;
	28831	:	fcc;
	28832	:	ecb;
	28833	:	fcc;
	28834	:	ecb;
	28835	:	ebb;
	28836	:	ecb;
	28837	:	ebb;
	28838	:	ecb;
	28839	:	eba;
	28840	:	eba;
	28841	:	ecb;
	28842	:	ecb;
	28843	:	dbb;
	28844	:	ebb;
	28845	:	dba;
	28846	:	dbb;
	28847	:	dbb;
	28848	:	cba;
	28849	:	777;
	28850	:	444;
	28851	:	333;
	28852	:	333;
	28853	:	444;
	28854	:	333;
	28855	:	332;
	28856	:	333;
	28857	:	333;
	28858	:	322;
	28859	:	444;
	28860	:	555;
	28861	:	444;
	28862	:	333;
	28863	:	544;
	28864	:	777;
	28865	:	767;
	28866	:	666;
	28867	:	544;
	28868	:	977;
	28869	:	ebc;
	28870	:	fcd;
	28871	:	dab;
	28872	:	fcd;
	28873	:	dab;
	28874	:	dab;
	28875	:	b88;
	28876	:	ebb;
	28877	:	c9a;
	28878	:	a78;
	28879	:	ebb;
	28880	:	dab;
	28881	:	ebc;
	28882	:	dab;
	28883	:	d9a;
	28884	:	c9a;
	28885	:	c9a;
	28886	:	dab;
	28887	:	ebb;
	28888	:	fbb;
	28889	:	c88;
	28890	:	b66;
	28891	:	a44;
	28892	:	b43;
	28893	:	b33;
	28894	:	b43;
	28895	:	b33;
	28896	:	b33;
	28897	:	b33;
	28898	:	b33;
	28899	:	b33;
	28900	:	c33;
	28901	:	c33;
	28902	:	c33;
	28903	:	c33;
	28904	:	c33;
	28905	:	c33;
	28906	:	b33;
	28907	:	b33;
	28908	:	c33;
	28909	:	b32;
	28910	:	c33;
	28911	:	b33;
	28912	:	b33;
	28913	:	c33;
	28914	:	c33;
	28915	:	c33;
	28916	:	b33;
	28917	:	b33;
	28918	:	b33;
	28919	:	b33;
	28920	:	b32;
	28921	:	b33;
	28922	:	b33;
	28923	:	c43;
	28924	:	c43;
	28925	:	b33;
	28926	:	c43;
	28927	:	c43;
	28928	:	582;
	28929	:	472;
	28930	:	472;
	28931	:	472;
	28932	:	472;
	28933	:	472;
	28934	:	572;
	28935	:	572;
	28936	:	573;
	28937	:	797;
	28938	:	556;
	28939	:	555;
	28940	:	556;
	28941	:	555;
	28942	:	444;
	28943	:	333;
	28944	:	333;
	28945	:	333;
	28946	:	333;
	28947	:	333;
	28948	:	333;
	28949	:	333;
	28950	:	444;
	28951	:	333;
	28952	:	444;
	28953	:	444;
	28954	:	444;
	28955	:	444;
	28956	:	455;
	28957	:	455;
	28958	:	444;
	28959	:	444;
	28960	:	444;
	28961	:	444;
	28962	:	555;
	28963	:	444;
	28964	:	444;
	28965	:	444;
	28966	:	333;
	28967	:	998;
	28968	:	edd;
	28969	:	dcd;
	28970	:	bab;
	28971	:	dcd;
	28972	:	655;
	28973	:	baa;
	28974	:	cbb;
	28975	:	877;
	28976	:	433;
	28977	:	988;
	28978	:	dcc;
	28979	:	a99;
	28980	:	999;
	28981	:	baa;
	28982	:	dcc;
	28983	:	a99;
	28984	:	aa9;
	28985	:	baa;
	28986	:	bbb;
	28987	:	bab;
	28988	:	baa;
	28989	:	ccc;
	28990	:	656;
	28991	:	bbb;
	28992	:	989;
	28993	:	887;
	28994	:	aa9;
	28995	:	aaa;
	28996	:	666;
	28997	:	887;
	28998	:	bba;
	28999	:	766;
	29000	:	887;
	29001	:	998;
	29002	:	672;
	29003	:	672;
	29004	:	682;
	29005	:	684;
	29006	:	684;
	29007	:	685;
	29008	:	696;
	29009	:	697;
	29010	:	698;
	29011	:	699;
	29012	:	7ba;
	29013	:	8bc;
	29014	:	7ab;
	29015	:	9a9;
	29016	:	9a8;
	29017	:	897;
	29018	:	9a8;
	29019	:	9a9;
	29020	:	aba;
	29021	:	bcb;
	29022	:	bcb;
	29023	:	ccc;
	29024	:	ddd;
	29025	:	ddd;
	29026	:	ddd;
	29027	:	ddd;
	29028	:	ddc;
	29029	:	ccb;
	29030	:	ccb;
	29031	:	cca;
	29032	:	bca;
	29033	:	bb9;
	29034	:	aa7;
	29035	:	9a6;
	29036	:	895;
	29037	:	795;
	29038	:	785;
	29039	:	795;
	29040	:	785;
	29041	:	795;
	29042	:	795;
	29043	:	795;
	29044	:	795;
	29045	:	795;
	29046	:	795;
	29047	:	795;
	29048	:	795;
	29049	:	795;
	29050	:	795;
	29051	:	794;
	29052	:	684;
	29053	:	794;
	29054	:	683;
	29055	:	683;
	29056	:	683;
	29057	:	683;
	29058	:	693;
	29059	:	693;
	29060	:	682;
	29061	:	682;
	29062	:	682;
	29063	:	582;
	29064	:	682;
	29065	:	682;
	29066	:	692;
	29067	:	692;
	29068	:	682;
	29069	:	682;
	29070	:	682;
	29071	:	682;
	29072	:	682;
	29073	:	682;
	29074	:	682;
	29075	:	682;
	29076	:	682;
	29077	:	683;
	29078	:	682;
	29079	:	682;
	29080	:	683;
	29081	:	673;
	29082	:	673;
	29083	:	dda;
	29084	:	edc;
	29085	:	ecc;
	29086	:	fdc;
	29087	:	fdc;
	29088	:	ecb;
	29089	:	ecb;
	29090	:	ecb;
	29091	:	ecb;
	29092	:	ecb;
	29093	:	ebb;
	29094	:	ecb;
	29095	:	ecb;
	29096	:	ecb;
	29097	:	eba;
	29098	:	dba;
	29099	:	ebb;
	29100	:	dbb;
	29101	:	dba;
	29102	:	dbb;
	29103	:	dba;
	29104	:	cba;
	29105	:	777;
	29106	:	444;
	29107	:	333;
	29108	:	433;
	29109	:	333;
	29110	:	333;
	29111	:	332;
	29112	:	443;
	29113	:	222;
	29114	:	221;
	29115	:	222;
	29116	:	222;
	29117	:	444;
	29118	:	444;
	29119	:	555;
	29120	:	333;
	29121	:	444;
	29122	:	444;
	29123	:	444;
	29124	:	333;
	29125	:	322;
	29126	:	544;
	29127	:	dbb;
	29128	:	ebc;
	29129	:	ebc;
	29130	:	daa;
	29131	:	fde;
	29132	:	ebc;
	29133	:	dab;
	29134	:	dab;
	29135	:	dab;
	29136	:	c9a;
	29137	:	fdd;
	29138	:	ebc;
	29139	:	fcc;
	29140	:	d99;
	29141	:	d9a;
	29142	:	d9a;
	29143	:	ebb;
	29144	:	dab;
	29145	:	c89;
	29146	:	c89;
	29147	:	c88;
	29148	:	a33;
	29149	:	b43;
	29150	:	b33;
	29151	:	b33;
	29152	:	b33;
	29153	:	b33;
	29154	:	b33;
	29155	:	c43;
	29156	:	c43;
	29157	:	b33;
	29158	:	c33;
	29159	:	c43;
	29160	:	c43;
	29161	:	c43;
	29162	:	b33;
	29163	:	b33;
	29164	:	b33;
	29165	:	b32;
	29166	:	c43;
	29167	:	c43;
	29168	:	c43;
	29169	:	c43;
	29170	:	c43;
	29171	:	c33;
	29172	:	b33;
	29173	:	b32;
	29174	:	b33;
	29175	:	b33;
	29176	:	b33;
	29177	:	c33;
	29178	:	b33;
	29179	:	b33;
	29180	:	c33;
	29181	:	b33;
	29182	:	b33;
	29183	:	b43;
	29184	:	582;
	29185	:	472;
	29186	:	472;
	29187	:	472;
	29188	:	472;
	29189	:	472;
	29190	:	572;
	29191	:	572;
	29192	:	573;
	29193	:	797;
	29194	:	556;
	29195	:	555;
	29196	:	556;
	29197	:	555;
	29198	:	444;
	29199	:	333;
	29200	:	333;
	29201	:	333;
	29202	:	333;
	29203	:	333;
	29204	:	333;
	29205	:	333;
	29206	:	444;
	29207	:	333;
	29208	:	444;
	29209	:	444;
	29210	:	444;
	29211	:	444;
	29212	:	455;
	29213	:	455;
	29214	:	444;
	29215	:	444;
	29216	:	444;
	29217	:	444;
	29218	:	555;
	29219	:	444;
	29220	:	444;
	29221	:	444;
	29222	:	333;
	29223	:	998;
	29224	:	edd;
	29225	:	dcd;
	29226	:	bab;
	29227	:	dcd;
	29228	:	655;
	29229	:	baa;
	29230	:	cbb;
	29231	:	877;
	29232	:	433;
	29233	:	988;
	29234	:	dcc;
	29235	:	a99;
	29236	:	999;
	29237	:	baa;
	29238	:	dcc;
	29239	:	a99;
	29240	:	aa9;
	29241	:	baa;
	29242	:	bbb;
	29243	:	bab;
	29244	:	baa;
	29245	:	ccc;
	29246	:	656;
	29247	:	bbb;
	29248	:	989;
	29249	:	887;
	29250	:	aa9;
	29251	:	aaa;
	29252	:	666;
	29253	:	887;
	29254	:	bba;
	29255	:	766;
	29256	:	887;
	29257	:	998;
	29258	:	672;
	29259	:	672;
	29260	:	682;
	29261	:	684;
	29262	:	684;
	29263	:	685;
	29264	:	696;
	29265	:	697;
	29266	:	698;
	29267	:	699;
	29268	:	7ba;
	29269	:	8bc;
	29270	:	7ab;
	29271	:	9a9;
	29272	:	9a8;
	29273	:	897;
	29274	:	9a8;
	29275	:	9a9;
	29276	:	aba;
	29277	:	bcb;
	29278	:	bcb;
	29279	:	ccc;
	29280	:	ddd;
	29281	:	ddd;
	29282	:	ddd;
	29283	:	ddd;
	29284	:	ddc;
	29285	:	ccb;
	29286	:	ccb;
	29287	:	cca;
	29288	:	bca;
	29289	:	bb9;
	29290	:	aa7;
	29291	:	9a6;
	29292	:	895;
	29293	:	795;
	29294	:	785;
	29295	:	795;
	29296	:	785;
	29297	:	795;
	29298	:	795;
	29299	:	795;
	29300	:	795;
	29301	:	795;
	29302	:	795;
	29303	:	795;
	29304	:	795;
	29305	:	795;
	29306	:	795;
	29307	:	794;
	29308	:	684;
	29309	:	794;
	29310	:	683;
	29311	:	683;
	29312	:	683;
	29313	:	683;
	29314	:	693;
	29315	:	693;
	29316	:	682;
	29317	:	682;
	29318	:	682;
	29319	:	582;
	29320	:	682;
	29321	:	682;
	29322	:	692;
	29323	:	692;
	29324	:	682;
	29325	:	682;
	29326	:	682;
	29327	:	682;
	29328	:	682;
	29329	:	682;
	29330	:	682;
	29331	:	682;
	29332	:	682;
	29333	:	683;
	29334	:	682;
	29335	:	682;
	29336	:	683;
	29337	:	673;
	29338	:	673;
	29339	:	dda;
	29340	:	edc;
	29341	:	ecc;
	29342	:	fdc;
	29343	:	fdc;
	29344	:	ecb;
	29345	:	ecb;
	29346	:	ecb;
	29347	:	ecb;
	29348	:	ecb;
	29349	:	ebb;
	29350	:	ecb;
	29351	:	ecb;
	29352	:	ecb;
	29353	:	eba;
	29354	:	dba;
	29355	:	ebb;
	29356	:	dbb;
	29357	:	dba;
	29358	:	dbb;
	29359	:	dba;
	29360	:	cba;
	29361	:	777;
	29362	:	444;
	29363	:	333;
	29364	:	433;
	29365	:	333;
	29366	:	333;
	29367	:	332;
	29368	:	443;
	29369	:	222;
	29370	:	221;
	29371	:	222;
	29372	:	222;
	29373	:	444;
	29374	:	444;
	29375	:	555;
	29376	:	333;
	29377	:	444;
	29378	:	444;
	29379	:	444;
	29380	:	333;
	29381	:	322;
	29382	:	544;
	29383	:	dbb;
	29384	:	ebc;
	29385	:	ebc;
	29386	:	daa;
	29387	:	fde;
	29388	:	ebc;
	29389	:	dab;
	29390	:	dab;
	29391	:	dab;
	29392	:	c9a;
	29393	:	fdd;
	29394	:	ebc;
	29395	:	fcc;
	29396	:	d99;
	29397	:	d9a;
	29398	:	d9a;
	29399	:	ebb;
	29400	:	dab;
	29401	:	c89;
	29402	:	c89;
	29403	:	c88;
	29404	:	a33;
	29405	:	b43;
	29406	:	b33;
	29407	:	b33;
	29408	:	b33;
	29409	:	b33;
	29410	:	b33;
	29411	:	c43;
	29412	:	c43;
	29413	:	b33;
	29414	:	c33;
	29415	:	c43;
	29416	:	c43;
	29417	:	c43;
	29418	:	b33;
	29419	:	b33;
	29420	:	b33;
	29421	:	b32;
	29422	:	c43;
	29423	:	c43;
	29424	:	c43;
	29425	:	c43;
	29426	:	c43;
	29427	:	c33;
	29428	:	b33;
	29429	:	b32;
	29430	:	b33;
	29431	:	b33;
	29432	:	b33;
	29433	:	c33;
	29434	:	b33;
	29435	:	b33;
	29436	:	c33;
	29437	:	b33;
	29438	:	b33;
	29439	:	b43;
	29440	:	472;
	29441	:	572;
	29442	:	472;
	29443	:	472;
	29444	:	472;
	29445	:	472;
	29446	:	472;
	29447	:	472;
	29448	:	685;
	29449	:	787;
	29450	:	556;
	29451	:	556;
	29452	:	556;
	29453	:	444;
	29454	:	333;
	29455	:	333;
	29456	:	333;
	29457	:	444;
	29458	:	333;
	29459	:	333;
	29460	:	333;
	29461	:	444;
	29462	:	555;
	29463	:	333;
	29464	:	444;
	29465	:	333;
	29466	:	333;
	29467	:	444;
	29468	:	555;
	29469	:	444;
	29470	:	433;
	29471	:	333;
	29472	:	444;
	29473	:	444;
	29474	:	444;
	29475	:	554;
	29476	:	444;
	29477	:	444;
	29478	:	433;
	29479	:	877;
	29480	:	ede;
	29481	:	dcd;
	29482	:	b9a;
	29483	:	cbb;
	29484	:	988;
	29485	:	766;
	29486	:	edd;
	29487	:	dcc;
	29488	:	cbb;
	29489	:	766;
	29490	:	322;
	29491	:	aa9;
	29492	:	edd;
	29493	:	a99;
	29494	:	433;
	29495	:	766;
	29496	:	cbb;
	29497	:	a99;
	29498	:	433;
	29499	:	aaa;
	29500	:	878;
	29501	:	555;
	29502	:	ddd;
	29503	:	bbc;
	29504	:	555;
	29505	:	bba;
	29506	:	998;
	29507	:	333;
	29508	:	222;
	29509	:	887;
	29510	:	aa8;
	29511	:	887;
	29512	:	876;
	29513	:	a98;
	29514	:	562;
	29515	:	572;
	29516	:	572;
	29517	:	462;
	29518	:	574;
	29519	:	574;
	29520	:	586;
	29521	:	697;
	29522	:	698;
	29523	:	699;
	29524	:	6aa;
	29525	:	7aa;
	29526	:	7ab;
	29527	:	8a9;
	29528	:	898;
	29529	:	9a9;
	29530	:	9aa;
	29531	:	aba;
	29532	:	bbb;
	29533	:	ccc;
	29534	:	ccc;
	29535	:	ddd;
	29536	:	ddd;
	29537	:	ddd;
	29538	:	ddd;
	29539	:	ddd;
	29540	:	ddc;
	29541	:	ccb;
	29542	:	ccb;
	29543	:	bca;
	29544	:	bb9;
	29545	:	aa8;
	29546	:	9a6;
	29547	:	896;
	29548	:	795;
	29549	:	796;
	29550	:	796;
	29551	:	896;
	29552	:	896;
	29553	:	896;
	29554	:	796;
	29555	:	796;
	29556	:	796;
	29557	:	796;
	29558	:	896;
	29559	:	795;
	29560	:	895;
	29561	:	795;
	29562	:	794;
	29563	:	794;
	29564	:	684;
	29565	:	683;
	29566	:	683;
	29567	:	683;
	29568	:	683;
	29569	:	693;
	29570	:	682;
	29571	:	693;
	29572	:	682;
	29573	:	682;
	29574	:	682;
	29575	:	692;
	29576	:	682;
	29577	:	682;
	29578	:	682;
	29579	:	682;
	29580	:	682;
	29581	:	682;
	29582	:	683;
	29583	:	682;
	29584	:	682;
	29585	:	682;
	29586	:	682;
	29587	:	682;
	29588	:	683;
	29589	:	572;
	29590	:	683;
	29591	:	683;
	29592	:	672;
	29593	:	673;
	29594	:	673;
	29595	:	cc9;
	29596	:	ecc;
	29597	:	fdc;
	29598	:	fdc;
	29599	:	fdc;
	29600	:	fdc;
	29601	:	ecc;
	29602	:	ecb;
	29603	:	ebb;
	29604	:	ecb;
	29605	:	ebb;
	29606	:	ecb;
	29607	:	ecc;
	29608	:	ecb;
	29609	:	ebb;
	29610	:	eba;
	29611	:	dba;
	29612	:	dba;
	29613	:	dba;
	29614	:	cba;
	29615	:	cba;
	29616	:	baa;
	29617	:	777;
	29618	:	444;
	29619	:	333;
	29620	:	333;
	29621	:	333;
	29622	:	322;
	29623	:	332;
	29624	:	443;
	29625	:	211;
	29626	:	221;
	29627	:	222;
	29628	:	333;
	29629	:	222;
	29630	:	555;
	29631	:	444;
	29632	:	444;
	29633	:	444;
	29634	:	444;
	29635	:	545;
	29636	:	444;
	29637	:	444;
	29638	:	333;
	29639	:	422;
	29640	:	c99;
	29641	:	ebc;
	29642	:	dbb;
	29643	:	c89;
	29644	:	fcd;
	29645	:	fcd;
	29646	:	daa;
	29647	:	fcd;
	29648	:	daa;
	29649	:	c99;
	29650	:	eab;
	29651	:	ebb;
	29652	:	eab;
	29653	:	eab;
	29654	:	ebb;
	29655	:	c9a;
	29656	:	eab;
	29657	:	dab;
	29658	:	c99;
	29659	:	d88;
	29660	:	b44;
	29661	:	a33;
	29662	:	b33;
	29663	:	b33;
	29664	:	b32;
	29665	:	c43;
	29666	:	c33;
	29667	:	b33;
	29668	:	b33;
	29669	:	b33;
	29670	:	b33;
	29671	:	b33;
	29672	:	b33;
	29673	:	b33;
	29674	:	c33;
	29675	:	c43;
	29676	:	c33;
	29677	:	b33;
	29678	:	b33;
	29679	:	c33;
	29680	:	c43;
	29681	:	c33;
	29682	:	c33;
	29683	:	b32;
	29684	:	b33;
	29685	:	c33;
	29686	:	b33;
	29687	:	b33;
	29688	:	b33;
	29689	:	b33;
	29690	:	b33;
	29691	:	b33;
	29692	:	b33;
	29693	:	b32;
	29694	:	b33;
	29695	:	b33;
	29696	:	482;
	29697	:	472;
	29698	:	472;
	29699	:	472;
	29700	:	472;
	29701	:	572;
	29702	:	572;
	29703	:	473;
	29704	:	898;
	29705	:	788;
	29706	:	556;
	29707	:	556;
	29708	:	445;
	29709	:	334;
	29710	:	333;
	29711	:	333;
	29712	:	333;
	29713	:	333;
	29714	:	333;
	29715	:	333;
	29716	:	444;
	29717	:	333;
	29718	:	444;
	29719	:	333;
	29720	:	333;
	29721	:	333;
	29722	:	444;
	29723	:	444;
	29724	:	444;
	29725	:	333;
	29726	:	433;
	29727	:	444;
	29728	:	444;
	29729	:	444;
	29730	:	444;
	29731	:	444;
	29732	:	444;
	29733	:	444;
	29734	:	444;
	29735	:	776;
	29736	:	edd;
	29737	:	edd;
	29738	:	baa;
	29739	:	b9a;
	29740	:	877;
	29741	:	baa;
	29742	:	221;
	29743	:	ba9;
	29744	:	dcc;
	29745	:	cbb;
	29746	:	dcc;
	29747	:	433;
	29748	:	544;
	29749	:	cbb;
	29750	:	fee;
	29751	:	ccc;
	29752	:	877;
	29753	:	877;
	29754	:	999;
	29755	:	999;
	29756	:	655;
	29757	:	a99;
	29758	:	ccc;
	29759	:	ccc;
	29760	:	888;
	29761	:	baa;
	29762	:	988;
	29763	:	333;
	29764	:	211;
	29765	:	887;
	29766	:	ba9;
	29767	:	766;
	29768	:	988;
	29769	:	baa;
	29770	:	674;
	29771	:	572;
	29772	:	572;
	29773	:	684;
	29774	:	574;
	29775	:	575;
	29776	:	585;
	29777	:	586;
	29778	:	687;
	29779	:	699;
	29780	:	699;
	29781	:	6aa;
	29782	:	7bb;
	29783	:	9bb;
	29784	:	8a9;
	29785	:	9a9;
	29786	:	aaa;
	29787	:	bbb;
	29788	:	bcb;
	29789	:	ccc;
	29790	:	ccc;
	29791	:	ddd;
	29792	:	ddd;
	29793	:	ddd;
	29794	:	ddc;
	29795	:	ddc;
	29796	:	ccb;
	29797	:	cca;
	29798	:	bca;
	29799	:	ab8;
	29800	:	9a7;
	29801	:	9a7;
	29802	:	896;
	29803	:	796;
	29804	:	796;
	29805	:	796;
	29806	:	897;
	29807	:	897;
	29808	:	897;
	29809	:	897;
	29810	:	897;
	29811	:	897;
	29812	:	897;
	29813	:	896;
	29814	:	896;
	29815	:	895;
	29816	:	795;
	29817	:	795;
	29818	:	794;
	29819	:	684;
	29820	:	683;
	29821	:	683;
	29822	:	683;
	29823	:	683;
	29824	:	693;
	29825	:	693;
	29826	:	682;
	29827	:	683;
	29828	:	682;
	29829	:	682;
	29830	:	683;
	29831	:	682;
	29832	:	683;
	29833	:	682;
	29834	:	683;
	29835	:	683;
	29836	:	683;
	29837	:	683;
	29838	:	683;
	29839	:	682;
	29840	:	683;
	29841	:	682;
	29842	:	683;
	29843	:	683;
	29844	:	682;
	29845	:	683;
	29846	:	672;
	29847	:	672;
	29848	:	683;
	29849	:	673;
	29850	:	673;
	29851	:	aa7;
	29852	:	edc;
	29853	:	edc;
	29854	:	eba;
	29855	:	dba;
	29856	:	dba;
	29857	:	ecb;
	29858	:	fdc;
	29859	:	ecb;
	29860	:	ebb;
	29861	:	ebb;
	29862	:	ebb;
	29863	:	ebb;
	29864	:	ebb;
	29865	:	ecb;
	29866	:	ebb;
	29867	:	dba;
	29868	:	dba;
	29869	:	dbb;
	29870	:	cba;
	29871	:	cbb;
	29872	:	baa;
	29873	:	777;
	29874	:	433;
	29875	:	333;
	29876	:	333;
	29877	:	332;
	29878	:	322;
	29879	:	222;
	29880	:	333;
	29881	:	222;
	29882	:	222;
	29883	:	222;
	29884	:	332;
	29885	:	222;
	29886	:	555;
	29887	:	444;
	29888	:	444;
	29889	:	444;
	29890	:	444;
	29891	:	333;
	29892	:	444;
	29893	:	444;
	29894	:	555;
	29895	:	444;
	29896	:	322;
	29897	:	a88;
	29898	:	ecd;
	29899	:	fcd;
	29900	:	c99;
	29901	:	daa;
	29902	:	fbc;
	29903	:	ecc;
	29904	:	fcd;
	29905	:	dab;
	29906	:	b89;
	29907	:	fcc;
	29908	:	d9a;
	29909	:	fcc;
	29910	:	d9a;
	29911	:	ebb;
	29912	:	c99;
	29913	:	eab;
	29914	:	d99;
	29915	:	b66;
	29916	:	c44;
	29917	:	b33;
	29918	:	b33;
	29919	:	c43;
	29920	:	b33;
	29921	:	c33;
	29922	:	c33;
	29923	:	b33;
	29924	:	b33;
	29925	:	b33;
	29926	:	b33;
	29927	:	b33;
	29928	:	b33;
	29929	:	b33;
	29930	:	b33;
	29931	:	b33;
	29932	:	b33;
	29933	:	c33;
	29934	:	b33;
	29935	:	b33;
	29936	:	c33;
	29937	:	b33;
	29938	:	c33;
	29939	:	c33;
	29940	:	b33;
	29941	:	b32;
	29942	:	b33;
	29943	:	b32;
	29944	:	b33;
	29945	:	b33;
	29946	:	b33;
	29947	:	b33;
	29948	:	b33;
	29949	:	b33;
	29950	:	b33;
	29951	:	b33;
	29952	:	472;
	29953	:	472;
	29954	:	472;
	29955	:	472;
	29956	:	472;
	29957	:	472;
	29958	:	472;
	29959	:	785;
	29960	:	888;
	29961	:	777;
	29962	:	566;
	29963	:	445;
	29964	:	334;
	29965	:	333;
	29966	:	333;
	29967	:	333;
	29968	:	333;
	29969	:	222;
	29970	:	222;
	29971	:	333;
	29972	:	333;
	29973	:	333;
	29974	:	444;
	29975	:	333;
	29976	:	333;
	29977	:	444;
	29978	:	444;
	29979	:	555;
	29980	:	333;
	29981	:	444;
	29982	:	333;
	29983	:	333;
	29984	:	444;
	29985	:	333;
	29986	:	444;
	29987	:	444;
	29988	:	444;
	29989	:	444;
	29990	:	433;
	29991	:	766;
	29992	:	dcc;
	29993	:	ede;
	29994	:	cbb;
	29995	:	cbc;
	29996	:	433;
	29997	:	eed;
	29998	:	a99;
	29999	:	322;
	30000	:	baa;
	30001	:	edd;
	30002	:	edd;
	30003	:	bab;
	30004	:	322;
	30005	:	777;
	30006	:	dcc;
	30007	:	cbc;
	30008	:	ccc;
	30009	:	a9a;
	30010	:	a99;
	30011	:	cbb;
	30012	:	dcd;
	30013	:	dcd;
	30014	:	ccc;
	30015	:	989;
	30016	:	776;
	30017	:	bba;
	30018	:	998;
	30019	:	998;
	30020	:	777;
	30021	:	998;
	30022	:	cba;
	30023	:	544;
	30024	:	a98;
	30025	:	cbb;
	30026	:	887;
	30027	:	562;
	30028	:	572;
	30029	:	683;
	30030	:	574;
	30031	:	574;
	30032	:	685;
	30033	:	686;
	30034	:	587;
	30035	:	698;
	30036	:	69a;
	30037	:	7ab;
	30038	:	8cc;
	30039	:	7bb;
	30040	:	9bb;
	30041	:	aaa;
	30042	:	bba;
	30043	:	bbb;
	30044	:	ccc;
	30045	:	ccc;
	30046	:	ddc;
	30047	:	ddd;
	30048	:	edd;
	30049	:	ddc;
	30050	:	ddc;
	30051	:	cdc;
	30052	:	cca;
	30053	:	bb9;
	30054	:	ab8;
	30055	:	9a7;
	30056	:	9a6;
	30057	:	896;
	30058	:	785;
	30059	:	796;
	30060	:	796;
	30061	:	897;
	30062	:	897;
	30063	:	897;
	30064	:	897;
	30065	:	898;
	30066	:	8a8;
	30067	:	8a7;
	30068	:	897;
	30069	:	896;
	30070	:	896;
	30071	:	795;
	30072	:	795;
	30073	:	794;
	30074	:	684;
	30075	:	694;
	30076	:	683;
	30077	:	683;
	30078	:	683;
	30079	:	683;
	30080	:	683;
	30081	:	683;
	30082	:	683;
	30083	:	683;
	30084	:	683;
	30085	:	693;
	30086	:	693;
	30087	:	683;
	30088	:	693;
	30089	:	693;
	30090	:	683;
	30091	:	683;
	30092	:	683;
	30093	:	683;
	30094	:	682;
	30095	:	683;
	30096	:	682;
	30097	:	682;
	30098	:	682;
	30099	:	683;
	30100	:	682;
	30101	:	683;
	30102	:	673;
	30103	:	673;
	30104	:	673;
	30105	:	673;
	30106	:	673;
	30107	:	885;
	30108	:	ecb;
	30109	:	ecb;
	30110	:	eba;
	30111	:	eba;
	30112	:	eba;
	30113	:	eba;
	30114	:	dba;
	30115	:	eba;
	30116	:	fcc;
	30117	:	ecc;
	30118	:	ecb;
	30119	:	ecb;
	30120	:	ecb;
	30121	:	dbb;
	30122	:	ecb;
	30123	:	dba;
	30124	:	caa;
	30125	:	dba;
	30126	:	dbb;
	30127	:	cba;
	30128	:	aa9;
	30129	:	777;
	30130	:	433;
	30131	:	443;
	30132	:	333;
	30133	:	433;
	30134	:	333;
	30135	:	322;
	30136	:	222;
	30137	:	333;
	30138	:	333;
	30139	:	222;
	30140	:	222;
	30141	:	333;
	30142	:	433;
	30143	:	444;
	30144	:	333;
	30145	:	333;
	30146	:	333;
	30147	:	333;
	30148	:	333;
	30149	:	444;
	30150	:	444;
	30151	:	332;
	30152	:	333;
	30153	:	322;
	30154	:	a88;
	30155	:	ecc;
	30156	:	fcc;
	30157	:	ebc;
	30158	:	ebb;
	30159	:	fbc;
	30160	:	ebb;
	30161	:	c9a;
	30162	:	fcd;
	30163	:	c99;
	30164	:	b88;
	30165	:	d9a;
	30166	:	c88;
	30167	:	daa;
	30168	:	daa;
	30169	:	daa;
	30170	:	d99;
	30171	:	b54;
	30172	:	b33;
	30173	:	b33;
	30174	:	b33;
	30175	:	c44;
	30176	:	b33;
	30177	:	b33;
	30178	:	c43;
	30179	:	c33;
	30180	:	b33;
	30181	:	b33;
	30182	:	b33;
	30183	:	b33;
	30184	:	b32;
	30185	:	b33;
	30186	:	b32;
	30187	:	b33;
	30188	:	b32;
	30189	:	b33;
	30190	:	b33;
	30191	:	b32;
	30192	:	b32;
	30193	:	b32;
	30194	:	b33;
	30195	:	b33;
	30196	:	c33;
	30197	:	b33;
	30198	:	b32;
	30199	:	b33;
	30200	:	b33;
	30201	:	b32;
	30202	:	b33;
	30203	:	b33;
	30204	:	b33;
	30205	:	b33;
	30206	:	b33;
	30207	:	b33;
	30208	:	472;
	30209	:	472;
	30210	:	472;
	30211	:	572;
	30212	:	472;
	30213	:	572;
	30214	:	573;
	30215	:	9a8;
	30216	:	788;
	30217	:	667;
	30218	:	555;
	30219	:	344;
	30220	:	333;
	30221	:	333;
	30222	:	333;
	30223	:	333;
	30224	:	222;
	30225	:	333;
	30226	:	333;
	30227	:	333;
	30228	:	333;
	30229	:	333;
	30230	:	333;
	30231	:	444;
	30232	:	444;
	30233	:	444;
	30234	:	444;
	30235	:	444;
	30236	:	444;
	30237	:	333;
	30238	:	333;
	30239	:	333;
	30240	:	333;
	30241	:	444;
	30242	:	444;
	30243	:	444;
	30244	:	433;
	30245	:	433;
	30246	:	443;
	30247	:	cbb;
	30248	:	edd;
	30249	:	dbc;
	30250	:	dcc;
	30251	:	dcc;
	30252	:	322;
	30253	:	988;
	30254	:	cbb;
	30255	:	988;
	30256	:	322;
	30257	:	655;
	30258	:	ddc;
	30259	:	edd;
	30260	:	cbb;
	30261	:	443;
	30262	:	322;
	30263	:	888;
	30264	:	dcc;
	30265	:	dcc;
	30266	:	dcc;
	30267	:	dcd;
	30268	:	ddd;
	30269	:	dcd;
	30270	:	cbc;
	30271	:	a9a;
	30272	:	443;
	30273	:	aa9;
	30274	:	bba;
	30275	:	ba9;
	30276	:	ba9;
	30277	:	bba;
	30278	:	877;
	30279	:	544;
	30280	:	a99;
	30281	:	dbc;
	30282	:	bba;
	30283	:	674;
	30284	:	572;
	30285	:	573;
	30286	:	574;
	30287	:	574;
	30288	:	574;
	30289	:	586;
	30290	:	687;
	30291	:	588;
	30292	:	699;
	30293	:	6aa;
	30294	:	7bb;
	30295	:	7bc;
	30296	:	9cc;
	30297	:	abb;
	30298	:	bba;
	30299	:	ccb;
	30300	:	ccc;
	30301	:	ccc;
	30302	:	ddc;
	30303	:	ddc;
	30304	:	ddc;
	30305	:	ccb;
	30306	:	ccb;
	30307	:	cca;
	30308	:	bca;
	30309	:	ab8;
	30310	:	9a7;
	30311	:	896;
	30312	:	895;
	30313	:	785;
	30314	:	786;
	30315	:	796;
	30316	:	796;
	30317	:	897;
	30318	:	897;
	30319	:	897;
	30320	:	897;
	30321	:	897;
	30322	:	8a7;
	30323	:	897;
	30324	:	896;
	30325	:	896;
	30326	:	795;
	30327	:	795;
	30328	:	794;
	30329	:	794;
	30330	:	683;
	30331	:	683;
	30332	:	683;
	30333	:	693;
	30334	:	693;
	30335	:	693;
	30336	:	683;
	30337	:	694;
	30338	:	794;
	30339	:	794;
	30340	:	794;
	30341	:	794;
	30342	:	794;
	30343	:	794;
	30344	:	683;
	30345	:	794;
	30346	:	683;
	30347	:	683;
	30348	:	683;
	30349	:	683;
	30350	:	682;
	30351	:	683;
	30352	:	683;
	30353	:	683;
	30354	:	683;
	30355	:	683;
	30356	:	672;
	30357	:	683;
	30358	:	673;
	30359	:	673;
	30360	:	673;
	30361	:	673;
	30362	:	673;
	30363	:	673;
	30364	:	ecb;
	30365	:	dba;
	30366	:	eba;
	30367	:	eba;
	30368	:	eba;
	30369	:	eba;
	30370	:	ebb;
	30371	:	ebb;
	30372	:	eba;
	30373	:	ecc;
	30374	:	ecc;
	30375	:	ecc;
	30376	:	ebb;
	30377	:	dbb;
	30378	:	ecb;
	30379	:	dcb;
	30380	:	dba;
	30381	:	caa;
	30382	:	cba;
	30383	:	caa;
	30384	:	a99;
	30385	:	888;
	30386	:	444;
	30387	:	433;
	30388	:	433;
	30389	:	433;
	30390	:	333;
	30391	:	333;
	30392	:	222;
	30393	:	444;
	30394	:	444;
	30395	:	433;
	30396	:	322;
	30397	:	665;
	30398	:	554;
	30399	:	433;
	30400	:	433;
	30401	:	333;
	30402	:	322;
	30403	:	333;
	30404	:	333;
	30405	:	322;
	30406	:	332;
	30407	:	333;
	30408	:	333;
	30409	:	322;
	30410	:	321;
	30411	:	533;
	30412	:	caa;
	30413	:	fdd;
	30414	:	ebb;
	30415	:	c99;
	30416	:	fbc;
	30417	:	fcd;
	30418	:	ebc;
	30419	:	ebb;
	30420	:	dab;
	30421	:	c99;
	30422	:	c89;
	30423	:	a77;
	30424	:	daa;
	30425	:	c89;
	30426	:	b77;
	30427	:	a44;
	30428	:	b43;
	30429	:	b33;
	30430	:	b43;
	30431	:	b33;
	30432	:	b33;
	30433	:	b33;
	30434	:	b33;
	30435	:	b33;
	30436	:	b33;
	30437	:	b33;
	30438	:	b33;
	30439	:	b33;
	30440	:	b32;
	30441	:	b33;
	30442	:	b33;
	30443	:	b32;
	30444	:	b33;
	30445	:	b33;
	30446	:	c33;
	30447	:	b43;
	30448	:	b33;
	30449	:	b33;
	30450	:	b33;
	30451	:	b32;
	30452	:	b33;
	30453	:	b33;
	30454	:	b33;
	30455	:	b33;
	30456	:	b32;
	30457	:	b33;
	30458	:	b33;
	30459	:	b33;
	30460	:	b32;
	30461	:	b32;
	30462	:	b33;
	30463	:	b33;
	30464	:	472;
	30465	:	472;
	30466	:	472;
	30467	:	472;
	30468	:	472;
	30469	:	472;
	30470	:	897;
	30471	:	788;
	30472	:	677;
	30473	:	555;
	30474	:	333;
	30475	:	333;
	30476	:	333;
	30477	:	333;
	30478	:	222;
	30479	:	222;
	30480	:	222;
	30481	:	333;
	30482	:	333;
	30483	:	333;
	30484	:	333;
	30485	:	333;
	30486	:	443;
	30487	:	333;
	30488	:	333;
	30489	:	333;
	30490	:	333;
	30491	:	333;
	30492	:	333;
	30493	:	333;
	30494	:	333;
	30495	:	333;
	30496	:	333;
	30497	:	433;
	30498	:	333;
	30499	:	333;
	30500	:	333;
	30501	:	333;
	30502	:	333;
	30503	:	887;
	30504	:	dcd;
	30505	:	edd;
	30506	:	fef;
	30507	:	dcd;
	30508	:	767;
	30509	:	332;
	30510	:	432;
	30511	:	cbb;
	30512	:	dcc;
	30513	:	ddd;
	30514	:	655;
	30515	:	433;
	30516	:	987;
	30517	:	edd;
	30518	:	dcc;
	30519	:	fef;
	30520	:	fee;
	30521	:	766;
	30522	:	221;
	30523	:	322;
	30524	:	988;
	30525	:	ddd;
	30526	:	cbc;
	30527	:	ecd;
	30528	:	a99;
	30529	:	877;
	30530	:	444;
	30531	:	443;
	30532	:	544;
	30533	:	543;
	30534	:	988;
	30535	:	edd;
	30536	:	a99;
	30537	:	cbb;
	30538	:	cbb;
	30539	:	dcc;
	30540	:	563;
	30541	:	462;
	30542	:	573;
	30543	:	574;
	30544	:	576;
	30545	:	587;
	30546	:	687;
	30547	:	698;
	30548	:	599;
	30549	:	599;
	30550	:	6aa;
	30551	:	69a;
	30552	:	7bb;
	30553	:	9cc;
	30554	:	bcb;
	30555	:	ccb;
	30556	:	ccb;
	30557	:	ddc;
	30558	:	ddb;
	30559	:	cca;
	30560	:	cc9;
	30561	:	bb9;
	30562	:	bb8;
	30563	:	aa8;
	30564	:	9a6;
	30565	:	895;
	30566	:	785;
	30567	:	785;
	30568	:	795;
	30569	:	785;
	30570	:	795;
	30571	:	896;
	30572	:	896;
	30573	:	896;
	30574	:	896;
	30575	:	896;
	30576	:	896;
	30577	:	896;
	30578	:	896;
	30579	:	795;
	30580	:	795;
	30581	:	795;
	30582	:	795;
	30583	:	794;
	30584	:	684;
	30585	:	684;
	30586	:	684;
	30587	:	684;
	30588	:	684;
	30589	:	794;
	30590	:	794;
	30591	:	794;
	30592	:	794;
	30593	:	795;
	30594	:	795;
	30595	:	795;
	30596	:	795;
	30597	:	795;
	30598	:	784;
	30599	:	794;
	30600	:	784;
	30601	:	684;
	30602	:	683;
	30603	:	683;
	30604	:	683;
	30605	:	683;
	30606	:	683;
	30607	:	683;
	30608	:	683;
	30609	:	672;
	30610	:	673;
	30611	:	673;
	30612	:	673;
	30613	:	673;
	30614	:	673;
	30615	:	673;
	30616	:	673;
	30617	:	673;
	30618	:	673;
	30619	:	673;
	30620	:	fec;
	30621	:	db9;
	30622	:	eba;
	30623	:	fcb;
	30624	:	eba;
	30625	:	eba;
	30626	:	eba;
	30627	:	eba;
	30628	:	ebb;
	30629	:	eba;
	30630	:	eba;
	30631	:	ebb;
	30632	:	dbb;
	30633	:	ecb;
	30634	:	dbb;
	30635	:	dbb;
	30636	:	caa;
	30637	:	ba9;
	30638	:	cbb;
	30639	:	caa;
	30640	:	a99;
	30641	:	667;
	30642	:	445;
	30643	:	333;
	30644	:	333;
	30645	:	322;
	30646	:	222;
	30647	:	677;
	30648	:	333;
	30649	:	555;
	30650	:	444;
	30651	:	555;
	30652	:	777;
	30653	:	444;
	30654	:	444;
	30655	:	666;
	30656	:	444;
	30657	:	433;
	30658	:	333;
	30659	:	333;
	30660	:	333;
	30661	:	333;
	30662	:	333;
	30663	:	333;
	30664	:	332;
	30665	:	333;
	30666	:	333;
	30667	:	322;
	30668	:	332;
	30669	:	322;
	30670	:	977;
	30671	:	b99;
	30672	:	c99;
	30673	:	b88;
	30674	:	ebb;
	30675	:	dab;
	30676	:	ebb;
	30677	:	c99;
	30678	:	c99;
	30679	:	c89;
	30680	:	d9a;
	30681	:	c99;
	30682	:	c88;
	30683	:	933;
	30684	:	b33;
	30685	:	b33;
	30686	:	b33;
	30687	:	b43;
	30688	:	b33;
	30689	:	b33;
	30690	:	b33;
	30691	:	b33;
	30692	:	b33;
	30693	:	b33;
	30694	:	b33;
	30695	:	b33;
	30696	:	c43;
	30697	:	b33;
	30698	:	b33;
	30699	:	b33;
	30700	:	b33;
	30701	:	b33;
	30702	:	b33;
	30703	:	b33;
	30704	:	b33;
	30705	:	b33;
	30706	:	b33;
	30707	:	b33;
	30708	:	b33;
	30709	:	b33;
	30710	:	b33;
	30711	:	b32;
	30712	:	b33;
	30713	:	b32;
	30714	:	b32;
	30715	:	b33;
	30716	:	b33;
	30717	:	b33;
	30718	:	b33;
	30719	:	b33;
	30720	:	472;
	30721	:	472;
	30722	:	472;
	30723	:	472;
	30724	:	472;
	30725	:	472;
	30726	:	897;
	30727	:	788;
	30728	:	677;
	30729	:	555;
	30730	:	333;
	30731	:	333;
	30732	:	333;
	30733	:	333;
	30734	:	222;
	30735	:	222;
	30736	:	222;
	30737	:	333;
	30738	:	333;
	30739	:	333;
	30740	:	333;
	30741	:	333;
	30742	:	443;
	30743	:	333;
	30744	:	333;
	30745	:	333;
	30746	:	333;
	30747	:	333;
	30748	:	333;
	30749	:	333;
	30750	:	333;
	30751	:	333;
	30752	:	333;
	30753	:	433;
	30754	:	333;
	30755	:	333;
	30756	:	333;
	30757	:	333;
	30758	:	333;
	30759	:	887;
	30760	:	dcd;
	30761	:	edd;
	30762	:	fef;
	30763	:	dcd;
	30764	:	767;
	30765	:	332;
	30766	:	432;
	30767	:	cbb;
	30768	:	dcc;
	30769	:	ddd;
	30770	:	655;
	30771	:	433;
	30772	:	987;
	30773	:	edd;
	30774	:	dcc;
	30775	:	fef;
	30776	:	fee;
	30777	:	766;
	30778	:	221;
	30779	:	322;
	30780	:	988;
	30781	:	ddd;
	30782	:	cbc;
	30783	:	ecd;
	30784	:	a99;
	30785	:	877;
	30786	:	444;
	30787	:	443;
	30788	:	544;
	30789	:	543;
	30790	:	988;
	30791	:	edd;
	30792	:	a99;
	30793	:	cbb;
	30794	:	cbb;
	30795	:	dcc;
	30796	:	563;
	30797	:	462;
	30798	:	573;
	30799	:	574;
	30800	:	576;
	30801	:	587;
	30802	:	687;
	30803	:	698;
	30804	:	599;
	30805	:	599;
	30806	:	6aa;
	30807	:	69a;
	30808	:	7bb;
	30809	:	9cc;
	30810	:	bcb;
	30811	:	ccb;
	30812	:	ccb;
	30813	:	ddc;
	30814	:	ddb;
	30815	:	cca;
	30816	:	cc9;
	30817	:	bb9;
	30818	:	bb8;
	30819	:	aa8;
	30820	:	9a6;
	30821	:	895;
	30822	:	785;
	30823	:	785;
	30824	:	795;
	30825	:	785;
	30826	:	795;
	30827	:	896;
	30828	:	896;
	30829	:	896;
	30830	:	896;
	30831	:	896;
	30832	:	896;
	30833	:	896;
	30834	:	896;
	30835	:	795;
	30836	:	795;
	30837	:	795;
	30838	:	795;
	30839	:	794;
	30840	:	684;
	30841	:	684;
	30842	:	684;
	30843	:	684;
	30844	:	684;
	30845	:	794;
	30846	:	794;
	30847	:	794;
	30848	:	794;
	30849	:	795;
	30850	:	795;
	30851	:	795;
	30852	:	795;
	30853	:	795;
	30854	:	784;
	30855	:	794;
	30856	:	784;
	30857	:	684;
	30858	:	683;
	30859	:	683;
	30860	:	683;
	30861	:	683;
	30862	:	683;
	30863	:	683;
	30864	:	683;
	30865	:	672;
	30866	:	673;
	30867	:	673;
	30868	:	673;
	30869	:	673;
	30870	:	673;
	30871	:	673;
	30872	:	673;
	30873	:	673;
	30874	:	673;
	30875	:	673;
	30876	:	fec;
	30877	:	db9;
	30878	:	eba;
	30879	:	fcb;
	30880	:	eba;
	30881	:	eba;
	30882	:	eba;
	30883	:	eba;
	30884	:	ebb;
	30885	:	eba;
	30886	:	eba;
	30887	:	ebb;
	30888	:	dbb;
	30889	:	ecb;
	30890	:	dbb;
	30891	:	dbb;
	30892	:	caa;
	30893	:	ba9;
	30894	:	cbb;
	30895	:	caa;
	30896	:	a99;
	30897	:	667;
	30898	:	445;
	30899	:	333;
	30900	:	333;
	30901	:	322;
	30902	:	222;
	30903	:	677;
	30904	:	333;
	30905	:	555;
	30906	:	444;
	30907	:	555;
	30908	:	777;
	30909	:	444;
	30910	:	444;
	30911	:	666;
	30912	:	444;
	30913	:	433;
	30914	:	333;
	30915	:	333;
	30916	:	333;
	30917	:	333;
	30918	:	333;
	30919	:	333;
	30920	:	332;
	30921	:	333;
	30922	:	333;
	30923	:	322;
	30924	:	332;
	30925	:	322;
	30926	:	977;
	30927	:	b99;
	30928	:	c99;
	30929	:	b88;
	30930	:	ebb;
	30931	:	dab;
	30932	:	ebb;
	30933	:	c99;
	30934	:	c99;
	30935	:	c89;
	30936	:	d9a;
	30937	:	c99;
	30938	:	c88;
	30939	:	933;
	30940	:	b33;
	30941	:	b33;
	30942	:	b33;
	30943	:	b43;
	30944	:	b33;
	30945	:	b33;
	30946	:	b33;
	30947	:	b33;
	30948	:	b33;
	30949	:	b33;
	30950	:	b33;
	30951	:	b33;
	30952	:	c43;
	30953	:	b33;
	30954	:	b33;
	30955	:	b33;
	30956	:	b33;
	30957	:	b33;
	30958	:	b33;
	30959	:	b33;
	30960	:	b33;
	30961	:	b33;
	30962	:	b33;
	30963	:	b33;
	30964	:	b33;
	30965	:	b33;
	30966	:	b33;
	30967	:	b32;
	30968	:	b33;
	30969	:	b32;
	30970	:	b32;
	30971	:	b33;
	30972	:	b33;
	30973	:	b33;
	30974	:	b33;
	30975	:	b33;
	30976	:	472;
	30977	:	472;
	30978	:	472;
	30979	:	472;
	30980	:	572;
	30981	:	786;
	30982	:	898;
	30983	:	667;
	30984	:	555;
	30985	:	444;
	30986	:	333;
	30987	:	333;
	30988	:	222;
	30989	:	222;
	30990	:	222;
	30991	:	222;
	30992	:	332;
	30993	:	322;
	30994	:	333;
	30995	:	322;
	30996	:	333;
	30997	:	333;
	30998	:	333;
	30999	:	222;
	31000	:	322;
	31001	:	332;
	31002	:	322;
	31003	:	222;
	31004	:	333;
	31005	:	555;
	31006	:	444;
	31007	:	333;
	31008	:	222;
	31009	:	222;
	31010	:	333;
	31011	:	433;
	31012	:	332;
	31013	:	544;
	31014	:	a99;
	31015	:	baa;
	31016	:	dcc;
	31017	:	dcc;
	31018	:	cbb;
	31019	:	cbb;
	31020	:	edd;
	31021	:	434;
	31022	:	322;
	31023	:	655;
	31024	:	322;
	31025	:	a98;
	31026	:	988;
	31027	:	fee;
	31028	:	aaa;
	31029	:	322;
	31030	:	332;
	31031	:	433;
	31032	:	dcc;
	31033	:	ecc;
	31034	:	dcc;
	31035	:	ede;
	31036	:	ccc;
	31037	:	544;
	31038	:	433;
	31039	:	bba;
	31040	:	caa;
	31041	:	cbb;
	31042	:	dcd;
	31043	:	edd;
	31044	:	edd;
	31045	:	cba;
	31046	:	766;
	31047	:	322;
	31048	:	cba;
	31049	:	edd;
	31050	:	ecd;
	31051	:	ecc;
	31052	:	cbb;
	31053	:	674;
	31054	:	573;
	31055	:	574;
	31056	:	575;
	31057	:	476;
	31058	:	587;
	31059	:	587;
	31060	:	588;
	31061	:	488;
	31062	:	588;
	31063	:	699;
	31064	:	6aa;
	31065	:	7ab;
	31066	:	9bb;
	31067	:	cdc;
	31068	:	ddb;
	31069	:	ccb;
	31070	:	cca;
	31071	:	bb9;
	31072	:	ab8;
	31073	:	9a7;
	31074	:	896;
	31075	:	795;
	31076	:	784;
	31077	:	785;
	31078	:	785;
	31079	:	795;
	31080	:	785;
	31081	:	795;
	31082	:	795;
	31083	:	795;
	31084	:	896;
	31085	:	896;
	31086	:	896;
	31087	:	795;
	31088	:	895;
	31089	:	795;
	31090	:	795;
	31091	:	794;
	31092	:	794;
	31093	:	794;
	31094	:	684;
	31095	:	684;
	31096	:	684;
	31097	:	684;
	31098	:	784;
	31099	:	784;
	31100	:	795;
	31101	:	795;
	31102	:	784;
	31103	:	795;
	31104	:	895;
	31105	:	895;
	31106	:	785;
	31107	:	795;
	31108	:	784;
	31109	:	784;
	31110	:	684;
	31111	:	684;
	31112	:	683;
	31113	:	684;
	31114	:	684;
	31115	:	683;
	31116	:	684;
	31117	:	683;
	31118	:	683;
	31119	:	673;
	31120	:	683;
	31121	:	673;
	31122	:	673;
	31123	:	673;
	31124	:	573;
	31125	:	673;
	31126	:	673;
	31127	:	673;
	31128	:	572;
	31129	:	673;
	31130	:	673;
	31131	:	673;
	31132	:	aa7;
	31133	:	ecb;
	31134	:	db9;
	31135	:	eba;
	31136	:	ecb;
	31137	:	ecb;
	31138	:	ecb;
	31139	:	ecb;
	31140	:	ecb;
	31141	:	ecb;
	31142	:	ecb;
	31143	:	ecb;
	31144	:	ecb;
	31145	:	ecc;
	31146	:	dcc;
	31147	:	dbb;
	31148	:	cbb;
	31149	:	a99;
	31150	:	cbb;
	31151	:	caa;
	31152	:	bab;
	31153	:	778;
	31154	:	445;
	31155	:	333;
	31156	:	333;
	31157	:	222;
	31158	:	333;
	31159	:	222;
	31160	:	332;
	31161	:	222;
	31162	:	222;
	31163	:	211;
	31164	:	444;
	31165	:	333;
	31166	:	433;
	31167	:	555;
	31168	:	333;
	31169	:	332;
	31170	:	333;
	31171	:	332;
	31172	:	333;
	31173	:	333;
	31174	:	333;
	31175	:	332;
	31176	:	333;
	31177	:	332;
	31178	:	322;
	31179	:	333;
	31180	:	322;
	31181	:	322;
	31182	:	322;
	31183	:	322;
	31184	:	322;
	31185	:	b99;
	31186	:	b88;
	31187	:	dab;
	31188	:	daa;
	31189	:	dab;
	31190	:	c89;
	31191	:	c89;
	31192	:	c99;
	31193	:	a66;
	31194	:	a66;
	31195	:	a44;
	31196	:	a33;
	31197	:	b33;
	31198	:	b33;
	31199	:	b33;
	31200	:	b33;
	31201	:	b33;
	31202	:	b33;
	31203	:	b43;
	31204	:	b43;
	31205	:	b44;
	31206	:	b33;
	31207	:	b33;
	31208	:	b33;
	31209	:	b33;
	31210	:	b33;
	31211	:	b33;
	31212	:	b33;
	31213	:	a32;
	31214	:	b33;
	31215	:	b33;
	31216	:	b33;
	31217	:	b33;
	31218	:	b33;
	31219	:	b33;
	31220	:	b33;
	31221	:	b33;
	31222	:	b33;
	31223	:	b33;
	31224	:	b33;
	31225	:	b33;
	31226	:	b33;
	31227	:	b33;
	31228	:	b33;
	31229	:	b33;
	31230	:	b33;
	31231	:	b33;
	31232	:	472;
	31233	:	472;
	31234	:	472;
	31235	:	472;
	31236	:	572;
	31237	:	786;
	31238	:	898;
	31239	:	667;
	31240	:	555;
	31241	:	444;
	31242	:	333;
	31243	:	333;
	31244	:	222;
	31245	:	222;
	31246	:	222;
	31247	:	222;
	31248	:	332;
	31249	:	322;
	31250	:	333;
	31251	:	322;
	31252	:	333;
	31253	:	333;
	31254	:	333;
	31255	:	222;
	31256	:	322;
	31257	:	332;
	31258	:	322;
	31259	:	222;
	31260	:	333;
	31261	:	555;
	31262	:	444;
	31263	:	333;
	31264	:	222;
	31265	:	222;
	31266	:	333;
	31267	:	433;
	31268	:	332;
	31269	:	544;
	31270	:	a99;
	31271	:	baa;
	31272	:	dcc;
	31273	:	dcc;
	31274	:	cbb;
	31275	:	cbb;
	31276	:	edd;
	31277	:	434;
	31278	:	322;
	31279	:	655;
	31280	:	322;
	31281	:	a98;
	31282	:	988;
	31283	:	fee;
	31284	:	aaa;
	31285	:	322;
	31286	:	332;
	31287	:	433;
	31288	:	dcc;
	31289	:	ecc;
	31290	:	dcc;
	31291	:	ede;
	31292	:	ccc;
	31293	:	544;
	31294	:	433;
	31295	:	bba;
	31296	:	caa;
	31297	:	cbb;
	31298	:	dcd;
	31299	:	edd;
	31300	:	edd;
	31301	:	cba;
	31302	:	766;
	31303	:	322;
	31304	:	cba;
	31305	:	edd;
	31306	:	ecd;
	31307	:	ecc;
	31308	:	cbb;
	31309	:	674;
	31310	:	573;
	31311	:	574;
	31312	:	575;
	31313	:	476;
	31314	:	587;
	31315	:	587;
	31316	:	588;
	31317	:	488;
	31318	:	588;
	31319	:	699;
	31320	:	6aa;
	31321	:	7ab;
	31322	:	9bb;
	31323	:	cdc;
	31324	:	ddb;
	31325	:	ccb;
	31326	:	cca;
	31327	:	bb9;
	31328	:	ab8;
	31329	:	9a7;
	31330	:	896;
	31331	:	795;
	31332	:	784;
	31333	:	785;
	31334	:	785;
	31335	:	795;
	31336	:	785;
	31337	:	795;
	31338	:	795;
	31339	:	795;
	31340	:	896;
	31341	:	896;
	31342	:	896;
	31343	:	795;
	31344	:	895;
	31345	:	795;
	31346	:	795;
	31347	:	794;
	31348	:	794;
	31349	:	794;
	31350	:	684;
	31351	:	684;
	31352	:	684;
	31353	:	684;
	31354	:	784;
	31355	:	784;
	31356	:	795;
	31357	:	795;
	31358	:	784;
	31359	:	795;
	31360	:	895;
	31361	:	895;
	31362	:	785;
	31363	:	795;
	31364	:	784;
	31365	:	784;
	31366	:	684;
	31367	:	684;
	31368	:	683;
	31369	:	684;
	31370	:	684;
	31371	:	683;
	31372	:	684;
	31373	:	683;
	31374	:	683;
	31375	:	673;
	31376	:	683;
	31377	:	673;
	31378	:	673;
	31379	:	673;
	31380	:	573;
	31381	:	673;
	31382	:	673;
	31383	:	673;
	31384	:	572;
	31385	:	673;
	31386	:	673;
	31387	:	673;
	31388	:	aa7;
	31389	:	ecb;
	31390	:	db9;
	31391	:	eba;
	31392	:	ecb;
	31393	:	ecb;
	31394	:	ecb;
	31395	:	ecb;
	31396	:	ecb;
	31397	:	ecb;
	31398	:	ecb;
	31399	:	ecb;
	31400	:	ecb;
	31401	:	ecc;
	31402	:	dcc;
	31403	:	dbb;
	31404	:	cbb;
	31405	:	a99;
	31406	:	cbb;
	31407	:	caa;
	31408	:	bab;
	31409	:	778;
	31410	:	445;
	31411	:	333;
	31412	:	333;
	31413	:	222;
	31414	:	333;
	31415	:	222;
	31416	:	332;
	31417	:	222;
	31418	:	222;
	31419	:	211;
	31420	:	444;
	31421	:	333;
	31422	:	433;
	31423	:	555;
	31424	:	333;
	31425	:	332;
	31426	:	333;
	31427	:	332;
	31428	:	333;
	31429	:	333;
	31430	:	333;
	31431	:	332;
	31432	:	333;
	31433	:	332;
	31434	:	322;
	31435	:	333;
	31436	:	322;
	31437	:	322;
	31438	:	322;
	31439	:	322;
	31440	:	322;
	31441	:	b99;
	31442	:	b88;
	31443	:	dab;
	31444	:	daa;
	31445	:	dab;
	31446	:	c89;
	31447	:	c89;
	31448	:	c99;
	31449	:	a66;
	31450	:	a66;
	31451	:	a44;
	31452	:	a33;
	31453	:	b33;
	31454	:	b33;
	31455	:	b33;
	31456	:	b33;
	31457	:	b33;
	31458	:	b33;
	31459	:	b43;
	31460	:	b43;
	31461	:	b44;
	31462	:	b33;
	31463	:	b33;
	31464	:	b33;
	31465	:	b33;
	31466	:	b33;
	31467	:	b33;
	31468	:	b33;
	31469	:	a32;
	31470	:	b33;
	31471	:	b33;
	31472	:	b33;
	31473	:	b33;
	31474	:	b33;
	31475	:	b33;
	31476	:	b33;
	31477	:	b33;
	31478	:	b33;
	31479	:	b33;
	31480	:	b33;
	31481	:	b33;
	31482	:	b33;
	31483	:	b33;
	31484	:	b33;
	31485	:	b33;
	31486	:	b33;
	31487	:	b33;
	31488	:	472;
	31489	:	472;
	31490	:	472;
	31491	:	472;
	31492	:	472;
	31493	:	897;
	31494	:	787;
	31495	:	666;
	31496	:	445;
	31497	:	333;
	31498	:	333;
	31499	:	222;
	31500	:	332;
	31501	:	222;
	31502	:	222;
	31503	:	322;
	31504	:	322;
	31505	:	322;
	31506	:	222;
	31507	:	222;
	31508	:	333;
	31509	:	333;
	31510	:	222;
	31511	:	222;
	31512	:	222;
	31513	:	222;
	31514	:	222;
	31515	:	222;
	31516	:	222;
	31517	:	332;
	31518	:	332;
	31519	:	322;
	31520	:	333;
	31521	:	444;
	31522	:	444;
	31523	:	444;
	31524	:	433;
	31525	:	333;
	31526	:	554;
	31527	:	dcc;
	31528	:	cbb;
	31529	:	b9a;
	31530	:	dbb;
	31531	:	dbc;
	31532	:	fde;
	31533	:	cbb;
	31534	:	433;
	31535	:	665;
	31536	:	322;
	31537	:	544;
	31538	:	433;
	31539	:	dcc;
	31540	:	bbb;
	31541	:	eee;
	31542	:	544;
	31543	:	766;
	31544	:	221;
	31545	:	665;
	31546	:	edd;
	31547	:	edd;
	31548	:	dcc;
	31549	:	dcd;
	31550	:	cbb;
	31551	:	544;
	31552	:	443;
	31553	:	baa;
	31554	:	877;
	31555	:	655;
	31556	:	433;
	31557	:	321;
	31558	:	877;
	31559	:	988;
	31560	:	433;
	31561	:	987;
	31562	:	edc;
	31563	:	dcc;
	31564	:	cbb;
	31565	:	786;
	31566	:	573;
	31567	:	473;
	31568	:	575;
	31569	:	576;
	31570	:	576;
	31571	:	587;
	31572	:	587;
	31573	:	588;
	31574	:	487;
	31575	:	6a9;
	31576	:	69a;
	31577	:	7ab;
	31578	:	7aa;
	31579	:	ced;
	31580	:	cca;
	31581	:	bb9;
	31582	:	bb9;
	31583	:	ab8;
	31584	:	9a7;
	31585	:	896;
	31586	:	795;
	31587	:	784;
	31588	:	785;
	31589	:	785;
	31590	:	785;
	31591	:	795;
	31592	:	795;
	31593	:	795;
	31594	:	795;
	31595	:	895;
	31596	:	896;
	31597	:	795;
	31598	:	795;
	31599	:	795;
	31600	:	795;
	31601	:	795;
	31602	:	794;
	31603	:	784;
	31604	:	794;
	31605	:	794;
	31606	:	684;
	31607	:	684;
	31608	:	794;
	31609	:	784;
	31610	:	795;
	31611	:	784;
	31612	:	795;
	31613	:	795;
	31614	:	795;
	31615	:	795;
	31616	:	784;
	31617	:	795;
	31618	:	795;
	31619	:	795;
	31620	:	795;
	31621	:	795;
	31622	:	684;
	31623	:	684;
	31624	:	684;
	31625	:	684;
	31626	:	683;
	31627	:	683;
	31628	:	683;
	31629	:	684;
	31630	:	683;
	31631	:	683;
	31632	:	683;
	31633	:	683;
	31634	:	683;
	31635	:	573;
	31636	:	683;
	31637	:	673;
	31638	:	673;
	31639	:	672;
	31640	:	673;
	31641	:	673;
	31642	:	573;
	31643	:	673;
	31644	:	673;
	31645	:	fdc;
	31646	:	dba;
	31647	:	eba;
	31648	:	eca;
	31649	:	ecb;
	31650	:	ecb;
	31651	:	ecb;
	31652	:	ecc;
	31653	:	ecc;
	31654	:	ecb;
	31655	:	ecc;
	31656	:	ecc;
	31657	:	ecc;
	31658	:	ecc;
	31659	:	dbb;
	31660	:	dbb;
	31661	:	a88;
	31662	:	baa;
	31663	:	cab;
	31664	:	aaa;
	31665	:	888;
	31666	:	444;
	31667	:	333;
	31668	:	333;
	31669	:	332;
	31670	:	322;
	31671	:	222;
	31672	:	222;
	31673	:	222;
	31674	:	222;
	31675	:	211;
	31676	:	444;
	31677	:	333;
	31678	:	333;
	31679	:	544;
	31680	:	322;
	31681	:	333;
	31682	:	332;
	31683	:	332;
	31684	:	332;
	31685	:	332;
	31686	:	332;
	31687	:	333;
	31688	:	322;
	31689	:	322;
	31690	:	333;
	31691	:	322;
	31692	:	333;
	31693	:	322;
	31694	:	322;
	31695	:	322;
	31696	:	322;
	31697	:	322;
	31698	:	987;
	31699	:	c99;
	31700	:	daa;
	31701	:	a78;
	31702	:	caa;
	31703	:	daa;
	31704	:	b88;
	31705	:	a65;
	31706	:	b65;
	31707	:	b44;
	31708	:	a33;
	31709	:	b44;
	31710	:	b33;
	31711	:	b33;
	31712	:	a32;
	31713	:	a33;
	31714	:	b33;
	31715	:	b33;
	31716	:	b43;
	31717	:	b33;
	31718	:	b33;
	31719	:	b33;
	31720	:	b33;
	31721	:	b33;
	31722	:	b33;
	31723	:	b33;
	31724	:	b33;
	31725	:	b33;
	31726	:	b32;
	31727	:	b32;
	31728	:	b33;
	31729	:	b33;
	31730	:	b33;
	31731	:	b33;
	31732	:	b33;
	31733	:	b33;
	31734	:	b33;
	31735	:	b33;
	31736	:	b33;
	31737	:	b33;
	31738	:	b33;
	31739	:	b33;
	31740	:	b33;
	31741	:	b33;
	31742	:	b33;
	31743	:	b33;
	31744	:	472;
	31745	:	472;
	31746	:	472;
	31747	:	472;
	31748	:	472;
	31749	:	898;
	31750	:	777;
	31751	:	555;
	31752	:	444;
	31753	:	333;
	31754	:	222;
	31755	:	222;
	31756	:	222;
	31757	:	222;
	31758	:	222;
	31759	:	222;
	31760	:	222;
	31761	:	222;
	31762	:	222;
	31763	:	222;
	31764	:	333;
	31765	:	222;
	31766	:	222;
	31767	:	222;
	31768	:	222;
	31769	:	222;
	31770	:	222;
	31771	:	222;
	31772	:	222;
	31773	:	222;
	31774	:	332;
	31775	:	444;
	31776	:	333;
	31777	:	222;
	31778	:	222;
	31779	:	221;
	31780	:	222;
	31781	:	222;
	31782	:	544;
	31783	:	766;
	31784	:	877;
	31785	:	a9a;
	31786	:	a99;
	31787	:	dbc;
	31788	:	cbb;
	31789	:	baa;
	31790	:	988;
	31791	:	544;
	31792	:	655;
	31793	:	433;
	31794	:	443;
	31795	:	555;
	31796	:	aa9;
	31797	:	edd;
	31798	:	fff;
	31799	:	eee;
	31800	:	fff;
	31801	:	666;
	31802	:	433;
	31803	:	544;
	31804	:	edd;
	31805	:	fee;
	31806	:	edd;
	31807	:	dcc;
	31808	:	baa;
	31809	:	988;
	31810	:	a99;
	31811	:	a98;
	31812	:	a99;
	31813	:	cbb;
	31814	:	dcc;
	31815	:	edd;
	31816	:	988;
	31817	:	332;
	31818	:	655;
	31819	:	ecc;
	31820	:	dcc;
	31821	:	a98;
	31822	:	574;
	31823	:	574;
	31824	:	474;
	31825	:	575;
	31826	:	575;
	31827	:	698;
	31828	:	598;
	31829	:	588;
	31830	:	588;
	31831	:	598;
	31832	:	69a;
	31833	:	7ab;
	31834	:	7aa;
	31835	:	9bb;
	31836	:	bb9;
	31837	:	bb8;
	31838	:	ab8;
	31839	:	9a6;
	31840	:	895;
	31841	:	784;
	31842	:	784;
	31843	:	785;
	31844	:	785;
	31845	:	785;
	31846	:	785;
	31847	:	795;
	31848	:	795;
	31849	:	896;
	31850	:	896;
	31851	:	896;
	31852	:	895;
	31853	:	795;
	31854	:	795;
	31855	:	795;
	31856	:	795;
	31857	:	795;
	31858	:	795;
	31859	:	794;
	31860	:	794;
	31861	:	784;
	31862	:	794;
	31863	:	794;
	31864	:	794;
	31865	:	784;
	31866	:	785;
	31867	:	795;
	31868	:	784;
	31869	:	795;
	31870	:	794;
	31871	:	784;
	31872	:	784;
	31873	:	784;
	31874	:	784;
	31875	:	784;
	31876	:	784;
	31877	:	795;
	31878	:	785;
	31879	:	684;
	31880	:	684;
	31881	:	684;
	31882	:	683;
	31883	:	683;
	31884	:	683;
	31885	:	673;
	31886	:	683;
	31887	:	683;
	31888	:	683;
	31889	:	683;
	31890	:	673;
	31891	:	683;
	31892	:	573;
	31893	:	673;
	31894	:	683;
	31895	:	673;
	31896	:	673;
	31897	:	673;
	31898	:	673;
	31899	:	673;
	31900	:	673;
	31901	:	dca;
	31902	:	db9;
	31903	:	eba;
	31904	:	ecb;
	31905	:	ecb;
	31906	:	ecb;
	31907	:	ecc;
	31908	:	ecb;
	31909	:	ecc;
	31910	:	ecc;
	31911	:	ecc;
	31912	:	ecb;
	31913	:	dbb;
	31914	:	dbb;
	31915	:	ecc;
	31916	:	cbb;
	31917	:	baa;
	31918	:	b99;
	31919	:	bab;
	31920	:	a99;
	31921	:	888;
	31922	:	444;
	31923	:	444;
	31924	:	333;
	31925	:	222;
	31926	:	222;
	31927	:	222;
	31928	:	222;
	31929	:	221;
	31930	:	211;
	31931	:	221;
	31932	:	332;
	31933	:	333;
	31934	:	333;
	31935	:	333;
	31936	:	333;
	31937	:	322;
	31938	:	332;
	31939	:	332;
	31940	:	332;
	31941	:	322;
	31942	:	322;
	31943	:	332;
	31944	:	332;
	31945	:	332;
	31946	:	322;
	31947	:	322;
	31948	:	322;
	31949	:	332;
	31950	:	322;
	31951	:	322;
	31952	:	322;
	31953	:	322;
	31954	:	311;
	31955	:	b88;
	31956	:	daa;
	31957	:	caa;
	31958	:	a88;
	31959	:	b77;
	31960	:	955;
	31961	:	b55;
	31962	:	c55;
	31963	:	c44;
	31964	:	b43;
	31965	:	b33;
	31966	:	b43;
	31967	:	b33;
	31968	:	b33;
	31969	:	a33;
	31970	:	b33;
	31971	:	a32;
	31972	:	b33;
	31973	:	b33;
	31974	:	a33;
	31975	:	a33;
	31976	:	b33;
	31977	:	b33;
	31978	:	b33;
	31979	:	b33;
	31980	:	b33;
	31981	:	b33;
	31982	:	b33;
	31983	:	b33;
	31984	:	b32;
	31985	:	b33;
	31986	:	b33;
	31987	:	b33;
	31988	:	b33;
	31989	:	b33;
	31990	:	b43;
	31991	:	b33;
	31992	:	b33;
	31993	:	b33;
	31994	:	b33;
	31995	:	a32;
	31996	:	b33;
	31997	:	b33;
	31998	:	b33;
	31999	:	b33;
	32000	:	572;
	32001	:	472;
	32002	:	572;
	32003	:	472;
	32004	:	573;
	32005	:	888;
	32006	:	677;
	32007	:	545;
	32008	:	333;
	32009	:	323;
	32010	:	222;
	32011	:	222;
	32012	:	222;
	32013	:	222;
	32014	:	322;
	32015	:	322;
	32016	:	332;
	32017	:	332;
	32018	:	332;
	32019	:	222;
	32020	:	222;
	32021	:	222;
	32022	:	222;
	32023	:	222;
	32024	:	222;
	32025	:	222;
	32026	:	222;
	32027	:	221;
	32028	:	111;
	32029	:	111;
	32030	:	211;
	32031	:	111;
	32032	:	111;
	32033	:	222;
	32034	:	222;
	32035	:	222;
	32036	:	211;
	32037	:	444;
	32038	:	655;
	32039	:	666;
	32040	:	ddd;
	32041	:	ede;
	32042	:	fef;
	32043	:	ede;
	32044	:	fee;
	32045	:	fff;
	32046	:	fde;
	32047	:	cbb;
	32048	:	edd;
	32049	:	544;
	32050	:	a99;
	32051	:	333;
	32052	:	665;
	32053	:	665;
	32054	:	877;
	32055	:	fee;
	32056	:	fee;
	32057	:	fef;
	32058	:	dcc;
	32059	:	554;
	32060	:	322;
	32061	:	443;
	32062	:	a99;
	32063	:	dcc;
	32064	:	dcc;
	32065	:	dbb;
	32066	:	dcc;
	32067	:	cbb;
	32068	:	dcb;
	32069	:	edd;
	32070	:	edd;
	32071	:	ecd;
	32072	:	edd;
	32073	:	dcc;
	32074	:	221;
	32075	:	432;
	32076	:	cba;
	32077	:	dcb;
	32078	:	675;
	32079	:	573;
	32080	:	574;
	32081	:	584;
	32082	:	474;
	32083	:	585;
	32084	:	597;
	32085	:	587;
	32086	:	587;
	32087	:	598;
	32088	:	599;
	32089	:	7aa;
	32090	:	6aa;
	32091	:	8bb;
	32092	:	ab9;
	32093	:	9a7;
	32094	:	9a6;
	32095	:	895;
	32096	:	784;
	32097	:	684;
	32098	:	784;
	32099	:	784;
	32100	:	795;
	32101	:	795;
	32102	:	795;
	32103	:	795;
	32104	:	795;
	32105	:	896;
	32106	:	795;
	32107	:	895;
	32108	:	795;
	32109	:	795;
	32110	:	784;
	32111	:	794;
	32112	:	784;
	32113	:	795;
	32114	:	795;
	32115	:	795;
	32116	:	785;
	32117	:	795;
	32118	:	795;
	32119	:	795;
	32120	:	784;
	32121	:	794;
	32122	:	785;
	32123	:	784;
	32124	:	794;
	32125	:	784;
	32126	:	684;
	32127	:	784;
	32128	:	784;
	32129	:	784;
	32130	:	784;
	32131	:	684;
	32132	:	684;
	32133	:	784;
	32134	:	785;
	32135	:	785;
	32136	:	784;
	32137	:	684;
	32138	:	684;
	32139	:	684;
	32140	:	684;
	32141	:	684;
	32142	:	684;
	32143	:	684;
	32144	:	673;
	32145	:	683;
	32146	:	683;
	32147	:	673;
	32148	:	673;
	32149	:	673;
	32150	:	683;
	32151	:	673;
	32152	:	673;
	32153	:	673;
	32154	:	673;
	32155	:	673;
	32156	:	673;
	32157	:	885;
	32158	:	edb;
	32159	:	dba;
	32160	:	eba;
	32161	:	ecb;
	32162	:	ecb;
	32163	:	ecc;
	32164	:	ecb;
	32165	:	ecc;
	32166	:	ecc;
	32167	:	ebb;
	32168	:	ecb;
	32169	:	ecb;
	32170	:	ebb;
	32171	:	dbb;
	32172	:	dbb;
	32173	:	cbb;
	32174	:	a98;
	32175	:	baa;
	32176	:	989;
	32177	:	777;
	32178	:	777;
	32179	:	322;
	32180	:	333;
	32181	:	221;
	32182	:	222;
	32183	:	221;
	32184	:	221;
	32185	:	221;
	32186	:	221;
	32187	:	222;
	32188	:	222;
	32189	:	332;
	32190	:	332;
	32191	:	333;
	32192	:	333;
	32193	:	333;
	32194	:	322;
	32195	:	332;
	32196	:	322;
	32197	:	322;
	32198	:	322;
	32199	:	322;
	32200	:	332;
	32201	:	332;
	32202	:	322;
	32203	:	333;
	32204	:	322;
	32205	:	333;
	32206	:	332;
	32207	:	333;
	32208	:	333;
	32209	:	322;
	32210	:	322;
	32211	:	755;
	32212	:	a77;
	32213	:	ca9;
	32214	:	b99;
	32215	:	966;
	32216	:	943;
	32217	:	b55;
	32218	:	c55;
	32219	:	c44;
	32220	:	b33;
	32221	:	b33;
	32222	:	b33;
	32223	:	b33;
	32224	:	b33;
	32225	:	b33;
	32226	:	b33;
	32227	:	a32;
	32228	:	a22;
	32229	:	a33;
	32230	:	a33;
	32231	:	a33;
	32232	:	b33;
	32233	:	b33;
	32234	:	b33;
	32235	:	b33;
	32236	:	b33;
	32237	:	a32;
	32238	:	b32;
	32239	:	b33;
	32240	:	b33;
	32241	:	b33;
	32242	:	b33;
	32243	:	b32;
	32244	:	b33;
	32245	:	b33;
	32246	:	b33;
	32247	:	b43;
	32248	:	b33;
	32249	:	b33;
	32250	:	b33;
	32251	:	b33;
	32252	:	a32;
	32253	:	a33;
	32254	:	b33;
	32255	:	b33;
	32256	:	472;
	32257	:	472;
	32258	:	472;
	32259	:	472;
	32260	:	574;
	32261	:	887;
	32262	:	666;
	32263	:	444;
	32264	:	333;
	32265	:	222;
	32266	:	332;
	32267	:	222;
	32268	:	322;
	32269	:	332;
	32270	:	333;
	32271	:	332;
	32272	:	453;
	32273	:	574;
	32274	:	564;
	32275	:	332;
	32276	:	322;
	32277	:	222;
	32278	:	222;
	32279	:	444;
	32280	:	333;
	32281	:	222;
	32282	:	221;
	32283	:	221;
	32284	:	221;
	32285	:	221;
	32286	:	211;
	32287	:	211;
	32288	:	221;
	32289	:	111;
	32290	:	222;
	32291	:	554;
	32292	:	888;
	32293	:	777;
	32294	:	545;
	32295	:	555;
	32296	:	bba;
	32297	:	ede;
	32298	:	ddd;
	32299	:	ede;
	32300	:	dcd;
	32301	:	cbc;
	32302	:	fff;
	32303	:	fff;
	32304	:	fff;
	32305	:	fef;
	32306	:	ccc;
	32307	:	655;
	32308	:	888;
	32309	:	322;
	32310	:	443;
	32311	:	554;
	32312	:	eed;
	32313	:	fed;
	32314	:	fee;
	32315	:	fff;
	32316	:	cbb;
	32317	:	443;
	32318	:	655;
	32319	:	433;
	32320	:	322;
	32321	:	554;
	32322	:	443;
	32323	:	433;
	32324	:	443;
	32325	:	dcb;
	32326	:	fed;
	32327	:	ecc;
	32328	:	dcc;
	32329	:	dcc;
	32330	:	887;
	32331	:	321;
	32332	:	987;
	32333	:	ba9;
	32334	:	886;
	32335	:	674;
	32336	:	573;
	32337	:	573;
	32338	:	584;
	32339	:	584;
	32340	:	586;
	32341	:	587;
	32342	:	587;
	32343	:	698;
	32344	:	699;
	32345	:	69a;
	32346	:	69a;
	32347	:	8bb;
	32348	:	9b9;
	32349	:	8a6;
	32350	:	794;
	32351	:	684;
	32352	:	684;
	32353	:	684;
	32354	:	784;
	32355	:	784;
	32356	:	785;
	32357	:	895;
	32358	:	896;
	32359	:	896;
	32360	:	8a6;
	32361	:	896;
	32362	:	795;
	32363	:	795;
	32364	:	794;
	32365	:	794;
	32366	:	794;
	32367	:	784;
	32368	:	794;
	32369	:	795;
	32370	:	795;
	32371	:	795;
	32372	:	795;
	32373	:	795;
	32374	:	795;
	32375	:	795;
	32376	:	794;
	32377	:	795;
	32378	:	784;
	32379	:	784;
	32380	:	784;
	32381	:	684;
	32382	:	684;
	32383	:	684;
	32384	:	794;
	32385	:	684;
	32386	:	684;
	32387	:	784;
	32388	:	784;
	32389	:	684;
	32390	:	785;
	32391	:	785;
	32392	:	785;
	32393	:	784;
	32394	:	684;
	32395	:	684;
	32396	:	684;
	32397	:	684;
	32398	:	684;
	32399	:	684;
	32400	:	684;
	32401	:	684;
	32402	:	683;
	32403	:	683;
	32404	:	683;
	32405	:	683;
	32406	:	683;
	32407	:	673;
	32408	:	673;
	32409	:	673;
	32410	:	673;
	32411	:	573;
	32412	:	673;
	32413	:	663;
	32414	:	edb;
	32415	:	dba;
	32416	:	eba;
	32417	:	ecb;
	32418	:	ecb;
	32419	:	ecb;
	32420	:	ecc;
	32421	:	ecc;
	32422	:	ecc;
	32423	:	ecc;
	32424	:	ebb;
	32425	:	dbb;
	32426	:	dbb;
	32427	:	dbb;
	32428	:	dbb;
	32429	:	dbb;
	32430	:	977;
	32431	:	988;
	32432	:	999;
	32433	:	666;
	32434	:	776;
	32435	:	322;
	32436	:	322;
	32437	:	221;
	32438	:	222;
	32439	:	221;
	32440	:	221;
	32441	:	221;
	32442	:	221;
	32443	:	544;
	32444	:	222;
	32445	:	322;
	32446	:	322;
	32447	:	332;
	32448	:	333;
	32449	:	333;
	32450	:	332;
	32451	:	332;
	32452	:	332;
	32453	:	333;
	32454	:	332;
	32455	:	322;
	32456	:	322;
	32457	:	322;
	32458	:	322;
	32459	:	322;
	32460	:	322;
	32461	:	322;
	32462	:	332;
	32463	:	322;
	32464	:	322;
	32465	:	222;
	32466	:	322;
	32467	:	221;
	32468	:	654;
	32469	:	a87;
	32470	:	a77;
	32471	:	743;
	32472	:	933;
	32473	:	b44;
	32474	:	c44;
	32475	:	c43;
	32476	:	b32;
	32477	:	b33;
	32478	:	b33;
	32479	:	b33;
	32480	:	b33;
	32481	:	b33;
	32482	:	b33;
	32483	:	b33;
	32484	:	a22;
	32485	:	a32;
	32486	:	a33;
	32487	:	a33;
	32488	:	a33;
	32489	:	b33;
	32490	:	b33;
	32491	:	a32;
	32492	:	a33;
	32493	:	a33;
	32494	:	b33;
	32495	:	b33;
	32496	:	a33;
	32497	:	a33;
	32498	:	b33;
	32499	:	b33;
	32500	:	b33;
	32501	:	b33;
	32502	:	b33;
	32503	:	a32;
	32504	:	a33;
	32505	:	a33;
	32506	:	a32;
	32507	:	a33;
	32508	:	a33;
	32509	:	a32;
	32510	:	a33;
	32511	:	a32;
	32512	:	572;
	32513	:	472;
	32514	:	572;
	32515	:	472;
	32516	:	685;
	32517	:	777;
	32518	:	555;
	32519	:	333;
	32520	:	333;
	32521	:	222;
	32522	:	332;
	32523	:	332;
	32524	:	333;
	32525	:	333;
	32526	:	232;
	32527	:	453;
	32528	:	573;
	32529	:	573;
	32530	:	573;
	32531	:	564;
	32532	:	544;
	32533	:	322;
	32534	:	221;
	32535	:	666;
	32536	:	444;
	32537	:	222;
	32538	:	222;
	32539	:	222;
	32540	:	222;
	32541	:	221;
	32542	:	221;
	32543	:	221;
	32544	:	221;
	32545	:	666;
	32546	:	777;
	32547	:	555;
	32548	:	444;
	32549	:	333;
	32550	:	444;
	32551	:	444;
	32552	:	433;
	32553	:	ccc;
	32554	:	edd;
	32555	:	dcd;
	32556	:	ede;
	32557	:	cbc;
	32558	:	cbc;
	32559	:	fee;
	32560	:	fef;
	32561	:	fff;
	32562	:	fff;
	32563	:	fff;
	32564	:	a99;
	32565	:	dcc;
	32566	:	433;
	32567	:	332;
	32568	:	443;
	32569	:	887;
	32570	:	edd;
	32571	:	dcc;
	32572	:	fff;
	32573	:	fff;
	32574	:	edd;
	32575	:	edd;
	32576	:	dcc;
	32577	:	baa;
	32578	:	987;
	32579	:	776;
	32580	:	655;
	32581	:	321;
	32582	:	443;
	32583	:	caa;
	32584	:	fed;
	32585	:	dbb;
	32586	:	dcc;
	32587	:	221;
	32588	:	321;
	32589	:	bba;
	32590	:	998;
	32591	:	675;
	32592	:	573;
	32593	:	573;
	32594	:	584;
	32595	:	574;
	32596	:	586;
	32597	:	587;
	32598	:	587;
	32599	:	587;
	32600	:	598;
	32601	:	699;
	32602	:	599;
	32603	:	7ab;
	32604	:	9cb;
	32605	:	795;
	32606	:	784;
	32607	:	684;
	32608	:	684;
	32609	:	684;
	32610	:	684;
	32611	:	784;
	32612	:	795;
	32613	:	896;
	32614	:	896;
	32615	:	9a6;
	32616	:	8a6;
	32617	:	8a6;
	32618	:	895;
	32619	:	795;
	32620	:	794;
	32621	:	794;
	32622	:	784;
	32623	:	794;
	32624	:	795;
	32625	:	795;
	32626	:	795;
	32627	:	795;
	32628	:	795;
	32629	:	795;
	32630	:	795;
	32631	:	795;
	32632	:	784;
	32633	:	684;
	32634	:	784;
	32635	:	684;
	32636	:	684;
	32637	:	684;
	32638	:	684;
	32639	:	684;
	32640	:	684;
	32641	:	684;
	32642	:	784;
	32643	:	784;
	32644	:	784;
	32645	:	785;
	32646	:	785;
	32647	:	785;
	32648	:	784;
	32649	:	785;
	32650	:	784;
	32651	:	784;
	32652	:	784;
	32653	:	684;
	32654	:	684;
	32655	:	684;
	32656	:	684;
	32657	:	684;
	32658	:	684;
	32659	:	683;
	32660	:	683;
	32661	:	673;
	32662	:	673;
	32663	:	683;
	32664	:	673;
	32665	:	683;
	32666	:	573;
	32667	:	673;
	32668	:	673;
	32669	:	673;
	32670	:	bb8;
	32671	:	eca;
	32672	:	eba;
	32673	:	ebb;
	32674	:	ecb;
	32675	:	ecb;
	32676	:	ecc;
	32677	:	ecc;
	32678	:	ecc;
	32679	:	ecc;
	32680	:	ecc;
	32681	:	ecb;
	32682	:	dbb;
	32683	:	dbb;
	32684	:	dbb;
	32685	:	cbb;
	32686	:	977;
	32687	:	876;
	32688	:	877;
	32689	:	777;
	32690	:	666;
	32691	:	332;
	32692	:	211;
	32693	:	221;
	32694	:	221;
	32695	:	221;
	32696	:	221;
	32697	:	221;
	32698	:	211;
	32699	:	444;
	32700	:	332;
	32701	:	332;
	32702	:	222;
	32703	:	322;
	32704	:	444;
	32705	:	322;
	32706	:	322;
	32707	:	332;
	32708	:	332;
	32709	:	332;
	32710	:	332;
	32711	:	333;
	32712	:	332;
	32713	:	332;
	32714	:	322;
	32715	:	322;
	32716	:	332;
	32717	:	322;
	32718	:	332;
	32719	:	333;
	32720	:	333;
	32721	:	322;
	32722	:	322;
	32723	:	322;
	32724	:	211;
	32725	:	976;
	32726	:	976;
	32727	:	733;
	32728	:	a44;
	32729	:	b44;
	32730	:	b44;
	32731	:	b33;
	32732	:	b33;
	32733	:	b33;
	32734	:	b33;
	32735	:	b44;
	32736	:	a33;
	32737	:	b33;
	32738	:	b33;
	32739	:	a33;
	32740	:	a33;
	32741	:	a22;
	32742	:	a32;
	32743	:	a33;
	32744	:	a33;
	32745	:	b33;
	32746	:	b33;
	32747	:	b33;
	32748	:	a32;
	32749	:	a32;
	32750	:	a32;
	32751	:	a32;
	32752	:	a32;
	32753	:	a33;
	32754	:	a32;
	32755	:	b32;
	32756	:	b33;
	32757	:	a32;
	32758	:	a33;
	32759	:	a33;
	32760	:	922;
	32761	:	a33;
	32762	:	a33;
	32763	:	a32;
	32764	:	a33;
	32765	:	932;
	32766	:	932;
	32767	:	922;
	32768	:	472;
	32769	:	472;
	32770	:	472;
	32771	:	573;
	32772	:	785;
	32773	:	676;
	32774	:	444;
	32775	:	333;
	32776	:	323;
	32777	:	332;
	32778	:	332;
	32779	:	333;
	32780	:	333;
	32781	:	333;
	32782	:	453;
	32783	:	573;
	32784	:	573;
	32785	:	573;
	32786	:	573;
	32787	:	786;
	32788	:	222;
	32789	:	221;
	32790	:	221;
	32791	:	444;
	32792	:	565;
	32793	:	443;
	32794	:	333;
	32795	:	222;
	32796	:	222;
	32797	:	222;
	32798	:	222;
	32799	:	111;
	32800	:	777;
	32801	:	444;
	32802	:	555;
	32803	:	333;
	32804	:	333;
	32805	:	444;
	32806	:	333;
	32807	:	333;
	32808	:	433;
	32809	:	655;
	32810	:	ddd;
	32811	:	dcd;
	32812	:	dcd;
	32813	:	ede;
	32814	:	dcd;
	32815	:	dbc;
	32816	:	fff;
	32817	:	fff;
	32818	:	fff;
	32819	:	fef;
	32820	:	edd;
	32821	:	fee;
	32822	:	fee;
	32823	:	544;
	32824	:	333;
	32825	:	332;
	32826	:	765;
	32827	:	cbb;
	32828	:	cbb;
	32829	:	fee;
	32830	:	dcc;
	32831	:	fdd;
	32832	:	fee;
	32833	:	fdd;
	32834	:	fdd;
	32835	:	edd;
	32836	:	fee;
	32837	:	cbb;
	32838	:	544;
	32839	:	321;
	32840	:	765;
	32841	:	dcb;
	32842	:	dcc;
	32843	:	876;
	32844	:	332;
	32845	:	442;
	32846	:	a98;
	32847	:	785;
	32848	:	673;
	32849	:	573;
	32850	:	584;
	32851	:	575;
	32852	:	586;
	32853	:	587;
	32854	:	587;
	32855	:	587;
	32856	:	698;
	32857	:	598;
	32858	:	6aa;
	32859	:	6aa;
	32860	:	8cc;
	32861	:	796;
	32862	:	8a6;
	32863	:	895;
	32864	:	794;
	32865	:	784;
	32866	:	784;
	32867	:	795;
	32868	:	795;
	32869	:	8a6;
	32870	:	896;
	32871	:	8a6;
	32872	:	896;
	32873	:	8a6;
	32874	:	8a6;
	32875	:	8a6;
	32876	:	895;
	32877	:	795;
	32878	:	794;
	32879	:	784;
	32880	:	784;
	32881	:	785;
	32882	:	795;
	32883	:	795;
	32884	:	785;
	32885	:	795;
	32886	:	795;
	32887	:	795;
	32888	:	784;
	32889	:	784;
	32890	:	684;
	32891	:	684;
	32892	:	684;
	32893	:	684;
	32894	:	684;
	32895	:	784;
	32896	:	684;
	32897	:	795;
	32898	:	784;
	32899	:	785;
	32900	:	795;
	32901	:	795;
	32902	:	785;
	32903	:	785;
	32904	:	785;
	32905	:	785;
	32906	:	785;
	32907	:	785;
	32908	:	784;
	32909	:	784;
	32910	:	684;
	32911	:	684;
	32912	:	684;
	32913	:	683;
	32914	:	684;
	32915	:	683;
	32916	:	673;
	32917	:	673;
	32918	:	673;
	32919	:	683;
	32920	:	673;
	32921	:	673;
	32922	:	673;
	32923	:	673;
	32924	:	673;
	32925	:	673;
	32926	:	774;
	32927	:	dca;
	32928	:	dba;
	32929	:	ecb;
	32930	:	ebb;
	32931	:	ecb;
	32932	:	ecc;
	32933	:	ecc;
	32934	:	ecc;
	32935	:	ecc;
	32936	:	dcc;
	32937	:	dcb;
	32938	:	dba;
	32939	:	dbb;
	32940	:	cbb;
	32941	:	cbb;
	32942	:	ba9;
	32943	:	655;
	32944	:	777;
	32945	:	777;
	32946	:	555;
	32947	:	443;
	32948	:	776;
	32949	:	222;
	32950	:	221;
	32951	:	221;
	32952	:	221;
	32953	:	221;
	32954	:	211;
	32955	:	544;
	32956	:	444;
	32957	:	322;
	32958	:	322;
	32959	:	332;
	32960	:	333;
	32961	:	322;
	32962	:	322;
	32963	:	322;
	32964	:	322;
	32965	:	333;
	32966	:	333;
	32967	:	322;
	32968	:	332;
	32969	:	322;
	32970	:	322;
	32971	:	322;
	32972	:	322;
	32973	:	322;
	32974	:	322;
	32975	:	322;
	32976	:	322;
	32977	:	322;
	32978	:	222;
	32979	:	222;
	32980	:	322;
	32981	:	422;
	32982	:	866;
	32983	:	722;
	32984	:	a55;
	32985	:	b44;
	32986	:	b44;
	32987	:	b33;
	32988	:	b33;
	32989	:	b33;
	32990	:	b33;
	32991	:	b33;
	32992	:	a33;
	32993	:	932;
	32994	:	b44;
	32995	:	a33;
	32996	:	a33;
	32997	:	a22;
	32998	:	a32;
	32999	:	b33;
	33000	:	a33;
	33001	:	a33;
	33002	:	a32;
	33003	:	a33;
	33004	:	a32;
	33005	:	a32;
	33006	:	a32;
	33007	:	a33;
	33008	:	b33;
	33009	:	b33;
	33010	:	a33;
	33011	:	a33;
	33012	:	a33;
	33013	:	a33;
	33014	:	a33;
	33015	:	a33;
	33016	:	a33;
	33017	:	a32;
	33018	:	a33;
	33019	:	a32;
	33020	:	932;
	33021	:	933;
	33022	:	932;
	33023	:	933;
	33024	:	472;
	33025	:	472;
	33026	:	573;
	33027	:	472;
	33028	:	786;
	33029	:	555;
	33030	:	333;
	33031	:	333;
	33032	:	222;
	33033	:	222;
	33034	:	332;
	33035	:	333;
	33036	:	322;
	33037	:	342;
	33038	:	573;
	33039	:	573;
	33040	:	573;
	33041	:	573;
	33042	:	574;
	33043	:	222;
	33044	:	221;
	33045	:	221;
	33046	:	221;
	33047	:	221;
	33048	:	444;
	33049	:	444;
	33050	:	443;
	33051	:	433;
	33052	:	444;
	33053	:	455;
	33054	:	223;
	33055	:	777;
	33056	:	444;
	33057	:	333;
	33058	:	333;
	33059	:	333;
	33060	:	333;
	33061	:	332;
	33062	:	332;
	33063	:	322;
	33064	:	332;
	33065	:	322;
	33066	:	cbb;
	33067	:	ede;
	33068	:	dcd;
	33069	:	edd;
	33070	:	cbc;
	33071	:	eef;
	33072	:	fef;
	33073	:	ecd;
	33074	:	ecd;
	33075	:	fee;
	33076	:	fff;
	33077	:	fef;
	33078	:	fef;
	33079	:	fee;
	33080	:	fff;
	33081	:	888;
	33082	:	332;
	33083	:	554;
	33084	:	333;
	33085	:	333;
	33086	:	544;
	33087	:	433;
	33088	:	654;
	33089	:	a99;
	33090	:	ecc;
	33091	:	edd;
	33092	:	fee;
	33093	:	fff;
	33094	:	fdd;
	33095	:	edd;
	33096	:	876;
	33097	:	321;
	33098	:	986;
	33099	:	986;
	33100	:	ba6;
	33101	:	872;
	33102	:	873;
	33103	:	872;
	33104	:	672;
	33105	:	573;
	33106	:	574;
	33107	:	586;
	33108	:	586;
	33109	:	587;
	33110	:	697;
	33111	:	697;
	33112	:	697;
	33113	:	486;
	33114	:	699;
	33115	:	7bb;
	33116	:	69a;
	33117	:	798;
	33118	:	bc9;
	33119	:	ab8;
	33120	:	9a6;
	33121	:	896;
	33122	:	895;
	33123	:	895;
	33124	:	795;
	33125	:	794;
	33126	:	795;
	33127	:	795;
	33128	:	895;
	33129	:	895;
	33130	:	896;
	33131	:	8a6;
	33132	:	8a7;
	33133	:	9a7;
	33134	:	8a6;
	33135	:	896;
	33136	:	795;
	33137	:	795;
	33138	:	795;
	33139	:	795;
	33140	:	795;
	33141	:	795;
	33142	:	795;
	33143	:	795;
	33144	:	695;
	33145	:	694;
	33146	:	784;
	33147	:	794;
	33148	:	684;
	33149	:	784;
	33150	:	684;
	33151	:	784;
	33152	:	794;
	33153	:	784;
	33154	:	784;
	33155	:	784;
	33156	:	784;
	33157	:	785;
	33158	:	784;
	33159	:	784;
	33160	:	784;
	33161	:	784;
	33162	:	784;
	33163	:	684;
	33164	:	784;
	33165	:	784;
	33166	:	684;
	33167	:	684;
	33168	:	684;
	33169	:	684;
	33170	:	684;
	33171	:	683;
	33172	:	683;
	33173	:	673;
	33174	:	683;
	33175	:	683;
	33176	:	683;
	33177	:	673;
	33178	:	683;
	33179	:	683;
	33180	:	673;
	33181	:	673;
	33182	:	673;
	33183	:	aa6;
	33184	:	da9;
	33185	:	db9;
	33186	:	ebb;
	33187	:	ecb;
	33188	:	ecc;
	33189	:	edd;
	33190	:	edd;
	33191	:	edc;
	33192	:	ecc;
	33193	:	ecc;
	33194	:	dbb;
	33195	:	dbb;
	33196	:	dcb;
	33197	:	cbb;
	33198	:	aa9;
	33199	:	777;
	33200	:	666;
	33201	:	555;
	33202	:	676;
	33203	:	776;
	33204	:	432;
	33205	:	322;
	33206	:	222;
	33207	:	221;
	33208	:	221;
	33209	:	221;
	33210	:	221;
	33211	:	665;
	33212	:	333;
	33213	:	444;
	33214	:	444;
	33215	:	333;
	33216	:	555;
	33217	:	322;
	33218	:	332;
	33219	:	332;
	33220	:	332;
	33221	:	333;
	33222	:	332;
	33223	:	332;
	33224	:	332;
	33225	:	322;
	33226	:	322;
	33227	:	322;
	33228	:	322;
	33229	:	322;
	33230	:	322;
	33231	:	322;
	33232	:	322;
	33233	:	322;
	33234	:	222;
	33235	:	221;
	33236	:	322;
	33237	:	644;
	33238	:	844;
	33239	:	833;
	33240	:	a44;
	33241	:	b44;
	33242	:	b44;
	33243	:	b33;
	33244	:	b33;
	33245	:	b33;
	33246	:	b33;
	33247	:	b33;
	33248	:	b43;
	33249	:	a33;
	33250	:	822;
	33251	:	a32;
	33252	:	b33;
	33253	:	b22;
	33254	:	b33;
	33255	:	b33;
	33256	:	a33;
	33257	:	a33;
	33258	:	a33;
	33259	:	a33;
	33260	:	a33;
	33261	:	a32;
	33262	:	a32;
	33263	:	a33;
	33264	:	b33;
	33265	:	a33;
	33266	:	b33;
	33267	:	a33;
	33268	:	a32;
	33269	:	a33;
	33270	:	a32;
	33271	:	932;
	33272	:	a33;
	33273	:	a32;
	33274	:	a33;
	33275	:	a32;
	33276	:	a33;
	33277	:	932;
	33278	:	a33;
	33279	:	a33;
	33280	:	472;
	33281	:	472;
	33282	:	573;
	33283	:	472;
	33284	:	786;
	33285	:	555;
	33286	:	333;
	33287	:	333;
	33288	:	222;
	33289	:	222;
	33290	:	332;
	33291	:	333;
	33292	:	322;
	33293	:	342;
	33294	:	573;
	33295	:	573;
	33296	:	573;
	33297	:	573;
	33298	:	574;
	33299	:	222;
	33300	:	221;
	33301	:	221;
	33302	:	221;
	33303	:	221;
	33304	:	444;
	33305	:	444;
	33306	:	443;
	33307	:	433;
	33308	:	444;
	33309	:	455;
	33310	:	223;
	33311	:	777;
	33312	:	444;
	33313	:	333;
	33314	:	333;
	33315	:	333;
	33316	:	333;
	33317	:	332;
	33318	:	332;
	33319	:	322;
	33320	:	332;
	33321	:	322;
	33322	:	cbb;
	33323	:	ede;
	33324	:	dcd;
	33325	:	edd;
	33326	:	cbc;
	33327	:	eef;
	33328	:	fef;
	33329	:	ecd;
	33330	:	ecd;
	33331	:	fee;
	33332	:	fff;
	33333	:	fef;
	33334	:	fef;
	33335	:	fee;
	33336	:	fff;
	33337	:	888;
	33338	:	332;
	33339	:	554;
	33340	:	333;
	33341	:	333;
	33342	:	544;
	33343	:	433;
	33344	:	654;
	33345	:	a99;
	33346	:	ecc;
	33347	:	edd;
	33348	:	fee;
	33349	:	fff;
	33350	:	fdd;
	33351	:	edd;
	33352	:	876;
	33353	:	321;
	33354	:	986;
	33355	:	986;
	33356	:	ba6;
	33357	:	872;
	33358	:	873;
	33359	:	872;
	33360	:	672;
	33361	:	573;
	33362	:	574;
	33363	:	586;
	33364	:	586;
	33365	:	587;
	33366	:	697;
	33367	:	697;
	33368	:	697;
	33369	:	486;
	33370	:	699;
	33371	:	7bb;
	33372	:	69a;
	33373	:	798;
	33374	:	bc9;
	33375	:	ab8;
	33376	:	9a6;
	33377	:	896;
	33378	:	895;
	33379	:	895;
	33380	:	795;
	33381	:	794;
	33382	:	795;
	33383	:	795;
	33384	:	895;
	33385	:	895;
	33386	:	896;
	33387	:	8a6;
	33388	:	8a7;
	33389	:	9a7;
	33390	:	8a6;
	33391	:	896;
	33392	:	795;
	33393	:	795;
	33394	:	795;
	33395	:	795;
	33396	:	795;
	33397	:	795;
	33398	:	795;
	33399	:	795;
	33400	:	695;
	33401	:	694;
	33402	:	784;
	33403	:	794;
	33404	:	684;
	33405	:	784;
	33406	:	684;
	33407	:	784;
	33408	:	794;
	33409	:	784;
	33410	:	784;
	33411	:	784;
	33412	:	784;
	33413	:	785;
	33414	:	784;
	33415	:	784;
	33416	:	784;
	33417	:	784;
	33418	:	784;
	33419	:	684;
	33420	:	784;
	33421	:	784;
	33422	:	684;
	33423	:	684;
	33424	:	684;
	33425	:	684;
	33426	:	684;
	33427	:	683;
	33428	:	683;
	33429	:	673;
	33430	:	683;
	33431	:	683;
	33432	:	683;
	33433	:	673;
	33434	:	683;
	33435	:	683;
	33436	:	673;
	33437	:	673;
	33438	:	673;
	33439	:	aa6;
	33440	:	da9;
	33441	:	db9;
	33442	:	ebb;
	33443	:	ecb;
	33444	:	ecc;
	33445	:	edd;
	33446	:	edd;
	33447	:	edc;
	33448	:	ecc;
	33449	:	ecc;
	33450	:	dbb;
	33451	:	dbb;
	33452	:	dcb;
	33453	:	cbb;
	33454	:	aa9;
	33455	:	777;
	33456	:	666;
	33457	:	555;
	33458	:	676;
	33459	:	776;
	33460	:	432;
	33461	:	322;
	33462	:	222;
	33463	:	221;
	33464	:	221;
	33465	:	221;
	33466	:	221;
	33467	:	665;
	33468	:	333;
	33469	:	444;
	33470	:	444;
	33471	:	333;
	33472	:	555;
	33473	:	322;
	33474	:	332;
	33475	:	332;
	33476	:	332;
	33477	:	333;
	33478	:	332;
	33479	:	332;
	33480	:	332;
	33481	:	322;
	33482	:	322;
	33483	:	322;
	33484	:	322;
	33485	:	322;
	33486	:	322;
	33487	:	322;
	33488	:	322;
	33489	:	322;
	33490	:	222;
	33491	:	221;
	33492	:	322;
	33493	:	644;
	33494	:	844;
	33495	:	833;
	33496	:	a44;
	33497	:	b44;
	33498	:	b44;
	33499	:	b33;
	33500	:	b33;
	33501	:	b33;
	33502	:	b33;
	33503	:	b33;
	33504	:	b43;
	33505	:	a33;
	33506	:	822;
	33507	:	a32;
	33508	:	b33;
	33509	:	b22;
	33510	:	b33;
	33511	:	b33;
	33512	:	a33;
	33513	:	a33;
	33514	:	a33;
	33515	:	a33;
	33516	:	a33;
	33517	:	a32;
	33518	:	a32;
	33519	:	a33;
	33520	:	b33;
	33521	:	a33;
	33522	:	b33;
	33523	:	a33;
	33524	:	a32;
	33525	:	a33;
	33526	:	a32;
	33527	:	932;
	33528	:	a33;
	33529	:	a32;
	33530	:	a33;
	33531	:	a32;
	33532	:	a33;
	33533	:	932;
	33534	:	a33;
	33535	:	a33;
	33536	:	472;
	33537	:	572;
	33538	:	472;
	33539	:	573;
	33540	:	786;
	33541	:	444;
	33542	:	333;
	33543	:	333;
	33544	:	222;
	33545	:	222;
	33546	:	333;
	33547	:	333;
	33548	:	231;
	33549	:	574;
	33550	:	573;
	33551	:	573;
	33552	:	573;
	33553	:	573;
	33554	:	675;
	33555	:	211;
	33556	:	333;
	33557	:	221;
	33558	:	221;
	33559	:	221;
	33560	:	332;
	33561	:	333;
	33562	:	333;
	33563	:	333;
	33564	:	444;
	33565	:	334;
	33566	:	444;
	33567	:	566;
	33568	:	445;
	33569	:	333;
	33570	:	333;
	33571	:	333;
	33572	:	333;
	33573	:	333;
	33574	:	333;
	33575	:	322;
	33576	:	333;
	33577	:	322;
	33578	:	bbb;
	33579	:	dcc;
	33580	:	edd;
	33581	:	dcd;
	33582	:	fef;
	33583	:	ede;
	33584	:	ddd;
	33585	:	fee;
	33586	:	ede;
	33587	:	fee;
	33588	:	edd;
	33589	:	fef;
	33590	:	fef;
	33591	:	fff;
	33592	:	fff;
	33593	:	fff;
	33594	:	dcc;
	33595	:	322;
	33596	:	443;
	33597	:	333;
	33598	:	343;
	33599	:	333;
	33600	:	333;
	33601	:	221;
	33602	:	654;
	33603	:	a98;
	33604	:	ecc;
	33605	:	ecc;
	33606	:	fee;
	33607	:	fdd;
	33608	:	dcc;
	33609	:	cbb;
	33610	:	331;
	33611	:	442;
	33612	:	763;
	33613	:	a93;
	33614	:	870;
	33615	:	a92;
	33616	:	882;
	33617	:	672;
	33618	:	573;
	33619	:	585;
	33620	:	586;
	33621	:	586;
	33622	:	697;
	33623	:	584;
	33624	:	586;
	33625	:	697;
	33626	:	6a9;
	33627	:	7ba;
	33628	:	699;
	33629	:	688;
	33630	:	cdb;
	33631	:	bca;
	33632	:	bc9;
	33633	:	ab8;
	33634	:	9b7;
	33635	:	8a6;
	33636	:	795;
	33637	:	794;
	33638	:	794;
	33639	:	694;
	33640	:	694;
	33641	:	795;
	33642	:	796;
	33643	:	896;
	33644	:	8a7;
	33645	:	9a7;
	33646	:	9a7;
	33647	:	9a7;
	33648	:	9a7;
	33649	:	8a6;
	33650	:	796;
	33651	:	795;
	33652	:	795;
	33653	:	795;
	33654	:	795;
	33655	:	795;
	33656	:	695;
	33657	:	695;
	33658	:	685;
	33659	:	684;
	33660	:	684;
	33661	:	684;
	33662	:	684;
	33663	:	784;
	33664	:	784;
	33665	:	784;
	33666	:	784;
	33667	:	784;
	33668	:	784;
	33669	:	784;
	33670	:	784;
	33671	:	784;
	33672	:	784;
	33673	:	784;
	33674	:	784;
	33675	:	784;
	33676	:	684;
	33677	:	684;
	33678	:	684;
	33679	:	684;
	33680	:	684;
	33681	:	684;
	33682	:	684;
	33683	:	684;
	33684	:	683;
	33685	:	683;
	33686	:	683;
	33687	:	683;
	33688	:	683;
	33689	:	683;
	33690	:	673;
	33691	:	683;
	33692	:	673;
	33693	:	673;
	33694	:	673;
	33695	:	673;
	33696	:	ca8;
	33697	:	dba;
	33698	:	dba;
	33699	:	ebb;
	33700	:	ecc;
	33701	:	ecc;
	33702	:	edd;
	33703	:	edd;
	33704	:	ecc;
	33705	:	ecc;
	33706	:	dcc;
	33707	:	dcc;
	33708	:	dbb;
	33709	:	cbb;
	33710	:	a99;
	33711	:	776;
	33712	:	665;
	33713	:	555;
	33714	:	665;
	33715	:	443;
	33716	:	332;
	33717	:	322;
	33718	:	222;
	33719	:	222;
	33720	:	222;
	33721	:	222;
	33722	:	665;
	33723	:	555;
	33724	:	333;
	33725	:	322;
	33726	:	222;
	33727	:	322;
	33728	:	444;
	33729	:	322;
	33730	:	333;
	33731	:	333;
	33732	:	333;
	33733	:	332;
	33734	:	332;
	33735	:	322;
	33736	:	332;
	33737	:	322;
	33738	:	322;
	33739	:	322;
	33740	:	332;
	33741	:	322;
	33742	:	322;
	33743	:	322;
	33744	:	322;
	33745	:	322;
	33746	:	222;
	33747	:	211;
	33748	:	633;
	33749	:	844;
	33750	:	955;
	33751	:	833;
	33752	:	a33;
	33753	:	a43;
	33754	:	b44;
	33755	:	a33;
	33756	:	a33;
	33757	:	b33;
	33758	:	b43;
	33759	:	b33;
	33760	:	b33;
	33761	:	a33;
	33762	:	933;
	33763	:	922;
	33764	:	a32;
	33765	:	a32;
	33766	:	b33;
	33767	:	b33;
	33768	:	b33;
	33769	:	b33;
	33770	:	b33;
	33771	:	b33;
	33772	:	b33;
	33773	:	b33;
	33774	:	a32;
	33775	:	a32;
	33776	:	a33;
	33777	:	a32;
	33778	:	a33;
	33779	:	a33;
	33780	:	a33;
	33781	:	932;
	33782	:	922;
	33783	:	a32;
	33784	:	932;
	33785	:	a32;
	33786	:	a33;
	33787	:	a33;
	33788	:	a32;
	33789	:	a33;
	33790	:	933;
	33791	:	933;
	33792	:	472;
	33793	:	472;
	33794	:	472;
	33795	:	573;
	33796	:	786;
	33797	:	444;
	33798	:	333;
	33799	:	322;
	33800	:	222;
	33801	:	222;
	33802	:	222;
	33803	:	221;
	33804	:	573;
	33805	:	573;
	33806	:	573;
	33807	:	573;
	33808	:	573;
	33809	:	574;
	33810	:	443;
	33811	:	222;
	33812	:	222;
	33813	:	211;
	33814	:	211;
	33815	:	211;
	33816	:	222;
	33817	:	222;
	33818	:	221;
	33819	:	222;
	33820	:	322;
	33821	:	222;
	33822	:	787;
	33823	:	333;
	33824	:	444;
	33825	:	333;
	33826	:	333;
	33827	:	333;
	33828	:	333;
	33829	:	333;
	33830	:	333;
	33831	:	333;
	33832	:	332;
	33833	:	333;
	33834	:	998;
	33835	:	cbb;
	33836	:	edd;
	33837	:	ede;
	33838	:	dcd;
	33839	:	fef;
	33840	:	eef;
	33841	:	ede;
	33842	:	fde;
	33843	:	fef;
	33844	:	fee;
	33845	:	ede;
	33846	:	fff;
	33847	:	edd;
	33848	:	fff;
	33849	:	fee;
	33850	:	fff;
	33851	:	fff;
	33852	:	fff;
	33853	:	887;
	33854	:	332;
	33855	:	332;
	33856	:	332;
	33857	:	332;
	33858	:	221;
	33859	:	332;
	33860	:	443;
	33861	:	ba9;
	33862	:	dbb;
	33863	:	fee;
	33864	:	ca9;
	33865	:	a86;
	33866	:	cb8;
	33867	:	542;
	33868	:	552;
	33869	:	662;
	33870	:	a92;
	33871	:	a80;
	33872	:	a91;
	33873	:	882;
	33874	:	683;
	33875	:	585;
	33876	:	586;
	33877	:	586;
	33878	:	586;
	33879	:	574;
	33880	:	585;
	33881	:	697;
	33882	:	699;
	33883	:	699;
	33884	:	7bb;
	33885	:	699;
	33886	:	bcb;
	33887	:	ddc;
	33888	:	cda;
	33889	:	cca;
	33890	:	ab8;
	33891	:	ab7;
	33892	:	9a6;
	33893	:	795;
	33894	:	794;
	33895	:	684;
	33896	:	684;
	33897	:	684;
	33898	:	795;
	33899	:	796;
	33900	:	896;
	33901	:	897;
	33902	:	9a7;
	33903	:	9a8;
	33904	:	9a8;
	33905	:	9b8;
	33906	:	9a7;
	33907	:	896;
	33908	:	796;
	33909	:	795;
	33910	:	795;
	33911	:	795;
	33912	:	795;
	33913	:	695;
	33914	:	695;
	33915	:	685;
	33916	:	684;
	33917	:	684;
	33918	:	784;
	33919	:	684;
	33920	:	784;
	33921	:	784;
	33922	:	784;
	33923	:	784;
	33924	:	684;
	33925	:	684;
	33926	:	784;
	33927	:	784;
	33928	:	784;
	33929	:	684;
	33930	:	684;
	33931	:	684;
	33932	:	684;
	33933	:	684;
	33934	:	684;
	33935	:	684;
	33936	:	684;
	33937	:	684;
	33938	:	684;
	33939	:	683;
	33940	:	683;
	33941	:	683;
	33942	:	683;
	33943	:	683;
	33944	:	573;
	33945	:	573;
	33946	:	573;
	33947	:	673;
	33948	:	683;
	33949	:	673;
	33950	:	673;
	33951	:	673;
	33952	:	ba7;
	33953	:	db9;
	33954	:	db9;
	33955	:	ecb;
	33956	:	ecb;
	33957	:	ecc;
	33958	:	edd;
	33959	:	edd;
	33960	:	ecc;
	33961	:	ecc;
	33962	:	ecc;
	33963	:	dcc;
	33964	:	dcc;
	33965	:	cbb;
	33966	:	aaa;
	33967	:	777;
	33968	:	555;
	33969	:	544;
	33970	:	665;
	33971	:	544;
	33972	:	333;
	33973	:	333;
	33974	:	222;
	33975	:	222;
	33976	:	555;
	33977	:	666;
	33978	:	554;
	33979	:	333;
	33980	:	222;
	33981	:	322;
	33982	:	322;
	33983	:	322;
	33984	:	444;
	33985	:	322;
	33986	:	333;
	33987	:	433;
	33988	:	443;
	33989	:	332;
	33990	:	322;
	33991	:	333;
	33992	:	322;
	33993	:	322;
	33994	:	322;
	33995	:	322;
	33996	:	322;
	33997	:	322;
	33998	:	322;
	33999	:	322;
	34000	:	322;
	34001	:	222;
	34002	:	221;
	34003	:	533;
	34004	:	843;
	34005	:	a55;
	34006	:	944;
	34007	:	944;
	34008	:	a44;
	34009	:	a33;
	34010	:	a33;
	34011	:	a33;
	34012	:	a33;
	34013	:	b33;
	34014	:	c43;
	34015	:	b33;
	34016	:	b33;
	34017	:	a43;
	34018	:	933;
	34019	:	932;
	34020	:	a22;
	34021	:	a33;
	34022	:	b33;
	34023	:	b33;
	34024	:	b33;
	34025	:	b33;
	34026	:	b33;
	34027	:	b33;
	34028	:	b33;
	34029	:	b33;
	34030	:	a32;
	34031	:	a33;
	34032	:	a33;
	34033	:	a33;
	34034	:	a33;
	34035	:	a33;
	34036	:	a32;
	34037	:	933;
	34038	:	932;
	34039	:	a32;
	34040	:	a32;
	34041	:	a33;
	34042	:	a32;
	34043	:	a33;
	34044	:	a33;
	34045	:	932;
	34046	:	933;
	34047	:	932;
	34048	:	572;
	34049	:	573;
	34050	:	573;
	34051	:	573;
	34052	:	776;
	34053	:	444;
	34054	:	333;
	34055	:	222;
	34056	:	222;
	34057	:	222;
	34058	:	222;
	34059	:	453;
	34060	:	573;
	34061	:	573;
	34062	:	573;
	34063	:	573;
	34064	:	573;
	34065	:	675;
	34066	:	222;
	34067	:	222;
	34068	:	221;
	34069	:	221;
	34070	:	221;
	34071	:	221;
	34072	:	222;
	34073	:	322;
	34074	:	222;
	34075	:	221;
	34076	:	211;
	34077	:	565;
	34078	:	333;
	34079	:	444;
	34080	:	333;
	34081	:	333;
	34082	:	333;
	34083	:	333;
	34084	:	333;
	34085	:	332;
	34086	:	323;
	34087	:	332;
	34088	:	322;
	34089	:	332;
	34090	:	555;
	34091	:	ddd;
	34092	:	bab;
	34093	:	ede;
	34094	:	ede;
	34095	:	dcd;
	34096	:	fff;
	34097	:	fef;
	34098	:	ede;
	34099	:	fde;
	34100	:	fef;
	34101	:	fff;
	34102	:	fef;
	34103	:	fff;
	34104	:	fde;
	34105	:	fff;
	34106	:	fff;
	34107	:	fff;
	34108	:	fff;
	34109	:	fef;
	34110	:	fee;
	34111	:	a88;
	34112	:	ba9;
	34113	:	766;
	34114	:	aa9;
	34115	:	766;
	34116	:	222;
	34117	:	332;
	34118	:	554;
	34119	:	fdd;
	34120	:	ecb;
	34121	:	874;
	34122	:	b94;
	34123	:	ba4;
	34124	:	a83;
	34125	:	761;
	34126	:	771;
	34127	:	a92;
	34128	:	ca1;
	34129	:	a91;
	34130	:	782;
	34131	:	584;
	34132	:	586;
	34133	:	586;
	34134	:	697;
	34135	:	585;
	34136	:	585;
	34137	:	597;
	34138	:	699;
	34139	:	6a9;
	34140	:	7bb;
	34141	:	7aa;
	34142	:	aba;
	34143	:	dec;
	34144	:	dec;
	34145	:	ddb;
	34146	:	cda;
	34147	:	bb9;
	34148	:	ab8;
	34149	:	9a6;
	34150	:	895;
	34151	:	794;
	34152	:	694;
	34153	:	684;
	34154	:	695;
	34155	:	796;
	34156	:	796;
	34157	:	897;
	34158	:	897;
	34159	:	9a8;
	34160	:	9a8;
	34161	:	9b8;
	34162	:	9b8;
	34163	:	9a7;
	34164	:	8a6;
	34165	:	8a6;
	34166	:	795;
	34167	:	795;
	34168	:	695;
	34169	:	695;
	34170	:	685;
	34171	:	695;
	34172	:	685;
	34173	:	685;
	34174	:	684;
	34175	:	784;
	34176	:	784;
	34177	:	684;
	34178	:	684;
	34179	:	784;
	34180	:	784;
	34181	:	684;
	34182	:	684;
	34183	:	684;
	34184	:	684;
	34185	:	684;
	34186	:	683;
	34187	:	683;
	34188	:	684;
	34189	:	684;
	34190	:	684;
	34191	:	684;
	34192	:	683;
	34193	:	684;
	34194	:	683;
	34195	:	683;
	34196	:	683;
	34197	:	683;
	34198	:	683;
	34199	:	683;
	34200	:	683;
	34201	:	683;
	34202	:	683;
	34203	:	673;
	34204	:	683;
	34205	:	673;
	34206	:	683;
	34207	:	673;
	34208	:	773;
	34209	:	cb8;
	34210	:	db9;
	34211	:	dba;
	34212	:	dbb;
	34213	:	ecc;
	34214	:	edd;
	34215	:	edd;
	34216	:	edc;
	34217	:	ecc;
	34218	:	ecc;
	34219	:	dcc;
	34220	:	dbc;
	34221	:	cbb;
	34222	:	aa9;
	34223	:	877;
	34224	:	555;
	34225	:	554;
	34226	:	665;
	34227	:	444;
	34228	:	554;
	34229	:	444;
	34230	:	665;
	34231	:	787;
	34232	:	565;
	34233	:	555;
	34234	:	544;
	34235	:	444;
	34236	:	332;
	34237	:	322;
	34238	:	322;
	34239	:	322;
	34240	:	444;
	34241	:	332;
	34242	:	333;
	34243	:	433;
	34244	:	443;
	34245	:	333;
	34246	:	322;
	34247	:	322;
	34248	:	333;
	34249	:	322;
	34250	:	322;
	34251	:	322;
	34252	:	322;
	34253	:	322;
	34254	:	322;
	34255	:	333;
	34256	:	222;
	34257	:	221;
	34258	:	321;
	34259	:	522;
	34260	:	944;
	34261	:	944;
	34262	:	a55;
	34263	:	933;
	34264	:	a44;
	34265	:	a44;
	34266	:	a33;
	34267	:	a33;
	34268	:	b33;
	34269	:	b43;
	34270	:	b33;
	34271	:	b33;
	34272	:	a33;
	34273	:	a33;
	34274	:	932;
	34275	:	a33;
	34276	:	a32;
	34277	:	b33;
	34278	:	b33;
	34279	:	b33;
	34280	:	b33;
	34281	:	b33;
	34282	:	b33;
	34283	:	b33;
	34284	:	b33;
	34285	:	b33;
	34286	:	b33;
	34287	:	a33;
	34288	:	a32;
	34289	:	a33;
	34290	:	a33;
	34291	:	a32;
	34292	:	a33;
	34293	:	922;
	34294	:	932;
	34295	:	932;
	34296	:	822;
	34297	:	933;
	34298	:	a32;
	34299	:	933;
	34300	:	a33;
	34301	:	a33;
	34302	:	a33;
	34303	:	933;
	34304	:	473;
	34305	:	573;
	34306	:	462;
	34307	:	573;
	34308	:	665;
	34309	:	444;
	34310	:	333;
	34311	:	222;
	34312	:	222;
	34313	:	222;
	34314	:	332;
	34315	:	574;
	34316	:	574;
	34317	:	574;
	34318	:	573;
	34319	:	573;
	34320	:	574;
	34321	:	665;
	34322	:	322;
	34323	:	221;
	34324	:	221;
	34325	:	221;
	34326	:	221;
	34327	:	221;
	34328	:	222;
	34329	:	332;
	34330	:	222;
	34331	:	222;
	34332	:	444;
	34333	:	444;
	34334	:	333;
	34335	:	444;
	34336	:	333;
	34337	:	333;
	34338	:	333;
	34339	:	333;
	34340	:	333;
	34341	:	333;
	34342	:	333;
	34343	:	332;
	34344	:	333;
	34345	:	333;
	34346	:	434;
	34347	:	ccc;
	34348	:	dcd;
	34349	:	cbc;
	34350	:	fef;
	34351	:	fef;
	34352	:	edd;
	34353	:	fef;
	34354	:	fef;
	34355	:	fde;
	34356	:	fff;
	34357	:	ede;
	34358	:	fee;
	34359	:	fef;
	34360	:	fef;
	34361	:	fee;
	34362	:	fee;
	34363	:	fde;
	34364	:	edd;
	34365	:	fde;
	34366	:	fee;
	34367	:	fee;
	34368	:	fdd;
	34369	:	fdd;
	34370	:	fdd;
	34371	:	fee;
	34372	:	edd;
	34373	:	332;
	34374	:	432;
	34375	:	432;
	34376	:	edb;
	34377	:	ca6;
	34378	:	873;
	34379	:	b93;
	34380	:	ca3;
	34381	:	ca3;
	34382	:	a81;
	34383	:	981;
	34384	:	b91;
	34385	:	ca1;
	34386	:	991;
	34387	:	573;
	34388	:	585;
	34389	:	585;
	34390	:	475;
	34391	:	574;
	34392	:	584;
	34393	:	586;
	34394	:	587;
	34395	:	698;
	34396	:	6aa;
	34397	:	8bb;
	34398	:	9a9;
	34399	:	eed;
	34400	:	dec;
	34401	:	dec;
	34402	:	ddc;
	34403	:	cdb;
	34404	:	bc9;
	34405	:	ab8;
	34406	:	9a7;
	34407	:	8a6;
	34408	:	795;
	34409	:	795;
	34410	:	695;
	34411	:	796;
	34412	:	796;
	34413	:	796;
	34414	:	8a7;
	34415	:	8a8;
	34416	:	8a8;
	34417	:	9a8;
	34418	:	9a8;
	34419	:	9a8;
	34420	:	9a7;
	34421	:	9a7;
	34422	:	8a6;
	34423	:	795;
	34424	:	685;
	34425	:	685;
	34426	:	685;
	34427	:	685;
	34428	:	685;
	34429	:	684;
	34430	:	785;
	34431	:	684;
	34432	:	684;
	34433	:	684;
	34434	:	684;
	34435	:	784;
	34436	:	684;
	34437	:	784;
	34438	:	684;
	34439	:	684;
	34440	:	683;
	34441	:	684;
	34442	:	683;
	34443	:	683;
	34444	:	683;
	34445	:	683;
	34446	:	684;
	34447	:	684;
	34448	:	683;
	34449	:	683;
	34450	:	683;
	34451	:	683;
	34452	:	683;
	34453	:	683;
	34454	:	683;
	34455	:	683;
	34456	:	683;
	34457	:	683;
	34458	:	583;
	34459	:	683;
	34460	:	673;
	34461	:	683;
	34462	:	673;
	34463	:	683;
	34464	:	673;
	34465	:	985;
	34466	:	ca8;
	34467	:	da9;
	34468	:	da9;
	34469	:	dbb;
	34470	:	ecc;
	34471	:	ecc;
	34472	:	ecc;
	34473	:	dcc;
	34474	:	dcc;
	34475	:	dcc;
	34476	:	dbb;
	34477	:	cbb;
	34478	:	baa;
	34479	:	887;
	34480	:	665;
	34481	:	776;
	34482	:	555;
	34483	:	676;
	34484	:	676;
	34485	:	443;
	34486	:	775;
	34487	:	333;
	34488	:	443;
	34489	:	433;
	34490	:	433;
	34491	:	333;
	34492	:	332;
	34493	:	322;
	34494	:	322;
	34495	:	333;
	34496	:	322;
	34497	:	333;
	34498	:	333;
	34499	:	333;
	34500	:	333;
	34501	:	322;
	34502	:	322;
	34503	:	322;
	34504	:	332;
	34505	:	322;
	34506	:	322;
	34507	:	322;
	34508	:	322;
	34509	:	322;
	34510	:	322;
	34511	:	322;
	34512	:	322;
	34513	:	221;
	34514	:	322;
	34515	:	843;
	34516	:	944;
	34517	:	954;
	34518	:	a55;
	34519	:	932;
	34520	:	a33;
	34521	:	a33;
	34522	:	a33;
	34523	:	a33;
	34524	:	c44;
	34525	:	b33;
	34526	:	b33;
	34527	:	a32;
	34528	:	a33;
	34529	:	a33;
	34530	:	a33;
	34531	:	a33;
	34532	:	a33;
	34533	:	b33;
	34534	:	b33;
	34535	:	b33;
	34536	:	b33;
	34537	:	b33;
	34538	:	b33;
	34539	:	b33;
	34540	:	b33;
	34541	:	b33;
	34542	:	b33;
	34543	:	a33;
	34544	:	a32;
	34545	:	a33;
	34546	:	a33;
	34547	:	a32;
	34548	:	a33;
	34549	:	922;
	34550	:	932;
	34551	:	932;
	34552	:	822;
	34553	:	822;
	34554	:	933;
	34555	:	932;
	34556	:	933;
	34557	:	933;
	34558	:	933;
	34559	:	933;
	34560	:	472;
	34561	:	473;
	34562	:	573;
	34563	:	573;
	34564	:	665;
	34565	:	333;
	34566	:	333;
	34567	:	222;
	34568	:	222;
	34569	:	222;
	34570	:	563;
	34571	:	564;
	34572	:	554;
	34573	:	564;
	34574	:	574;
	34575	:	574;
	34576	:	786;
	34577	:	333;
	34578	:	222;
	34579	:	221;
	34580	:	222;
	34581	:	221;
	34582	:	221;
	34583	:	221;
	34584	:	222;
	34585	:	333;
	34586	:	222;
	34587	:	333;
	34588	:	444;
	34589	:	222;
	34590	:	333;
	34591	:	333;
	34592	:	333;
	34593	:	333;
	34594	:	332;
	34595	:	322;
	34596	:	332;
	34597	:	222;
	34598	:	332;
	34599	:	332;
	34600	:	322;
	34601	:	222;
	34602	:	434;
	34603	:	cbc;
	34604	:	ddd;
	34605	:	dcd;
	34606	:	fef;
	34607	:	fef;
	34608	:	fee;
	34609	:	ede;
	34610	:	fff;
	34611	:	fee;
	34612	:	ede;
	34613	:	fff;
	34614	:	fff;
	34615	:	fde;
	34616	:	fef;
	34617	:	fef;
	34618	:	fde;
	34619	:	fde;
	34620	:	fee;
	34621	:	fef;
	34622	:	fff;
	34623	:	fee;
	34624	:	fee;
	34625	:	fee;
	34626	:	fdd;
	34627	:	fee;
	34628	:	fed;
	34629	:	dcc;
	34630	:	332;
	34631	:	332;
	34632	:	541;
	34633	:	db5;
	34634	:	872;
	34635	:	983;
	34636	:	b92;
	34637	:	c92;
	34638	:	da1;
	34639	:	c90;
	34640	:	ca0;
	34641	:	c90;
	34642	:	b91;
	34643	:	782;
	34644	:	573;
	34645	:	584;
	34646	:	585;
	34647	:	585;
	34648	:	574;
	34649	:	586;
	34650	:	587;
	34651	:	698;
	34652	:	7a9;
	34653	:	7aa;
	34654	:	acb;
	34655	:	efe;
	34656	:	eed;
	34657	:	eed;
	34658	:	eed;
	34659	:	ddc;
	34660	:	cdb;
	34661	:	bca;
	34662	:	ab9;
	34663	:	ab8;
	34664	:	9a7;
	34665	:	8a6;
	34666	:	795;
	34667	:	796;
	34668	:	796;
	34669	:	797;
	34670	:	797;
	34671	:	797;
	34672	:	8a8;
	34673	:	8a8;
	34674	:	8a8;
	34675	:	9a8;
	34676	:	9a8;
	34677	:	9a8;
	34678	:	8a7;
	34679	:	8a6;
	34680	:	896;
	34681	:	795;
	34682	:	685;
	34683	:	685;
	34684	:	685;
	34685	:	695;
	34686	:	684;
	34687	:	684;
	34688	:	684;
	34689	:	684;
	34690	:	784;
	34691	:	684;
	34692	:	684;
	34693	:	784;
	34694	:	684;
	34695	:	684;
	34696	:	683;
	34697	:	683;
	34698	:	683;
	34699	:	683;
	34700	:	683;
	34701	:	683;
	34702	:	683;
	34703	:	683;
	34704	:	683;
	34705	:	683;
	34706	:	683;
	34707	:	683;
	34708	:	683;
	34709	:	683;
	34710	:	683;
	34711	:	683;
	34712	:	683;
	34713	:	583;
	34714	:	683;
	34715	:	683;
	34716	:	683;
	34717	:	673;
	34718	:	683;
	34719	:	673;
	34720	:	683;
	34721	:	673;
	34722	:	cb8;
	34723	:	ca8;
	34724	:	ca9;
	34725	:	dba;
	34726	:	dcc;
	34727	:	ecc;
	34728	:	dbb;
	34729	:	ecc;
	34730	:	dcc;
	34731	:	ecc;
	34732	:	dcc;
	34733	:	dcc;
	34734	:	baa;
	34735	:	888;
	34736	:	665;
	34737	:	777;
	34738	:	776;
	34739	:	666;
	34740	:	322;
	34741	:	432;
	34742	:	543;
	34743	:	322;
	34744	:	332;
	34745	:	322;
	34746	:	322;
	34747	:	322;
	34748	:	333;
	34749	:	433;
	34750	:	544;
	34751	:	554;
	34752	:	444;
	34753	:	444;
	34754	:	443;
	34755	:	333;
	34756	:	322;
	34757	:	332;
	34758	:	322;
	34759	:	322;
	34760	:	322;
	34761	:	322;
	34762	:	322;
	34763	:	222;
	34764	:	322;
	34765	:	333;
	34766	:	322;
	34767	:	222;
	34768	:	222;
	34769	:	221;
	34770	:	522;
	34771	:	843;
	34772	:	944;
	34773	:	944;
	34774	:	a44;
	34775	:	932;
	34776	:	a33;
	34777	:	b43;
	34778	:	b43;
	34779	:	b43;
	34780	:	b33;
	34781	:	a32;
	34782	:	b33;
	34783	:	922;
	34784	:	933;
	34785	:	a33;
	34786	:	a33;
	34787	:	a33;
	34788	:	b33;
	34789	:	a33;
	34790	:	a33;
	34791	:	b33;
	34792	:	b33;
	34793	:	b33;
	34794	:	b33;
	34795	:	b33;
	34796	:	b33;
	34797	:	b33;
	34798	:	b33;
	34799	:	b33;
	34800	:	a33;
	34801	:	932;
	34802	:	932;
	34803	:	a33;
	34804	:	933;
	34805	:	933;
	34806	:	933;
	34807	:	933;
	34808	:	932;
	34809	:	822;
	34810	:	a33;
	34811	:	a33;
	34812	:	933;
	34813	:	933;
	34814	:	722;
	34815	:	833;
	34816	:	473;
	34817	:	473;
	34818	:	573;
	34819	:	573;
	34820	:	665;
	34821	:	333;
	34822	:	322;
	34823	:	222;
	34824	:	222;
	34825	:	231;
	34826	:	573;
	34827	:	573;
	34828	:	564;
	34829	:	565;
	34830	:	554;
	34831	:	554;
	34832	:	554;
	34833	:	655;
	34834	:	333;
	34835	:	211;
	34836	:	221;
	34837	:	221;
	34838	:	221;
	34839	:	221;
	34840	:	111;
	34841	:	333;
	34842	:	677;
	34843	:	777;
	34844	:	222;
	34845	:	332;
	34846	:	333;
	34847	:	222;
	34848	:	333;
	34849	:	333;
	34850	:	222;
	34851	:	332;
	34852	:	222;
	34853	:	322;
	34854	:	222;
	34855	:	332;
	34856	:	322;
	34857	:	222;
	34858	:	333;
	34859	:	ccc;
	34860	:	ddd;
	34861	:	dde;
	34862	:	ede;
	34863	:	fff;
	34864	:	fef;
	34865	:	fef;
	34866	:	eee;
	34867	:	fff;
	34868	:	fef;
	34869	:	ede;
	34870	:	fff;
	34871	:	fef;
	34872	:	ecd;
	34873	:	fee;
	34874	:	fde;
	34875	:	fef;
	34876	:	fee;
	34877	:	fdd;
	34878	:	fdd;
	34879	:	fdd;
	34880	:	fdd;
	34881	:	fdd;
	34882	:	fed;
	34883	:	fff;
	34884	:	fee;
	34885	:	fee;
	34886	:	fee;
	34887	:	544;
	34888	:	332;
	34889	:	762;
	34890	:	b91;
	34891	:	872;
	34892	:	a92;
	34893	:	c92;
	34894	:	da1;
	34895	:	eb1;
	34896	:	da0;
	34897	:	da0;
	34898	:	ca0;
	34899	:	a91;
	34900	:	783;
	34901	:	683;
	34902	:	585;
	34903	:	585;
	34904	:	584;
	34905	:	585;
	34906	:	586;
	34907	:	698;
	34908	:	698;
	34909	:	7aa;
	34910	:	8aa;
	34911	:	fff;
	34912	:	efe;
	34913	:	efe;
	34914	:	eed;
	34915	:	eed;
	34916	:	eed;
	34917	:	cdb;
	34918	:	cdb;
	34919	:	bc9;
	34920	:	ab9;
	34921	:	9a8;
	34922	:	8a7;
	34923	:	796;
	34924	:	796;
	34925	:	796;
	34926	:	797;
	34927	:	797;
	34928	:	8a8;
	34929	:	798;
	34930	:	8a8;
	34931	:	8a8;
	34932	:	8a8;
	34933	:	9a8;
	34934	:	9a8;
	34935	:	8a7;
	34936	:	896;
	34937	:	896;
	34938	:	795;
	34939	:	795;
	34940	:	685;
	34941	:	685;
	34942	:	685;
	34943	:	684;
	34944	:	684;
	34945	:	784;
	34946	:	684;
	34947	:	784;
	34948	:	684;
	34949	:	684;
	34950	:	684;
	34951	:	684;
	34952	:	683;
	34953	:	683;
	34954	:	683;
	34955	:	683;
	34956	:	583;
	34957	:	583;
	34958	:	683;
	34959	:	683;
	34960	:	683;
	34961	:	683;
	34962	:	683;
	34963	:	683;
	34964	:	683;
	34965	:	683;
	34966	:	683;
	34967	:	683;
	34968	:	683;
	34969	:	683;
	34970	:	583;
	34971	:	583;
	34972	:	683;
	34973	:	683;
	34974	:	683;
	34975	:	683;
	34976	:	673;
	34977	:	673;
	34978	:	773;
	34979	:	cb8;
	34980	:	da9;
	34981	:	db9;
	34982	:	dba;
	34983	:	ecc;
	34984	:	dcc;
	34985	:	dcc;
	34986	:	dcc;
	34987	:	ecc;
	34988	:	edd;
	34989	:	dcc;
	34990	:	bba;
	34991	:	999;
	34992	:	777;
	34993	:	887;
	34994	:	765;
	34995	:	432;
	34996	:	332;
	34997	:	432;
	34998	:	442;
	34999	:	332;
	35000	:	332;
	35001	:	332;
	35002	:	332;
	35003	:	332;
	35004	:	433;
	35005	:	322;
	35006	:	332;
	35007	:	332;
	35008	:	332;
	35009	:	333;
	35010	:	332;
	35011	:	332;
	35012	:	332;
	35013	:	432;
	35014	:	433;
	35015	:	432;
	35016	:	332;
	35017	:	322;
	35018	:	322;
	35019	:	322;
	35020	:	322;
	35021	:	433;
	35022	:	322;
	35023	:	322;
	35024	:	322;
	35025	:	322;
	35026	:	632;
	35027	:	943;
	35028	:	944;
	35029	:	944;
	35030	:	a44;
	35031	:	933;
	35032	:	a33;
	35033	:	b43;
	35034	:	b44;
	35035	:	b33;
	35036	:	a33;
	35037	:	b33;
	35038	:	a33;
	35039	:	932;
	35040	:	922;
	35041	:	a33;
	35042	:	b33;
	35043	:	a33;
	35044	:	b44;
	35045	:	a33;
	35046	:	a32;
	35047	:	b33;
	35048	:	a33;
	35049	:	b33;
	35050	:	a33;
	35051	:	a33;
	35052	:	b33;
	35053	:	b33;
	35054	:	b33;
	35055	:	a33;
	35056	:	a33;
	35057	:	a33;
	35058	:	932;
	35059	:	933;
	35060	:	933;
	35061	:	933;
	35062	:	933;
	35063	:	932;
	35064	:	933;
	35065	:	822;
	35066	:	932;
	35067	:	a33;
	35068	:	933;
	35069	:	832;
	35070	:	732;
	35071	:	622;
	35072	:	573;
	35073	:	573;
	35074	:	573;
	35075	:	573;
	35076	:	554;
	35077	:	333;
	35078	:	222;
	35079	:	222;
	35080	:	231;
	35081	:	574;
	35082	:	573;
	35083	:	574;
	35084	:	574;
	35085	:	574;
	35086	:	332;
	35087	:	332;
	35088	:	332;
	35089	:	322;
	35090	:	322;
	35091	:	333;
	35092	:	343;
	35093	:	444;
	35094	:	454;
	35095	:	444;
	35096	:	555;
	35097	:	222;
	35098	:	444;
	35099	:	222;
	35100	:	222;
	35101	:	322;
	35102	:	222;
	35103	:	332;
	35104	:	333;
	35105	:	222;
	35106	:	332;
	35107	:	322;
	35108	:	322;
	35109	:	222;
	35110	:	222;
	35111	:	222;
	35112	:	222;
	35113	:	222;
	35114	:	332;
	35115	:	bbb;
	35116	:	dcd;
	35117	:	dcc;
	35118	:	ede;
	35119	:	fef;
	35120	:	dcd;
	35121	:	fff;
	35122	:	fef;
	35123	:	fef;
	35124	:	fef;
	35125	:	ede;
	35126	:	fef;
	35127	:	edd;
	35128	:	edd;
	35129	:	ecd;
	35130	:	ecd;
	35131	:	dbc;
	35132	:	ecc;
	35133	:	ecc;
	35134	:	ecc;
	35135	:	ecc;
	35136	:	ecc;
	35137	:	fee;
	35138	:	fdd;
	35139	:	fdd;
	35140	:	fdd;
	35141	:	fdd;
	35142	:	fee;
	35143	:	fed;
	35144	:	ecc;
	35145	:	321;
	35146	:	772;
	35147	:	b91;
	35148	:	b91;
	35149	:	a81;
	35150	:	ca0;
	35151	:	da0;
	35152	:	da0;
	35153	:	ea0;
	35154	:	eb0;
	35155	:	da0;
	35156	:	db0;
	35157	:	991;
	35158	:	683;
	35159	:	685;
	35160	:	585;
	35161	:	696;
	35162	:	696;
	35163	:	586;
	35164	:	698;
	35165	:	7aa;
	35166	:	7a9;
	35167	:	cdd;
	35168	:	fff;
	35169	:	fff;
	35170	:	fff;
	35171	:	ffe;
	35172	:	fff;
	35173	:	efd;
	35174	:	ded;
	35175	:	ddc;
	35176	:	cdb;
	35177	:	bca;
	35178	:	ab9;
	35179	:	9b8;
	35180	:	9a7;
	35181	:	897;
	35182	:	797;
	35183	:	797;
	35184	:	797;
	35185	:	798;
	35186	:	798;
	35187	:	798;
	35188	:	8a8;
	35189	:	898;
	35190	:	8a8;
	35191	:	8a8;
	35192	:	8a8;
	35193	:	8a7;
	35194	:	896;
	35195	:	796;
	35196	:	795;
	35197	:	795;
	35198	:	795;
	35199	:	685;
	35200	:	695;
	35201	:	684;
	35202	:	684;
	35203	:	684;
	35204	:	684;
	35205	:	684;
	35206	:	784;
	35207	:	684;
	35208	:	684;
	35209	:	683;
	35210	:	683;
	35211	:	683;
	35212	:	683;
	35213	:	583;
	35214	:	683;
	35215	:	683;
	35216	:	583;
	35217	:	683;
	35218	:	583;
	35219	:	683;
	35220	:	683;
	35221	:	583;
	35222	:	683;
	35223	:	683;
	35224	:	683;
	35225	:	683;
	35226	:	683;
	35227	:	683;
	35228	:	683;
	35229	:	583;
	35230	:	683;
	35231	:	683;
	35232	:	583;
	35233	:	683;
	35234	:	683;
	35235	:	673;
	35236	:	a96;
	35237	:	ca8;
	35238	:	ca9;
	35239	:	db9;
	35240	:	dcb;
	35241	:	dcc;
	35242	:	dcc;
	35243	:	dcc;
	35244	:	dcc;
	35245	:	dbc;
	35246	:	baa;
	35247	:	aaa;
	35248	:	999;
	35249	:	777;
	35250	:	665;
	35251	:	674;
	35252	:	674;
	35253	:	674;
	35254	:	674;
	35255	:	674;
	35256	:	774;
	35257	:	674;
	35258	:	674;
	35259	:	664;
	35260	:	664;
	35261	:	664;
	35262	:	664;
	35263	:	864;
	35264	:	a54;
	35265	:	a54;
	35266	:	943;
	35267	:	732;
	35268	:	733;
	35269	:	632;
	35270	:	632;
	35271	:	532;
	35272	:	522;
	35273	:	422;
	35274	:	522;
	35275	:	422;
	35276	:	322;
	35277	:	322;
	35278	:	221;
	35279	:	322;
	35280	:	322;
	35281	:	432;
	35282	:	743;
	35283	:	943;
	35284	:	943;
	35285	:	a44;
	35286	:	a33;
	35287	:	a33;
	35288	:	a33;
	35289	:	a33;
	35290	:	a33;
	35291	:	a33;
	35292	:	a33;
	35293	:	a33;
	35294	:	a32;
	35295	:	932;
	35296	:	a33;
	35297	:	b33;
	35298	:	b44;
	35299	:	a33;
	35300	:	b44;
	35301	:	b33;
	35302	:	b33;
	35303	:	b33;
	35304	:	b33;
	35305	:	b33;
	35306	:	b33;
	35307	:	b33;
	35308	:	a33;
	35309	:	a33;
	35310	:	a33;
	35311	:	a33;
	35312	:	a33;
	35313	:	a33;
	35314	:	933;
	35315	:	722;
	35316	:	732;
	35317	:	833;
	35318	:	933;
	35319	:	832;
	35320	:	833;
	35321	:	833;
	35322	:	732;
	35323	:	832;
	35324	:	833;
	35325	:	833;
	35326	:	632;
	35327	:	421;
	35328	:	573;
	35329	:	573;
	35330	:	573;
	35331	:	573;
	35332	:	554;
	35333	:	333;
	35334	:	222;
	35335	:	222;
	35336	:	231;
	35337	:	574;
	35338	:	573;
	35339	:	574;
	35340	:	574;
	35341	:	574;
	35342	:	332;
	35343	:	332;
	35344	:	332;
	35345	:	322;
	35346	:	322;
	35347	:	333;
	35348	:	343;
	35349	:	444;
	35350	:	454;
	35351	:	444;
	35352	:	555;
	35353	:	222;
	35354	:	444;
	35355	:	222;
	35356	:	222;
	35357	:	322;
	35358	:	222;
	35359	:	332;
	35360	:	333;
	35361	:	222;
	35362	:	332;
	35363	:	322;
	35364	:	322;
	35365	:	222;
	35366	:	222;
	35367	:	222;
	35368	:	222;
	35369	:	222;
	35370	:	332;
	35371	:	bbb;
	35372	:	dcd;
	35373	:	dcc;
	35374	:	ede;
	35375	:	fef;
	35376	:	dcd;
	35377	:	fff;
	35378	:	fef;
	35379	:	fef;
	35380	:	fef;
	35381	:	ede;
	35382	:	fef;
	35383	:	edd;
	35384	:	edd;
	35385	:	ecd;
	35386	:	ecd;
	35387	:	dbc;
	35388	:	ecc;
	35389	:	ecc;
	35390	:	ecc;
	35391	:	ecc;
	35392	:	ecc;
	35393	:	fee;
	35394	:	fdd;
	35395	:	fdd;
	35396	:	fdd;
	35397	:	fdd;
	35398	:	fee;
	35399	:	fed;
	35400	:	ecc;
	35401	:	321;
	35402	:	772;
	35403	:	b91;
	35404	:	b91;
	35405	:	a81;
	35406	:	ca0;
	35407	:	da0;
	35408	:	da0;
	35409	:	ea0;
	35410	:	eb0;
	35411	:	da0;
	35412	:	db0;
	35413	:	991;
	35414	:	683;
	35415	:	685;
	35416	:	585;
	35417	:	696;
	35418	:	696;
	35419	:	586;
	35420	:	698;
	35421	:	7aa;
	35422	:	7a9;
	35423	:	cdd;
	35424	:	fff;
	35425	:	fff;
	35426	:	fff;
	35427	:	ffe;
	35428	:	fff;
	35429	:	efd;
	35430	:	ded;
	35431	:	ddc;
	35432	:	cdb;
	35433	:	bca;
	35434	:	ab9;
	35435	:	9b8;
	35436	:	9a7;
	35437	:	897;
	35438	:	797;
	35439	:	797;
	35440	:	797;
	35441	:	798;
	35442	:	798;
	35443	:	798;
	35444	:	8a8;
	35445	:	898;
	35446	:	8a8;
	35447	:	8a8;
	35448	:	8a8;
	35449	:	8a7;
	35450	:	896;
	35451	:	796;
	35452	:	795;
	35453	:	795;
	35454	:	795;
	35455	:	685;
	35456	:	695;
	35457	:	684;
	35458	:	684;
	35459	:	684;
	35460	:	684;
	35461	:	684;
	35462	:	784;
	35463	:	684;
	35464	:	684;
	35465	:	683;
	35466	:	683;
	35467	:	683;
	35468	:	683;
	35469	:	583;
	35470	:	683;
	35471	:	683;
	35472	:	583;
	35473	:	683;
	35474	:	583;
	35475	:	683;
	35476	:	683;
	35477	:	583;
	35478	:	683;
	35479	:	683;
	35480	:	683;
	35481	:	683;
	35482	:	683;
	35483	:	683;
	35484	:	683;
	35485	:	583;
	35486	:	683;
	35487	:	683;
	35488	:	583;
	35489	:	683;
	35490	:	683;
	35491	:	673;
	35492	:	a96;
	35493	:	ca8;
	35494	:	ca9;
	35495	:	db9;
	35496	:	dcb;
	35497	:	dcc;
	35498	:	dcc;
	35499	:	dcc;
	35500	:	dcc;
	35501	:	dbc;
	35502	:	baa;
	35503	:	aaa;
	35504	:	999;
	35505	:	777;
	35506	:	665;
	35507	:	674;
	35508	:	674;
	35509	:	674;
	35510	:	674;
	35511	:	674;
	35512	:	774;
	35513	:	674;
	35514	:	674;
	35515	:	664;
	35516	:	664;
	35517	:	664;
	35518	:	664;
	35519	:	864;
	35520	:	a54;
	35521	:	a54;
	35522	:	943;
	35523	:	732;
	35524	:	733;
	35525	:	632;
	35526	:	632;
	35527	:	532;
	35528	:	522;
	35529	:	422;
	35530	:	522;
	35531	:	422;
	35532	:	322;
	35533	:	322;
	35534	:	221;
	35535	:	322;
	35536	:	322;
	35537	:	432;
	35538	:	743;
	35539	:	943;
	35540	:	943;
	35541	:	a44;
	35542	:	a33;
	35543	:	a33;
	35544	:	a33;
	35545	:	a33;
	35546	:	a33;
	35547	:	a33;
	35548	:	a33;
	35549	:	a33;
	35550	:	a32;
	35551	:	932;
	35552	:	a33;
	35553	:	b33;
	35554	:	b44;
	35555	:	a33;
	35556	:	b44;
	35557	:	b33;
	35558	:	b33;
	35559	:	b33;
	35560	:	b33;
	35561	:	b33;
	35562	:	b33;
	35563	:	b33;
	35564	:	a33;
	35565	:	a33;
	35566	:	a33;
	35567	:	a33;
	35568	:	a33;
	35569	:	a33;
	35570	:	933;
	35571	:	722;
	35572	:	732;
	35573	:	833;
	35574	:	933;
	35575	:	832;
	35576	:	833;
	35577	:	833;
	35578	:	732;
	35579	:	832;
	35580	:	833;
	35581	:	833;
	35582	:	632;
	35583	:	421;
	35584	:	573;
	35585	:	573;
	35586	:	573;
	35587	:	563;
	35588	:	554;
	35589	:	333;
	35590	:	222;
	35591	:	222;
	35592	:	452;
	35593	:	574;
	35594	:	573;
	35595	:	574;
	35596	:	574;
	35597	:	574;
	35598	:	453;
	35599	:	332;
	35600	:	322;
	35601	:	322;
	35602	:	322;
	35603	:	222;
	35604	:	333;
	35605	:	333;
	35606	:	333;
	35607	:	222;
	35608	:	222;
	35609	:	333;
	35610	:	222;
	35611	:	222;
	35612	:	222;
	35613	:	222;
	35614	:	322;
	35615	:	222;
	35616	:	222;
	35617	:	222;
	35618	:	333;
	35619	:	222;
	35620	:	222;
	35621	:	222;
	35622	:	222;
	35623	:	222;
	35624	:	222;
	35625	:	322;
	35626	:	333;
	35627	:	bbb;
	35628	:	ccc;
	35629	:	dcd;
	35630	:	dcd;
	35631	:	eef;
	35632	:	ede;
	35633	:	ede;
	35634	:	fee;
	35635	:	edd;
	35636	:	fde;
	35637	:	ede;
	35638	:	edd;
	35639	:	ede;
	35640	:	dcd;
	35641	:	dbc;
	35642	:	ecd;
	35643	:	dbc;
	35644	:	dbb;
	35645	:	cab;
	35646	:	dbb;
	35647	:	dbc;
	35648	:	ecc;
	35649	:	ecd;
	35650	:	fcc;
	35651	:	ecc;
	35652	:	fcc;
	35653	:	fcc;
	35654	:	fcc;
	35655	:	ecb;
	35656	:	fed;
	35657	:	654;
	35658	:	442;
	35659	:	871;
	35660	:	b91;
	35661	:	c90;
	35662	:	da1;
	35663	:	da0;
	35664	:	da0;
	35665	:	ea0;
	35666	:	ea0;
	35667	:	da0;
	35668	:	da0;
	35669	:	ba0;
	35670	:	993;
	35671	:	685;
	35672	:	585;
	35673	:	574;
	35674	:	696;
	35675	:	686;
	35676	:	698;
	35677	:	7aa;
	35678	:	7aa;
	35679	:	abb;
	35680	:	fff;
	35681	:	fff;
	35682	:	fff;
	35683	:	fff;
	35684	:	fff;
	35685	:	ffe;
	35686	:	efe;
	35687	:	eed;
	35688	:	ddc;
	35689	:	cdb;
	35690	:	bca;
	35691	:	ab9;
	35692	:	ab9;
	35693	:	9a8;
	35694	:	897;
	35695	:	797;
	35696	:	797;
	35697	:	797;
	35698	:	798;
	35699	:	798;
	35700	:	798;
	35701	:	898;
	35702	:	8a8;
	35703	:	898;
	35704	:	897;
	35705	:	8a7;
	35706	:	8a7;
	35707	:	896;
	35708	:	796;
	35709	:	795;
	35710	:	795;
	35711	:	795;
	35712	:	685;
	35713	:	684;
	35714	:	684;
	35715	:	684;
	35716	:	684;
	35717	:	684;
	35718	:	684;
	35719	:	684;
	35720	:	684;
	35721	:	684;
	35722	:	683;
	35723	:	683;
	35724	:	683;
	35725	:	683;
	35726	:	583;
	35727	:	583;
	35728	:	683;
	35729	:	583;
	35730	:	583;
	35731	:	583;
	35732	:	583;
	35733	:	583;
	35734	:	583;
	35735	:	583;
	35736	:	583;
	35737	:	583;
	35738	:	583;
	35739	:	583;
	35740	:	683;
	35741	:	683;
	35742	:	683;
	35743	:	583;
	35744	:	583;
	35745	:	683;
	35746	:	683;
	35747	:	683;
	35748	:	673;
	35749	:	ba7;
	35750	:	ca8;
	35751	:	ca9;
	35752	:	da9;
	35753	:	dcb;
	35754	:	dcc;
	35755	:	dcc;
	35756	:	dcc;
	35757	:	dcc;
	35758	:	cbb;
	35759	:	aa9;
	35760	:	777;
	35761	:	777;
	35762	:	777;
	35763	:	774;
	35764	:	674;
	35765	:	674;
	35766	:	674;
	35767	:	674;
	35768	:	674;
	35769	:	674;
	35770	:	674;
	35771	:	674;
	35772	:	664;
	35773	:	664;
	35774	:	664;
	35775	:	764;
	35776	:	a54;
	35777	:	a54;
	35778	:	943;
	35779	:	832;
	35780	:	832;
	35781	:	732;
	35782	:	632;
	35783	:	622;
	35784	:	521;
	35785	:	532;
	35786	:	633;
	35787	:	532;
	35788	:	322;
	35789	:	322;
	35790	:	322;
	35791	:	322;
	35792	:	322;
	35793	:	533;
	35794	:	633;
	35795	:	943;
	35796	:	933;
	35797	:	a43;
	35798	:	a43;
	35799	:	a33;
	35800	:	a33;
	35801	:	b44;
	35802	:	a33;
	35803	:	b33;
	35804	:	b33;
	35805	:	932;
	35806	:	a33;
	35807	:	932;
	35808	:	a33;
	35809	:	a33;
	35810	:	b44;
	35811	:	b33;
	35812	:	b33;
	35813	:	b33;
	35814	:	b33;
	35815	:	b33;
	35816	:	b33;
	35817	:	b33;
	35818	:	b33;
	35819	:	b33;
	35820	:	a33;
	35821	:	a33;
	35822	:	a33;
	35823	:	a33;
	35824	:	a33;
	35825	:	a33;
	35826	:	933;
	35827	:	833;
	35828	:	722;
	35829	:	722;
	35830	:	732;
	35831	:	832;
	35832	:	732;
	35833	:	733;
	35834	:	632;
	35835	:	732;
	35836	:	833;
	35837	:	733;
	35838	:	622;
	35839	:	422;
	35840	:	573;
	35841	:	573;
	35842	:	563;
	35843	:	573;
	35844	:	554;
	35845	:	322;
	35846	:	222;
	35847	:	221;
	35848	:	574;
	35849	:	573;
	35850	:	573;
	35851	:	573;
	35852	:	574;
	35853	:	574;
	35854	:	674;
	35855	:	443;
	35856	:	333;
	35857	:	333;
	35858	:	332;
	35859	:	322;
	35860	:	222;
	35861	:	333;
	35862	:	333;
	35863	:	332;
	35864	:	332;
	35865	:	333;
	35866	:	332;
	35867	:	333;
	35868	:	222;
	35869	:	222;
	35870	:	322;
	35871	:	222;
	35872	:	222;
	35873	:	222;
	35874	:	322;
	35875	:	222;
	35876	:	222;
	35877	:	222;
	35878	:	222;
	35879	:	222;
	35880	:	222;
	35881	:	322;
	35882	:	333;
	35883	:	bbb;
	35884	:	ccd;
	35885	:	cbc;
	35886	:	dcd;
	35887	:	eee;
	35888	:	edd;
	35889	:	dcd;
	35890	:	fef;
	35891	:	ede;
	35892	:	ecd;
	35893	:	edd;
	35894	:	edd;
	35895	:	dcc;
	35896	:	edd;
	35897	:	dbc;
	35898	:	dbb;
	35899	:	dbc;
	35900	:	dbb;
	35901	:	cbb;
	35902	:	dbc;
	35903	:	ecc;
	35904	:	ecc;
	35905	:	ecc;
	35906	:	fdd;
	35907	:	ecc;
	35908	:	fcc;
	35909	:	ecc;
	35910	:	ecc;
	35911	:	fdd;
	35912	:	edd;
	35913	:	cba;
	35914	:	332;
	35915	:	552;
	35916	:	981;
	35917	:	c90;
	35918	:	ca1;
	35919	:	da1;
	35920	:	da0;
	35921	:	da0;
	35922	:	eb0;
	35923	:	da0;
	35924	:	da0;
	35925	:	da0;
	35926	:	b91;
	35927	:	784;
	35928	:	685;
	35929	:	575;
	35930	:	575;
	35931	:	585;
	35932	:	698;
	35933	:	6a9;
	35934	:	6a9;
	35935	:	799;
	35936	:	fff;
	35937	:	fff;
	35938	:	fff;
	35939	:	fff;
	35940	:	fff;
	35941	:	fff;
	35942	:	eff;
	35943	:	eee;
	35944	:	ded;
	35945	:	ddc;
	35946	:	ccb;
	35947	:	bca;
	35948	:	aba;
	35949	:	ab9;
	35950	:	9a8;
	35951	:	8a7;
	35952	:	897;
	35953	:	797;
	35954	:	797;
	35955	:	898;
	35956	:	798;
	35957	:	798;
	35958	:	898;
	35959	:	8a8;
	35960	:	898;
	35961	:	897;
	35962	:	897;
	35963	:	8a7;
	35964	:	896;
	35965	:	796;
	35966	:	795;
	35967	:	795;
	35968	:	685;
	35969	:	685;
	35970	:	685;
	35971	:	684;
	35972	:	684;
	35973	:	684;
	35974	:	684;
	35975	:	684;
	35976	:	684;
	35977	:	684;
	35978	:	684;
	35979	:	683;
	35980	:	683;
	35981	:	683;
	35982	:	683;
	35983	:	683;
	35984	:	582;
	35985	:	583;
	35986	:	582;
	35987	:	583;
	35988	:	683;
	35989	:	583;
	35990	:	583;
	35991	:	583;
	35992	:	683;
	35993	:	683;
	35994	:	683;
	35995	:	683;
	35996	:	683;
	35997	:	683;
	35998	:	583;
	35999	:	583;
	36000	:	583;
	36001	:	583;
	36002	:	583;
	36003	:	683;
	36004	:	683;
	36005	:	995;
	36006	:	ca7;
	36007	:	ca8;
	36008	:	db9;
	36009	:	dba;
	36010	:	ecc;
	36011	:	ecc;
	36012	:	dcc;
	36013	:	dcc;
	36014	:	cbb;
	36015	:	aa9;
	36016	:	888;
	36017	:	666;
	36018	:	665;
	36019	:	674;
	36020	:	674;
	36021	:	674;
	36022	:	674;
	36023	:	674;
	36024	:	674;
	36025	:	674;
	36026	:	674;
	36027	:	674;
	36028	:	664;
	36029	:	664;
	36030	:	664;
	36031	:	764;
	36032	:	954;
	36033	:	a54;
	36034	:	943;
	36035	:	833;
	36036	:	732;
	36037	:	632;
	36038	:	743;
	36039	:	632;
	36040	:	632;
	36041	:	522;
	36042	:	633;
	36043	:	422;
	36044	:	332;
	36045	:	322;
	36046	:	322;
	36047	:	322;
	36048	:	533;
	36049	:	533;
	36050	:	744;
	36051	:	833;
	36052	:	833;
	36053	:	a33;
	36054	:	a33;
	36055	:	a33;
	36056	:	b44;
	36057	:	a33;
	36058	:	b33;
	36059	:	a33;
	36060	:	a33;
	36061	:	a32;
	36062	:	a32;
	36063	:	a32;
	36064	:	a33;
	36065	:	a33;
	36066	:	b44;
	36067	:	b33;
	36068	:	b33;
	36069	:	b33;
	36070	:	b33;
	36071	:	b33;
	36072	:	b33;
	36073	:	b33;
	36074	:	a33;
	36075	:	b33;
	36076	:	a33;
	36077	:	a33;
	36078	:	a33;
	36079	:	a33;
	36080	:	933;
	36081	:	933;
	36082	:	933;
	36083	:	933;
	36084	:	833;
	36085	:	622;
	36086	:	622;
	36087	:	732;
	36088	:	632;
	36089	:	632;
	36090	:	522;
	36091	:	632;
	36092	:	733;
	36093	:	632;
	36094	:	522;
	36095	:	522;
	36096	:	573;
	36097	:	573;
	36098	:	573;
	36099	:	573;
	36100	:	564;
	36101	:	322;
	36102	:	222;
	36103	:	342;
	36104	:	574;
	36105	:	573;
	36106	:	573;
	36107	:	573;
	36108	:	573;
	36109	:	574;
	36110	:	574;
	36111	:	674;
	36112	:	443;
	36113	:	332;
	36114	:	322;
	36115	:	332;
	36116	:	332;
	36117	:	222;
	36118	:	222;
	36119	:	332;
	36120	:	222;
	36121	:	222;
	36122	:	332;
	36123	:	222;
	36124	:	332;
	36125	:	332;
	36126	:	222;
	36127	:	322;
	36128	:	222;
	36129	:	222;
	36130	:	332;
	36131	:	222;
	36132	:	222;
	36133	:	222;
	36134	:	222;
	36135	:	222;
	36136	:	222;
	36137	:	332;
	36138	:	333;
	36139	:	aaa;
	36140	:	ccc;
	36141	:	dcd;
	36142	:	dcd;
	36143	:	dcd;
	36144	:	dcd;
	36145	:	dcd;
	36146	:	dcd;
	36147	:	ede;
	36148	:	ecd;
	36149	:	dcd;
	36150	:	dcd;
	36151	:	cbb;
	36152	:	caa;
	36153	:	ecc;
	36154	:	cbb;
	36155	:	cbb;
	36156	:	dcc;
	36157	:	ecd;
	36158	:	fde;
	36159	:	fde;
	36160	:	fdd;
	36161	:	fdd;
	36162	:	ecc;
	36163	:	fcd;
	36164	:	ecd;
	36165	:	fcd;
	36166	:	ecb;
	36167	:	ebb;
	36168	:	dbb;
	36169	:	dbb;
	36170	:	332;
	36171	:	442;
	36172	:	661;
	36173	:	b91;
	36174	:	da0;
	36175	:	da0;
	36176	:	da0;
	36177	:	ea0;
	36178	:	ea0;
	36179	:	da0;
	36180	:	db0;
	36181	:	ea0;
	36182	:	da1;
	36183	:	882;
	36184	:	684;
	36185	:	696;
	36186	:	586;
	36187	:	697;
	36188	:	698;
	36189	:	698;
	36190	:	699;
	36191	:	799;
	36192	:	fff;
	36193	:	fff;
	36194	:	fff;
	36195	:	fff;
	36196	:	fff;
	36197	:	fff;
	36198	:	fff;
	36199	:	fff;
	36200	:	eee;
	36201	:	ded;
	36202	:	cdc;
	36203	:	ccb;
	36204	:	bcb;
	36205	:	bba;
	36206	:	ab9;
	36207	:	9a8;
	36208	:	8a7;
	36209	:	897;
	36210	:	797;
	36211	:	797;
	36212	:	898;
	36213	:	898;
	36214	:	8a8;
	36215	:	898;
	36216	:	898;
	36217	:	898;
	36218	:	897;
	36219	:	897;
	36220	:	897;
	36221	:	796;
	36222	:	796;
	36223	:	795;
	36224	:	785;
	36225	:	785;
	36226	:	685;
	36227	:	685;
	36228	:	684;
	36229	:	684;
	36230	:	684;
	36231	:	684;
	36232	:	684;
	36233	:	684;
	36234	:	684;
	36235	:	684;
	36236	:	683;
	36237	:	683;
	36238	:	683;
	36239	:	683;
	36240	:	582;
	36241	:	582;
	36242	:	582;
	36243	:	583;
	36244	:	583;
	36245	:	583;
	36246	:	583;
	36247	:	583;
	36248	:	583;
	36249	:	583;
	36250	:	583;
	36251	:	683;
	36252	:	683;
	36253	:	582;
	36254	:	683;
	36255	:	583;
	36256	:	683;
	36257	:	583;
	36258	:	683;
	36259	:	583;
	36260	:	683;
	36261	:	673;
	36262	:	995;
	36263	:	b97;
	36264	:	ca8;
	36265	:	ca9;
	36266	:	dbb;
	36267	:	dcc;
	36268	:	dcc;
	36269	:	dcc;
	36270	:	cbb;
	36271	:	aaa;
	36272	:	888;
	36273	:	677;
	36274	:	555;
	36275	:	564;
	36276	:	674;
	36277	:	674;
	36278	:	674;
	36279	:	674;
	36280	:	674;
	36281	:	674;
	36282	:	674;
	36283	:	674;
	36284	:	664;
	36285	:	674;
	36286	:	664;
	36287	:	764;
	36288	:	954;
	36289	:	a43;
	36290	:	943;
	36291	:	832;
	36292	:	733;
	36293	:	744;
	36294	:	754;
	36295	:	643;
	36296	:	633;
	36297	:	633;
	36298	:	422;
	36299	:	433;
	36300	:	433;
	36301	:	433;
	36302	:	322;
	36303	:	533;
	36304	:	633;
	36305	:	643;
	36306	:	633;
	36307	:	733;
	36308	:	833;
	36309	:	933;
	36310	:	933;
	36311	:	a43;
	36312	:	a33;
	36313	:	a33;
	36314	:	a33;
	36315	:	a33;
	36316	:	a32;
	36317	:	a33;
	36318	:	a32;
	36319	:	a32;
	36320	:	a33;
	36321	:	a33;
	36322	:	b33;
	36323	:	a33;
	36324	:	a33;
	36325	:	a33;
	36326	:	b33;
	36327	:	b33;
	36328	:	b33;
	36329	:	b33;
	36330	:	a33;
	36331	:	a33;
	36332	:	a33;
	36333	:	933;
	36334	:	822;
	36335	:	933;
	36336	:	932;
	36337	:	933;
	36338	:	933;
	36339	:	833;
	36340	:	943;
	36341	:	732;
	36342	:	622;
	36343	:	521;
	36344	:	522;
	36345	:	632;
	36346	:	532;
	36347	:	532;
	36348	:	622;
	36349	:	522;
	36350	:	522;
	36351	:	422;
	36352	:	573;
	36353	:	573;
	36354	:	573;
	36355	:	573;
	36356	:	564;
	36357	:	322;
	36358	:	222;
	36359	:	453;
	36360	:	574;
	36361	:	573;
	36362	:	573;
	36363	:	574;
	36364	:	574;
	36365	:	574;
	36366	:	674;
	36367	:	674;
	36368	:	664;
	36369	:	443;
	36370	:	332;
	36371	:	333;
	36372	:	333;
	36373	:	333;
	36374	:	222;
	36375	:	332;
	36376	:	333;
	36377	:	222;
	36378	:	333;
	36379	:	322;
	36380	:	332;
	36381	:	333;
	36382	:	222;
	36383	:	222;
	36384	:	222;
	36385	:	222;
	36386	:	222;
	36387	:	222;
	36388	:	222;
	36389	:	222;
	36390	:	222;
	36391	:	222;
	36392	:	222;
	36393	:	222;
	36394	:	332;
	36395	:	aaa;
	36396	:	ccc;
	36397	:	ccd;
	36398	:	ccd;
	36399	:	cbc;
	36400	:	eee;
	36401	:	dcd;
	36402	:	dcd;
	36403	:	edd;
	36404	:	ecd;
	36405	:	dcd;
	36406	:	dcc;
	36407	:	dcc;
	36408	:	ecd;
	36409	:	cbc;
	36410	:	ecd;
	36411	:	fde;
	36412	:	fee;
	36413	:	fff;
	36414	:	fff;
	36415	:	fff;
	36416	:	fff;
	36417	:	fee;
	36418	:	fdd;
	36419	:	fdd;
	36420	:	fde;
	36421	:	ecc;
	36422	:	dbb;
	36423	:	dbb;
	36424	:	ecc;
	36425	:	cbb;
	36426	:	322;
	36427	:	332;
	36428	:	542;
	36429	:	981;
	36430	:	c90;
	36431	:	c90;
	36432	:	da0;
	36433	:	ea0;
	36434	:	da0;
	36435	:	da0;
	36436	:	da0;
	36437	:	da0;
	36438	:	eb1;
	36439	:	b91;
	36440	:	a94;
	36441	:	896;
	36442	:	687;
	36443	:	587;
	36444	:	586;
	36445	:	698;
	36446	:	699;
	36447	:	7aa;
	36448	:	fff;
	36449	:	fff;
	36450	:	fff;
	36451	:	fff;
	36452	:	fff;
	36453	:	fff;
	36454	:	fff;
	36455	:	eff;
	36456	:	efe;
	36457	:	eee;
	36458	:	ded;
	36459	:	cdc;
	36460	:	ccb;
	36461	:	ccb;
	36462	:	bb9;
	36463	:	ab9;
	36464	:	9a8;
	36465	:	8a8;
	36466	:	897;
	36467	:	897;
	36468	:	898;
	36469	:	898;
	36470	:	8a9;
	36471	:	8a9;
	36472	:	9a9;
	36473	:	8a8;
	36474	:	898;
	36475	:	897;
	36476	:	797;
	36477	:	896;
	36478	:	896;
	36479	:	796;
	36480	:	795;
	36481	:	795;
	36482	:	685;
	36483	:	795;
	36484	:	785;
	36485	:	685;
	36486	:	684;
	36487	:	684;
	36488	:	684;
	36489	:	684;
	36490	:	684;
	36491	:	684;
	36492	:	683;
	36493	:	683;
	36494	:	683;
	36495	:	683;
	36496	:	583;
	36497	:	582;
	36498	:	582;
	36499	:	582;
	36500	:	582;
	36501	:	583;
	36502	:	583;
	36503	:	583;
	36504	:	582;
	36505	:	583;
	36506	:	583;
	36507	:	683;
	36508	:	583;
	36509	:	582;
	36510	:	583;
	36511	:	683;
	36512	:	583;
	36513	:	583;
	36514	:	683;
	36515	:	583;
	36516	:	683;
	36517	:	683;
	36518	:	673;
	36519	:	995;
	36520	:	b97;
	36521	:	ca8;
	36522	:	cba;
	36523	:	dbb;
	36524	:	dcc;
	36525	:	dcc;
	36526	:	cbc;
	36527	:	bbb;
	36528	:	999;
	36529	:	677;
	36530	:	555;
	36531	:	554;
	36532	:	774;
	36533	:	674;
	36534	:	674;
	36535	:	674;
	36536	:	674;
	36537	:	774;
	36538	:	674;
	36539	:	674;
	36540	:	674;
	36541	:	664;
	36542	:	664;
	36543	:	764;
	36544	:	a54;
	36545	:	b54;
	36546	:	a44;
	36547	:	843;
	36548	:	844;
	36549	:	855;
	36550	:	754;
	36551	:	744;
	36552	:	644;
	36553	:	743;
	36554	:	533;
	36555	:	533;
	36556	:	544;
	36557	:	432;
	36558	:	433;
	36559	:	633;
	36560	:	744;
	36561	:	744;
	36562	:	633;
	36563	:	533;
	36564	:	843;
	36565	:	933;
	36566	:	a33;
	36567	:	a33;
	36568	:	a33;
	36569	:	a33;
	36570	:	a33;
	36571	:	a33;
	36572	:	a32;
	36573	:	a32;
	36574	:	a32;
	36575	:	a33;
	36576	:	a33;
	36577	:	a33;
	36578	:	a33;
	36579	:	b44;
	36580	:	a33;
	36581	:	a33;
	36582	:	a33;
	36583	:	b33;
	36584	:	a33;
	36585	:	a33;
	36586	:	a33;
	36587	:	a33;
	36588	:	933;
	36589	:	a33;
	36590	:	621;
	36591	:	622;
	36592	:	833;
	36593	:	933;
	36594	:	933;
	36595	:	832;
	36596	:	943;
	36597	:	833;
	36598	:	722;
	36599	:	522;
	36600	:	522;
	36601	:	632;
	36602	:	632;
	36603	:	522;
	36604	:	622;
	36605	:	632;
	36606	:	532;
	36607	:	422;
	36608	:	573;
	36609	:	573;
	36610	:	573;
	36611	:	573;
	36612	:	564;
	36613	:	322;
	36614	:	222;
	36615	:	564;
	36616	:	573;
	36617	:	573;
	36618	:	573;
	36619	:	574;
	36620	:	574;
	36621	:	574;
	36622	:	574;
	36623	:	574;
	36624	:	674;
	36625	:	564;
	36626	:	443;
	36627	:	332;
	36628	:	333;
	36629	:	433;
	36630	:	333;
	36631	:	222;
	36632	:	332;
	36633	:	322;
	36634	:	333;
	36635	:	222;
	36636	:	332;
	36637	:	333;
	36638	:	332;
	36639	:	222;
	36640	:	322;
	36641	:	322;
	36642	:	222;
	36643	:	222;
	36644	:	222;
	36645	:	222;
	36646	:	222;
	36647	:	222;
	36648	:	222;
	36649	:	222;
	36650	:	222;
	36651	:	aaa;
	36652	:	bbc;
	36653	:	ccd;
	36654	:	dcd;
	36655	:	ccd;
	36656	:	dcd;
	36657	:	dcd;
	36658	:	dcd;
	36659	:	dbc;
	36660	:	edd;
	36661	:	dcc;
	36662	:	edd;
	36663	:	dcc;
	36664	:	edd;
	36665	:	fde;
	36666	:	ecd;
	36667	:	dbc;
	36668	:	fde;
	36669	:	fee;
	36670	:	fff;
	36671	:	fff;
	36672	:	fee;
	36673	:	fee;
	36674	:	fff;
	36675	:	fde;
	36676	:	fcc;
	36677	:	fcc;
	36678	:	ecc;
	36679	:	dbb;
	36680	:	cab;
	36681	:	cbb;
	36682	:	322;
	36683	:	332;
	36684	:	432;
	36685	:	762;
	36686	:	b90;
	36687	:	c90;
	36688	:	da0;
	36689	:	ea0;
	36690	:	ea0;
	36691	:	da0;
	36692	:	da0;
	36693	:	da0;
	36694	:	eb0;
	36695	:	da0;
	36696	:	ca1;
	36697	:	a95;
	36698	:	797;
	36699	:	698;
	36700	:	586;
	36701	:	587;
	36702	:	6a9;
	36703	:	8bb;
	36704	:	fff;
	36705	:	fff;
	36706	:	fff;
	36707	:	fff;
	36708	:	fff;
	36709	:	fff;
	36710	:	fff;
	36711	:	fff;
	36712	:	eff;
	36713	:	eee;
	36714	:	dee;
	36715	:	ddd;
	36716	:	cdc;
	36717	:	ccc;
	36718	:	bcb;
	36719	:	bba;
	36720	:	aa9;
	36721	:	9a8;
	36722	:	9a8;
	36723	:	898;
	36724	:	897;
	36725	:	898;
	36726	:	8a8;
	36727	:	9a9;
	36728	:	9a9;
	36729	:	9a9;
	36730	:	8a8;
	36731	:	898;
	36732	:	897;
	36733	:	796;
	36734	:	896;
	36735	:	896;
	36736	:	786;
	36737	:	785;
	36738	:	785;
	36739	:	795;
	36740	:	785;
	36741	:	785;
	36742	:	685;
	36743	:	684;
	36744	:	684;
	36745	:	684;
	36746	:	684;
	36747	:	684;
	36748	:	684;
	36749	:	683;
	36750	:	583;
	36751	:	583;
	36752	:	582;
	36753	:	582;
	36754	:	582;
	36755	:	582;
	36756	:	582;
	36757	:	582;
	36758	:	582;
	36759	:	582;
	36760	:	683;
	36761	:	583;
	36762	:	683;
	36763	:	582;
	36764	:	582;
	36765	:	583;
	36766	:	583;
	36767	:	582;
	36768	:	583;
	36769	:	683;
	36770	:	683;
	36771	:	582;
	36772	:	683;
	36773	:	683;
	36774	:	683;
	36775	:	673;
	36776	:	aa7;
	36777	:	b97;
	36778	:	ca9;
	36779	:	cba;
	36780	:	cbb;
	36781	:	dbc;
	36782	:	ccc;
	36783	:	bbb;
	36784	:	999;
	36785	:	788;
	36786	:	677;
	36787	:	443;
	36788	:	664;
	36789	:	674;
	36790	:	684;
	36791	:	674;
	36792	:	674;
	36793	:	674;
	36794	:	674;
	36795	:	674;
	36796	:	674;
	36797	:	664;
	36798	:	664;
	36799	:	864;
	36800	:	a54;
	36801	:	a54;
	36802	:	954;
	36803	:	944;
	36804	:	954;
	36805	:	855;
	36806	:	855;
	36807	:	744;
	36808	:	744;
	36809	:	744;
	36810	:	643;
	36811	:	644;
	36812	:	433;
	36813	:	533;
	36814	:	533;
	36815	:	733;
	36816	:	944;
	36817	:	844;
	36818	:	633;
	36819	:	633;
	36820	:	944;
	36821	:	943;
	36822	:	933;
	36823	:	a33;
	36824	:	a33;
	36825	:	a33;
	36826	:	a33;
	36827	:	a33;
	36828	:	a33;
	36829	:	a33;
	36830	:	a33;
	36831	:	a33;
	36832	:	a33;
	36833	:	a33;
	36834	:	a33;
	36835	:	b33;
	36836	:	a33;
	36837	:	b33;
	36838	:	a33;
	36839	:	a33;
	36840	:	a32;
	36841	:	a33;
	36842	:	a33;
	36843	:	922;
	36844	:	932;
	36845	:	832;
	36846	:	621;
	36847	:	622;
	36848	:	722;
	36849	:	933;
	36850	:	732;
	36851	:	833;
	36852	:	832;
	36853	:	833;
	36854	:	732;
	36855	:	732;
	36856	:	522;
	36857	:	732;
	36858	:	632;
	36859	:	622;
	36860	:	622;
	36861	:	632;
	36862	:	622;
	36863	:	522;
	36864	:	573;
	36865	:	573;
	36866	:	573;
	36867	:	573;
	36868	:	564;
	36869	:	322;
	36870	:	454;
	36871	:	574;
	36872	:	573;
	36873	:	574;
	36874	:	573;
	36875	:	574;
	36876	:	574;
	36877	:	574;
	36878	:	574;
	36879	:	574;
	36880	:	674;
	36881	:	574;
	36882	:	564;
	36883	:	443;
	36884	:	433;
	36885	:	333;
	36886	:	443;
	36887	:	333;
	36888	:	222;
	36889	:	322;
	36890	:	333;
	36891	:	222;
	36892	:	333;
	36893	:	333;
	36894	:	333;
	36895	:	222;
	36896	:	222;
	36897	:	332;
	36898	:	322;
	36899	:	222;
	36900	:	222;
	36901	:	222;
	36902	:	222;
	36903	:	222;
	36904	:	222;
	36905	:	222;
	36906	:	222;
	36907	:	aaa;
	36908	:	bab;
	36909	:	dcd;
	36910	:	bab;
	36911	:	dcd;
	36912	:	dcd;
	36913	:	dcd;
	36914	:	cbc;
	36915	:	cbc;
	36916	:	cbb;
	36917	:	edd;
	36918	:	dcd;
	36919	:	ede;
	36920	:	dcd;
	36921	:	dcc;
	36922	:	dcc;
	36923	:	fde;
	36924	:	fef;
	36925	:	fff;
	36926	:	fde;
	36927	:	fde;
	36928	:	fee;
	36929	:	fde;
	36930	:	ecd;
	36931	:	fdd;
	36932	:	fdd;
	36933	:	dbb;
	36934	:	ebb;
	36935	:	ecc;
	36936	:	dbb;
	36937	:	877;
	36938	:	332;
	36939	:	332;
	36940	:	332;
	36941	:	541;
	36942	:	c91;
	36943	:	c90;
	36944	:	da0;
	36945	:	da0;
	36946	:	da0;
	36947	:	da0;
	36948	:	da0;
	36949	:	da0;
	36950	:	da0;
	36951	:	da0;
	36952	:	ca0;
	36953	:	ca3;
	36954	:	895;
	36955	:	686;
	36956	:	587;
	36957	:	698;
	36958	:	598;
	36959	:	7ba;
	36960	:	dee;
	36961	:	fff;
	36962	:	fff;
	36963	:	fff;
	36964	:	fff;
	36965	:	fff;
	36966	:	fff;
	36967	:	fff;
	36968	:	eff;
	36969	:	eef;
	36970	:	dee;
	36971	:	ddd;
	36972	:	ddd;
	36973	:	ccc;
	36974	:	ccb;
	36975	:	bba;
	36976	:	bba;
	36977	:	aa9;
	36978	:	aa8;
	36979	:	9a8;
	36980	:	898;
	36981	:	898;
	36982	:	898;
	36983	:	898;
	36984	:	9a9;
	36985	:	9a9;
	36986	:	9a8;
	36987	:	9a8;
	36988	:	898;
	36989	:	897;
	36990	:	796;
	36991	:	896;
	36992	:	786;
	36993	:	796;
	36994	:	796;
	36995	:	785;
	36996	:	795;
	36997	:	785;
	36998	:	685;
	36999	:	685;
	37000	:	795;
	37001	:	684;
	37002	:	684;
	37003	:	684;
	37004	:	684;
	37005	:	683;
	37006	:	683;
	37007	:	583;
	37008	:	583;
	37009	:	582;
	37010	:	582;
	37011	:	582;
	37012	:	582;
	37013	:	582;
	37014	:	582;
	37015	:	582;
	37016	:	582;
	37017	:	582;
	37018	:	582;
	37019	:	582;
	37020	:	582;
	37021	:	582;
	37022	:	582;
	37023	:	582;
	37024	:	582;
	37025	:	583;
	37026	:	583;
	37027	:	583;
	37028	:	583;
	37029	:	582;
	37030	:	583;
	37031	:	683;
	37032	:	682;
	37033	:	995;
	37034	:	ba8;
	37035	:	ca9;
	37036	:	ba9;
	37037	:	ba9;
	37038	:	baa;
	37039	:	bba;
	37040	:	a99;
	37041	:	677;
	37042	:	666;
	37043	:	444;
	37044	:	443;
	37045	:	784;
	37046	:	684;
	37047	:	674;
	37048	:	674;
	37049	:	674;
	37050	:	774;
	37051	:	674;
	37052	:	674;
	37053	:	664;
	37054	:	764;
	37055	:	864;
	37056	:	954;
	37057	:	a54;
	37058	:	954;
	37059	:	a54;
	37060	:	955;
	37061	:	855;
	37062	:	844;
	37063	:	844;
	37064	:	844;
	37065	:	522;
	37066	:	643;
	37067	:	533;
	37068	:	644;
	37069	:	533;
	37070	:	844;
	37071	:	944;
	37072	:	944;
	37073	:	844;
	37074	:	733;
	37075	:	744;
	37076	:	943;
	37077	:	933;
	37078	:	933;
	37079	:	933;
	37080	:	933;
	37081	:	a33;
	37082	:	932;
	37083	:	a33;
	37084	:	a33;
	37085	:	a33;
	37086	:	a33;
	37087	:	a33;
	37088	:	a33;
	37089	:	a33;
	37090	:	a33;
	37091	:	a33;
	37092	:	b33;
	37093	:	a33;
	37094	:	a33;
	37095	:	a33;
	37096	:	a33;
	37097	:	a33;
	37098	:	a43;
	37099	:	932;
	37100	:	932;
	37101	:	822;
	37102	:	732;
	37103	:	622;
	37104	:	722;
	37105	:	933;
	37106	:	732;
	37107	:	832;
	37108	:	722;
	37109	:	943;
	37110	:	832;
	37111	:	732;
	37112	:	622;
	37113	:	733;
	37114	:	732;
	37115	:	622;
	37116	:	722;
	37117	:	622;
	37118	:	622;
	37119	:	522;
	37120	:	573;
	37121	:	573;
	37122	:	573;
	37123	:	573;
	37124	:	574;
	37125	:	333;
	37126	:	443;
	37127	:	574;
	37128	:	573;
	37129	:	573;
	37130	:	574;
	37131	:	574;
	37132	:	574;
	37133	:	574;
	37134	:	574;
	37135	:	574;
	37136	:	574;
	37137	:	574;
	37138	:	674;
	37139	:	553;
	37140	:	433;
	37141	:	544;
	37142	:	443;
	37143	:	333;
	37144	:	333;
	37145	:	332;
	37146	:	332;
	37147	:	333;
	37148	:	322;
	37149	:	333;
	37150	:	333;
	37151	:	222;
	37152	:	332;
	37153	:	332;
	37154	:	222;
	37155	:	332;
	37156	:	222;
	37157	:	222;
	37158	:	222;
	37159	:	222;
	37160	:	222;
	37161	:	222;
	37162	:	221;
	37163	:	bbb;
	37164	:	aaa;
	37165	:	cbc;
	37166	:	bbb;
	37167	:	cbb;
	37168	:	cbc;
	37169	:	dcc;
	37170	:	dcc;
	37171	:	dcd;
	37172	:	dcc;
	37173	:	cab;
	37174	:	dcd;
	37175	:	ecd;
	37176	:	ecd;
	37177	:	dcc;
	37178	:	fef;
	37179	:	fff;
	37180	:	fff;
	37181	:	fff;
	37182	:	fef;
	37183	:	fff;
	37184	:	fde;
	37185	:	fdd;
	37186	:	fee;
	37187	:	fdd;
	37188	:	ebb;
	37189	:	ecc;
	37190	:	ecc;
	37191	:	dbb;
	37192	:	cbb;
	37193	:	444;
	37194	:	332;
	37195	:	332;
	37196	:	442;
	37197	:	651;
	37198	:	a81;
	37199	:	b90;
	37200	:	c90;
	37201	:	da0;
	37202	:	d90;
	37203	:	da0;
	37204	:	da0;
	37205	:	da0;
	37206	:	da0;
	37207	:	da1;
	37208	:	ca1;
	37209	:	ba2;
	37210	:	994;
	37211	:	796;
	37212	:	587;
	37213	:	598;
	37214	:	699;
	37215	:	699;
	37216	:	abc;
	37217	:	fff;
	37218	:	fff;
	37219	:	fff;
	37220	:	fff;
	37221	:	fff;
	37222	:	fff;
	37223	:	fff;
	37224	:	fff;
	37225	:	eff;
	37226	:	dee;
	37227	:	dee;
	37228	:	ddd;
	37229	:	ddd;
	37230	:	ccc;
	37231	:	ccb;
	37232	:	bca;
	37233	:	bba;
	37234	:	aa9;
	37235	:	9a8;
	37236	:	998;
	37237	:	998;
	37238	:	898;
	37239	:	898;
	37240	:	9a9;
	37241	:	9a9;
	37242	:	9a9;
	37243	:	9a9;
	37244	:	9a8;
	37245	:	897;
	37246	:	897;
	37247	:	896;
	37248	:	896;
	37249	:	796;
	37250	:	796;
	37251	:	786;
	37252	:	786;
	37253	:	796;
	37254	:	685;
	37255	:	785;
	37256	:	685;
	37257	:	795;
	37258	:	684;
	37259	:	684;
	37260	:	684;
	37261	:	684;
	37262	:	683;
	37263	:	683;
	37264	:	583;
	37265	:	583;
	37266	:	582;
	37267	:	582;
	37268	:	582;
	37269	:	582;
	37270	:	582;
	37271	:	582;
	37272	:	582;
	37273	:	582;
	37274	:	582;
	37275	:	582;
	37276	:	582;
	37277	:	582;
	37278	:	582;
	37279	:	582;
	37280	:	582;
	37281	:	582;
	37282	:	582;
	37283	:	583;
	37284	:	583;
	37285	:	582;
	37286	:	582;
	37287	:	582;
	37288	:	583;
	37289	:	683;
	37290	:	a96;
	37291	:	ba8;
	37292	:	ba9;
	37293	:	a99;
	37294	:	999;
	37295	:	888;
	37296	:	888;
	37297	:	888;
	37298	:	666;
	37299	:	444;
	37300	:	433;
	37301	:	675;
	37302	:	684;
	37303	:	674;
	37304	:	674;
	37305	:	674;
	37306	:	674;
	37307	:	674;
	37308	:	674;
	37309	:	674;
	37310	:	764;
	37311	:	964;
	37312	:	854;
	37313	:	a54;
	37314	:	a44;
	37315	:	a54;
	37316	:	954;
	37317	:	955;
	37318	:	844;
	37319	:	844;
	37320	:	733;
	37321	:	734;
	37322	:	734;
	37323	:	844;
	37324	:	633;
	37325	:	644;
	37326	:	854;
	37327	:	944;
	37328	:	944;
	37329	:	833;
	37330	:	733;
	37331	:	743;
	37332	:	943;
	37333	:	933;
	37334	:	933;
	37335	:	932;
	37336	:	933;
	37337	:	933;
	37338	:	933;
	37339	:	a33;
	37340	:	a33;
	37341	:	a33;
	37342	:	a33;
	37343	:	933;
	37344	:	a33;
	37345	:	a33;
	37346	:	a33;
	37347	:	a33;
	37348	:	a33;
	37349	:	a33;
	37350	:	a33;
	37351	:	b43;
	37352	:	a33;
	37353	:	a33;
	37354	:	933;
	37355	:	822;
	37356	:	933;
	37357	:	933;
	37358	:	832;
	37359	:	732;
	37360	:	732;
	37361	:	943;
	37362	:	832;
	37363	:	722;
	37364	:	732;
	37365	:	833;
	37366	:	832;
	37367	:	833;
	37368	:	632;
	37369	:	632;
	37370	:	732;
	37371	:	732;
	37372	:	722;
	37373	:	622;
	37374	:	622;
	37375	:	522;
	37376	:	573;
	37377	:	573;
	37378	:	573;
	37379	:	573;
	37380	:	574;
	37381	:	443;
	37382	:	564;
	37383	:	573;
	37384	:	573;
	37385	:	573;
	37386	:	573;
	37387	:	574;
	37388	:	574;
	37389	:	574;
	37390	:	574;
	37391	:	574;
	37392	:	574;
	37393	:	574;
	37394	:	574;
	37395	:	674;
	37396	:	553;
	37397	:	443;
	37398	:	443;
	37399	:	333;
	37400	:	333;
	37401	:	443;
	37402	:	333;
	37403	:	333;
	37404	:	333;
	37405	:	322;
	37406	:	333;
	37407	:	333;
	37408	:	333;
	37409	:	222;
	37410	:	333;
	37411	:	332;
	37412	:	222;
	37413	:	222;
	37414	:	222;
	37415	:	222;
	37416	:	222;
	37417	:	322;
	37418	:	332;
	37419	:	aab;
	37420	:	99a;
	37421	:	cbc;
	37422	:	bbc;
	37423	:	bbb;
	37424	:	cbc;
	37425	:	bab;
	37426	:	cbc;
	37427	:	dbc;
	37428	:	cbb;
	37429	:	dcd;
	37430	:	dcd;
	37431	:	dcc;
	37432	:	cbc;
	37433	:	fef;
	37434	:	fde;
	37435	:	fff;
	37436	:	edd;
	37437	:	ede;
	37438	:	fde;
	37439	:	fde;
	37440	:	fef;
	37441	:	edd;
	37442	:	fdd;
	37443	:	ecc;
	37444	:	fdd;
	37445	:	fcd;
	37446	:	dbb;
	37447	:	ecc;
	37448	:	caa;
	37449	:	332;
	37450	:	442;
	37451	:	332;
	37452	:	442;
	37453	:	861;
	37454	:	a70;
	37455	:	b80;
	37456	:	c90;
	37457	:	d90;
	37458	:	da0;
	37459	:	ea0;
	37460	:	d90;
	37461	:	da0;
	37462	:	da0;
	37463	:	da1;
	37464	:	ca2;
	37465	:	b91;
	37466	:	a93;
	37467	:	785;
	37468	:	587;
	37469	:	588;
	37470	:	699;
	37471	:	588;
	37472	:	8aa;
	37473	:	fff;
	37474	:	fff;
	37475	:	fff;
	37476	:	fff;
	37477	:	fff;
	37478	:	fff;
	37479	:	fff;
	37480	:	fff;
	37481	:	eff;
	37482	:	eef;
	37483	:	dee;
	37484	:	dee;
	37485	:	dde;
	37486	:	cdd;
	37487	:	ccc;
	37488	:	ccb;
	37489	:	bbb;
	37490	:	bba;
	37491	:	aa9;
	37492	:	9a8;
	37493	:	9a8;
	37494	:	998;
	37495	:	998;
	37496	:	9a9;
	37497	:	9a9;
	37498	:	9a9;
	37499	:	9a9;
	37500	:	998;
	37501	:	898;
	37502	:	897;
	37503	:	897;
	37504	:	786;
	37505	:	786;
	37506	:	896;
	37507	:	796;
	37508	:	796;
	37509	:	796;
	37510	:	796;
	37511	:	785;
	37512	:	795;
	37513	:	795;
	37514	:	685;
	37515	:	684;
	37516	:	684;
	37517	:	684;
	37518	:	684;
	37519	:	684;
	37520	:	683;
	37521	:	583;
	37522	:	582;
	37523	:	582;
	37524	:	582;
	37525	:	582;
	37526	:	582;
	37527	:	582;
	37528	:	582;
	37529	:	582;
	37530	:	582;
	37531	:	582;
	37532	:	582;
	37533	:	582;
	37534	:	582;
	37535	:	693;
	37536	:	582;
	37537	:	582;
	37538	:	582;
	37539	:	583;
	37540	:	583;
	37541	:	582;
	37542	:	582;
	37543	:	583;
	37544	:	582;
	37545	:	582;
	37546	:	683;
	37547	:	895;
	37548	:	a97;
	37549	:	998;
	37550	:	888;
	37551	:	777;
	37552	:	777;
	37553	:	676;
	37554	:	666;
	37555	:	445;
	37556	:	333;
	37557	:	443;
	37558	:	785;
	37559	:	684;
	37560	:	674;
	37561	:	674;
	37562	:	674;
	37563	:	674;
	37564	:	674;
	37565	:	664;
	37566	:	764;
	37567	:	864;
	37568	:	854;
	37569	:	a54;
	37570	:	a44;
	37571	:	944;
	37572	:	a55;
	37573	:	944;
	37574	:	944;
	37575	:	844;
	37576	:	633;
	37577	:	744;
	37578	:	944;
	37579	:	844;
	37580	:	755;
	37581	:	755;
	37582	:	855;
	37583	:	834;
	37584	:	944;
	37585	:	833;
	37586	:	833;
	37587	:	744;
	37588	:	933;
	37589	:	933;
	37590	:	933;
	37591	:	933;
	37592	:	933;
	37593	:	a33;
	37594	:	a33;
	37595	:	a33;
	37596	:	932;
	37597	:	a33;
	37598	:	a33;
	37599	:	933;
	37600	:	a33;
	37601	:	932;
	37602	:	a33;
	37603	:	a33;
	37604	:	a33;
	37605	:	a33;
	37606	:	a33;
	37607	:	a33;
	37608	:	a33;
	37609	:	b33;
	37610	:	822;
	37611	:	833;
	37612	:	822;
	37613	:	933;
	37614	:	822;
	37615	:	832;
	37616	:	832;
	37617	:	832;
	37618	:	832;
	37619	:	732;
	37620	:	833;
	37621	:	832;
	37622	:	833;
	37623	:	832;
	37624	:	732;
	37625	:	622;
	37626	:	832;
	37627	:	722;
	37628	:	732;
	37629	:	722;
	37630	:	622;
	37631	:	522;
	37632	:	573;
	37633	:	573;
	37634	:	573;
	37635	:	573;
	37636	:	573;
	37637	:	563;
	37638	:	574;
	37639	:	574;
	37640	:	573;
	37641	:	573;
	37642	:	574;
	37643	:	574;
	37644	:	573;
	37645	:	573;
	37646	:	674;
	37647	:	674;
	37648	:	574;
	37649	:	573;
	37650	:	573;
	37651	:	573;
	37652	:	574;
	37653	:	564;
	37654	:	443;
	37655	:	332;
	37656	:	433;
	37657	:	332;
	37658	:	333;
	37659	:	333;
	37660	:	333;
	37661	:	333;
	37662	:	332;
	37663	:	332;
	37664	:	332;
	37665	:	222;
	37666	:	222;
	37667	:	222;
	37668	:	332;
	37669	:	322;
	37670	:	222;
	37671	:	222;
	37672	:	222;
	37673	:	333;
	37674	:	887;
	37675	:	989;
	37676	:	989;
	37677	:	bab;
	37678	:	baa;
	37679	:	bbb;
	37680	:	cbc;
	37681	:	cbc;
	37682	:	cbc;
	37683	:	cab;
	37684	:	dbc;
	37685	:	dcc;
	37686	:	cab;
	37687	:	edd;
	37688	:	fff;
	37689	:	fef;
	37690	:	fef;
	37691	:	fef;
	37692	:	fff;
	37693	:	fee;
	37694	:	fde;
	37695	:	fde;
	37696	:	ecc;
	37697	:	fdd;
	37698	:	fdd;
	37699	:	ecc;
	37700	:	ebc;
	37701	:	daa;
	37702	:	fdd;
	37703	:	dbb;
	37704	:	dcc;
	37705	:	322;
	37706	:	653;
	37707	:	432;
	37708	:	542;
	37709	:	871;
	37710	:	b81;
	37711	:	b90;
	37712	:	c90;
	37713	:	d90;
	37714	:	da0;
	37715	:	da0;
	37716	:	da0;
	37717	:	da0;
	37718	:	da0;
	37719	:	eb2;
	37720	:	db2;
	37721	:	b91;
	37722	:	a93;
	37723	:	885;
	37724	:	698;
	37725	:	588;
	37726	:	588;
	37727	:	588;
	37728	:	7aa;
	37729	:	eff;
	37730	:	fff;
	37731	:	fff;
	37732	:	fff;
	37733	:	fff;
	37734	:	fff;
	37735	:	fff;
	37736	:	fff;
	37737	:	fff;
	37738	:	eef;
	37739	:	eef;
	37740	:	dee;
	37741	:	dee;
	37742	:	cdd;
	37743	:	ddd;
	37744	:	ccc;
	37745	:	ccb;
	37746	:	bba;
	37747	:	aba;
	37748	:	aa9;
	37749	:	9a9;
	37750	:	998;
	37751	:	9a8;
	37752	:	998;
	37753	:	9a9;
	37754	:	999;
	37755	:	9a9;
	37756	:	9a9;
	37757	:	998;
	37758	:	897;
	37759	:	897;
	37760	:	796;
	37761	:	785;
	37762	:	896;
	37763	:	796;
	37764	:	896;
	37765	:	796;
	37766	:	796;
	37767	:	796;
	37768	:	796;
	37769	:	785;
	37770	:	795;
	37771	:	685;
	37772	:	695;
	37773	:	684;
	37774	:	684;
	37775	:	684;
	37776	:	684;
	37777	:	683;
	37778	:	683;
	37779	:	582;
	37780	:	582;
	37781	:	582;
	37782	:	582;
	37783	:	582;
	37784	:	582;
	37785	:	582;
	37786	:	592;
	37787	:	582;
	37788	:	592;
	37789	:	582;
	37790	:	582;
	37791	:	582;
	37792	:	592;
	37793	:	582;
	37794	:	582;
	37795	:	582;
	37796	:	582;
	37797	:	692;
	37798	:	582;
	37799	:	582;
	37800	:	582;
	37801	:	692;
	37802	:	683;
	37803	:	683;
	37804	:	784;
	37805	:	896;
	37806	:	776;
	37807	:	666;
	37808	:	565;
	37809	:	555;
	37810	:	555;
	37811	:	555;
	37812	:	444;
	37813	:	333;
	37814	:	675;
	37815	:	684;
	37816	:	684;
	37817	:	674;
	37818	:	674;
	37819	:	774;
	37820	:	674;
	37821	:	664;
	37822	:	864;
	37823	:	865;
	37824	:	a66;
	37825	:	a44;
	37826	:	b54;
	37827	:	a44;
	37828	:	944;
	37829	:	a44;
	37830	:	944;
	37831	:	722;
	37832	:	733;
	37833	:	944;
	37834	:	944;
	37835	:	844;
	37836	:	765;
	37837	:	866;
	37838	:	844;
	37839	:	944;
	37840	:	944;
	37841	:	833;
	37842	:	732;
	37843	:	844;
	37844	:	933;
	37845	:	933;
	37846	:	933;
	37847	:	933;
	37848	:	933;
	37849	:	a33;
	37850	:	a44;
	37851	:	a33;
	37852	:	a33;
	37853	:	933;
	37854	:	933;
	37855	:	933;
	37856	:	933;
	37857	:	933;
	37858	:	a33;
	37859	:	a33;
	37860	:	a33;
	37861	:	a33;
	37862	:	a33;
	37863	:	b33;
	37864	:	a33;
	37865	:	a33;
	37866	:	932;
	37867	:	833;
	37868	:	722;
	37869	:	832;
	37870	:	832;
	37871	:	832;
	37872	:	832;
	37873	:	832;
	37874	:	833;
	37875	:	833;
	37876	:	732;
	37877	:	732;
	37878	:	722;
	37879	:	732;
	37880	:	832;
	37881	:	621;
	37882	:	832;
	37883	:	722;
	37884	:	722;
	37885	:	722;
	37886	:	622;
	37887	:	521;
	37888	:	573;
	37889	:	573;
	37890	:	573;
	37891	:	573;
	37892	:	573;
	37893	:	573;
	37894	:	573;
	37895	:	573;
	37896	:	574;
	37897	:	573;
	37898	:	574;
	37899	:	573;
	37900	:	573;
	37901	:	674;
	37902	:	574;
	37903	:	574;
	37904	:	573;
	37905	:	673;
	37906	:	573;
	37907	:	573;
	37908	:	573;
	37909	:	573;
	37910	:	674;
	37911	:	564;
	37912	:	442;
	37913	:	333;
	37914	:	332;
	37915	:	332;
	37916	:	333;
	37917	:	333;
	37918	:	333;
	37919	:	333;
	37920	:	333;
	37921	:	333;
	37922	:	333;
	37923	:	222;
	37924	:	322;
	37925	:	322;
	37926	:	322;
	37927	:	222;
	37928	:	222;
	37929	:	222;
	37930	:	999;
	37931	:	999;
	37932	:	888;
	37933	:	cbc;
	37934	:	cbc;
	37935	:	cbc;
	37936	:	bbc;
	37937	:	ccc;
	37938	:	cbb;
	37939	:	dcc;
	37940	:	dbc;
	37941	:	dcc;
	37942	:	cbb;
	37943	:	dcc;
	37944	:	cbc;
	37945	:	fee;
	37946	:	fee;
	37947	:	fee;
	37948	:	fde;
	37949	:	fee;
	37950	:	ede;
	37951	:	ecd;
	37952	:	fdd;
	37953	:	ebc;
	37954	:	dbc;
	37955	:	ecc;
	37956	:	ecc;
	37957	:	dbb;
	37958	:	dbb;
	37959	:	dbc;
	37960	:	999;
	37961	:	333;
	37962	:	552;
	37963	:	652;
	37964	:	551;
	37965	:	861;
	37966	:	a81;
	37967	:	b80;
	37968	:	b90;
	37969	:	c90;
	37970	:	c90;
	37971	:	da0;
	37972	:	da0;
	37973	:	da0;
	37974	:	da0;
	37975	:	db2;
	37976	:	db2;
	37977	:	ca1;
	37978	:	a94;
	37979	:	886;
	37980	:	698;
	37981	:	799;
	37982	:	699;
	37983	:	588;
	37984	:	7aa;
	37985	:	bcd;
	37986	:	fff;
	37987	:	fff;
	37988	:	fff;
	37989	:	fff;
	37990	:	fff;
	37991	:	fff;
	37992	:	fff;
	37993	:	fff;
	37994	:	eff;
	37995	:	eef;
	37996	:	eef;
	37997	:	dee;
	37998	:	dde;
	37999	:	ddd;
	38000	:	ccc;
	38001	:	ccc;
	38002	:	bcb;
	38003	:	aba;
	38004	:	aba;
	38005	:	aa9;
	38006	:	9a8;
	38007	:	9a8;
	38008	:	999;
	38009	:	999;
	38010	:	9a9;
	38011	:	9a9;
	38012	:	9a9;
	38013	:	998;
	38014	:	898;
	38015	:	897;
	38016	:	896;
	38017	:	786;
	38018	:	896;
	38019	:	796;
	38020	:	786;
	38021	:	896;
	38022	:	796;
	38023	:	796;
	38024	:	796;
	38025	:	796;
	38026	:	796;
	38027	:	795;
	38028	:	795;
	38029	:	695;
	38030	:	684;
	38031	:	684;
	38032	:	684;
	38033	:	683;
	38034	:	683;
	38035	:	582;
	38036	:	582;
	38037	:	582;
	38038	:	582;
	38039	:	582;
	38040	:	582;
	38041	:	582;
	38042	:	582;
	38043	:	582;
	38044	:	582;
	38045	:	582;
	38046	:	582;
	38047	:	592;
	38048	:	582;
	38049	:	592;
	38050	:	592;
	38051	:	582;
	38052	:	582;
	38053	:	592;
	38054	:	592;
	38055	:	582;
	38056	:	582;
	38057	:	592;
	38058	:	683;
	38059	:	693;
	38060	:	583;
	38061	:	683;
	38062	:	775;
	38063	:	665;
	38064	:	565;
	38065	:	454;
	38066	:	445;
	38067	:	444;
	38068	:	444;
	38069	:	443;
	38070	:	442;
	38071	:	684;
	38072	:	674;
	38073	:	674;
	38074	:	674;
	38075	:	674;
	38076	:	674;
	38077	:	664;
	38078	:	865;
	38079	:	865;
	38080	:	a65;
	38081	:	b44;
	38082	:	a43;
	38083	:	a44;
	38084	:	a44;
	38085	:	a44;
	38086	:	833;
	38087	:	732;
	38088	:	944;
	38089	:	944;
	38090	:	944;
	38091	:	744;
	38092	:	877;
	38093	:	977;
	38094	:	854;
	38095	:	944;
	38096	:	944;
	38097	:	833;
	38098	:	833;
	38099	:	844;
	38100	:	832;
	38101	:	933;
	38102	:	933;
	38103	:	833;
	38104	:	933;
	38105	:	a33;
	38106	:	a33;
	38107	:	a33;
	38108	:	933;
	38109	:	933;
	38110	:	933;
	38111	:	933;
	38112	:	933;
	38113	:	933;
	38114	:	932;
	38115	:	a33;
	38116	:	a33;
	38117	:	a33;
	38118	:	a33;
	38119	:	a33;
	38120	:	a33;
	38121	:	a33;
	38122	:	933;
	38123	:	822;
	38124	:	722;
	38125	:	722;
	38126	:	832;
	38127	:	832;
	38128	:	832;
	38129	:	822;
	38130	:	832;
	38131	:	733;
	38132	:	732;
	38133	:	732;
	38134	:	732;
	38135	:	832;
	38136	:	832;
	38137	:	622;
	38138	:	732;
	38139	:	732;
	38140	:	722;
	38141	:	622;
	38142	:	622;
	38143	:	522;
	38144	:	573;
	38145	:	573;
	38146	:	573;
	38147	:	573;
	38148	:	573;
	38149	:	573;
	38150	:	574;
	38151	:	573;
	38152	:	573;
	38153	:	573;
	38154	:	573;
	38155	:	574;
	38156	:	574;
	38157	:	674;
	38158	:	674;
	38159	:	573;
	38160	:	674;
	38161	:	673;
	38162	:	573;
	38163	:	573;
	38164	:	573;
	38165	:	573;
	38166	:	573;
	38167	:	573;
	38168	:	674;
	38169	:	564;
	38170	:	453;
	38171	:	342;
	38172	:	332;
	38173	:	332;
	38174	:	332;
	38175	:	332;
	38176	:	333;
	38177	:	333;
	38178	:	332;
	38179	:	332;
	38180	:	433;
	38181	:	443;
	38182	:	332;
	38183	:	322;
	38184	:	322;
	38185	:	332;
	38186	:	988;
	38187	:	888;
	38188	:	aaa;
	38189	:	bab;
	38190	:	cbb;
	38191	:	bbc;
	38192	:	cbc;
	38193	:	ccc;
	38194	:	cbb;
	38195	:	cbc;
	38196	:	cbb;
	38197	:	bab;
	38198	:	cbc;
	38199	:	fee;
	38200	:	fef;
	38201	:	fef;
	38202	:	ede;
	38203	:	fee;
	38204	:	edd;
	38205	:	dcc;
	38206	:	ecd;
	38207	:	ecd;
	38208	:	dbb;
	38209	:	fdd;
	38210	:	ebc;
	38211	:	caa;
	38212	:	ecc;
	38213	:	dbb;
	38214	:	b99;
	38215	:	dcc;
	38216	:	999;
	38217	:	332;
	38218	:	432;
	38219	:	542;
	38220	:	651;
	38221	:	871;
	38222	:	a81;
	38223	:	b90;
	38224	:	b90;
	38225	:	c90;
	38226	:	c90;
	38227	:	da0;
	38228	:	d90;
	38229	:	da0;
	38230	:	ea0;
	38231	:	db1;
	38232	:	db1;
	38233	:	db2;
	38234	:	a93;
	38235	:	886;
	38236	:	798;
	38237	:	799;
	38238	:	7aa;
	38239	:	699;
	38240	:	7aa;
	38241	:	89a;
	38242	:	fff;
	38243	:	fff;
	38244	:	fff;
	38245	:	fff;
	38246	:	fff;
	38247	:	fff;
	38248	:	fff;
	38249	:	fff;
	38250	:	eff;
	38251	:	eff;
	38252	:	eef;
	38253	:	eef;
	38254	:	dde;
	38255	:	ddd;
	38256	:	cdd;
	38257	:	ccc;
	38258	:	ccc;
	38259	:	bbb;
	38260	:	aba;
	38261	:	aa9;
	38262	:	aa9;
	38263	:	aa9;
	38264	:	999;
	38265	:	9a9;
	38266	:	999;
	38267	:	9a9;
	38268	:	9a9;
	38269	:	9a9;
	38270	:	998;
	38271	:	897;
	38272	:	896;
	38273	:	886;
	38274	:	886;
	38275	:	786;
	38276	:	786;
	38277	:	896;
	38278	:	896;
	38279	:	896;
	38280	:	796;
	38281	:	796;
	38282	:	796;
	38283	:	796;
	38284	:	795;
	38285	:	685;
	38286	:	695;
	38287	:	684;
	38288	:	694;
	38289	:	694;
	38290	:	694;
	38291	:	683;
	38292	:	582;
	38293	:	582;
	38294	:	582;
	38295	:	582;
	38296	:	582;
	38297	:	582;
	38298	:	582;
	38299	:	592;
	38300	:	582;
	38301	:	592;
	38302	:	582;
	38303	:	582;
	38304	:	592;
	38305	:	592;
	38306	:	582;
	38307	:	582;
	38308	:	592;
	38309	:	592;
	38310	:	592;
	38311	:	592;
	38312	:	592;
	38313	:	592;
	38314	:	693;
	38315	:	693;
	38316	:	693;
	38317	:	583;
	38318	:	683;
	38319	:	684;
	38320	:	664;
	38321	:	554;
	38322	:	444;
	38323	:	333;
	38324	:	333;
	38325	:	333;
	38326	:	333;
	38327	:	675;
	38328	:	684;
	38329	:	674;
	38330	:	674;
	38331	:	674;
	38332	:	674;
	38333	:	774;
	38334	:	875;
	38335	:	865;
	38336	:	a54;
	38337	:	b54;
	38338	:	b44;
	38339	:	a44;
	38340	:	a44;
	38341	:	943;
	38342	:	832;
	38343	:	933;
	38344	:	a44;
	38345	:	a44;
	38346	:	844;
	38347	:	866;
	38348	:	877;
	38349	:	755;
	38350	:	733;
	38351	:	844;
	38352	:	844;
	38353	:	833;
	38354	:	833;
	38355	:	933;
	38356	:	833;
	38357	:	833;
	38358	:	833;
	38359	:	833;
	38360	:	833;
	38361	:	933;
	38362	:	a33;
	38363	:	933;
	38364	:	832;
	38365	:	933;
	38366	:	933;
	38367	:	933;
	38368	:	932;
	38369	:	932;
	38370	:	932;
	38371	:	933;
	38372	:	a33;
	38373	:	a33;
	38374	:	a33;
	38375	:	a33;
	38376	:	a32;
	38377	:	a33;
	38378	:	933;
	38379	:	833;
	38380	:	722;
	38381	:	722;
	38382	:	832;
	38383	:	832;
	38384	:	832;
	38385	:	832;
	38386	:	832;
	38387	:	832;
	38388	:	732;
	38389	:	732;
	38390	:	832;
	38391	:	832;
	38392	:	832;
	38393	:	622;
	38394	:	732;
	38395	:	832;
	38396	:	722;
	38397	:	622;
	38398	:	622;
	38399	:	521;
	38400	:	573;
	38401	:	573;
	38402	:	573;
	38403	:	573;
	38404	:	573;
	38405	:	574;
	38406	:	573;
	38407	:	573;
	38408	:	573;
	38409	:	573;
	38410	:	573;
	38411	:	573;
	38412	:	574;
	38413	:	574;
	38414	:	574;
	38415	:	574;
	38416	:	574;
	38417	:	573;
	38418	:	573;
	38419	:	573;
	38420	:	573;
	38421	:	573;
	38422	:	573;
	38423	:	573;
	38424	:	573;
	38425	:	573;
	38426	:	574;
	38427	:	574;
	38428	:	564;
	38429	:	453;
	38430	:	443;
	38431	:	443;
	38432	:	332;
	38433	:	332;
	38434	:	332;
	38435	:	332;
	38436	:	332;
	38437	:	322;
	38438	:	332;
	38439	:	332;
	38440	:	443;
	38441	:	aa9;
	38442	:	988;
	38443	:	a99;
	38444	:	989;
	38445	:	a9a;
	38446	:	989;
	38447	:	cbb;
	38448	:	ccc;
	38449	:	cbc;
	38450	:	cbc;
	38451	:	cbc;
	38452	:	cab;
	38453	:	cbb;
	38454	:	dcd;
	38455	:	dcc;
	38456	:	dbc;
	38457	:	dcd;
	38458	:	ede;
	38459	:	dcd;
	38460	:	dcd;
	38461	:	fee;
	38462	:	fdd;
	38463	:	dcc;
	38464	:	ecc;
	38465	:	dbb;
	38466	:	dbb;
	38467	:	ecc;
	38468	:	dbb;
	38469	:	cbb;
	38470	:	edd;
	38471	:	dcc;
	38472	:	555;
	38473	:	333;
	38474	:	322;
	38475	:	542;
	38476	:	541;
	38477	:	972;
	38478	:	a81;
	38479	:	a80;
	38480	:	c90;
	38481	:	c90;
	38482	:	c90;
	38483	:	c90;
	38484	:	da0;
	38485	:	da0;
	38486	:	ea0;
	38487	:	db0;
	38488	:	ca0;
	38489	:	ca2;
	38490	:	a93;
	38491	:	885;
	38492	:	798;
	38493	:	699;
	38494	:	699;
	38495	:	7aa;
	38496	:	69a;
	38497	:	79a;
	38498	:	fff;
	38499	:	fff;
	38500	:	fff;
	38501	:	fff;
	38502	:	fff;
	38503	:	fff;
	38504	:	fff;
	38505	:	fff;
	38506	:	fff;
	38507	:	eff;
	38508	:	eef;
	38509	:	eef;
	38510	:	dde;
	38511	:	dde;
	38512	:	ddd;
	38513	:	cdd;
	38514	:	ccc;
	38515	:	bbb;
	38516	:	bbb;
	38517	:	bba;
	38518	:	aaa;
	38519	:	9a9;
	38520	:	9a9;
	38521	:	999;
	38522	:	9a9;
	38523	:	999;
	38524	:	9a9;
	38525	:	9a9;
	38526	:	999;
	38527	:	998;
	38528	:	897;
	38529	:	896;
	38530	:	896;
	38531	:	886;
	38532	:	896;
	38533	:	786;
	38534	:	896;
	38535	:	896;
	38536	:	896;
	38537	:	896;
	38538	:	796;
	38539	:	796;
	38540	:	796;
	38541	:	795;
	38542	:	685;
	38543	:	695;
	38544	:	684;
	38545	:	694;
	38546	:	694;
	38547	:	693;
	38548	:	582;
	38549	:	582;
	38550	:	582;
	38551	:	582;
	38552	:	582;
	38553	:	582;
	38554	:	582;
	38555	:	582;
	38556	:	582;
	38557	:	582;
	38558	:	582;
	38559	:	582;
	38560	:	582;
	38561	:	582;
	38562	:	582;
	38563	:	592;
	38564	:	592;
	38565	:	592;
	38566	:	592;
	38567	:	592;
	38568	:	592;
	38569	:	592;
	38570	:	693;
	38571	:	582;
	38572	:	693;
	38573	:	693;
	38574	:	693;
	38575	:	693;
	38576	:	684;
	38577	:	674;
	38578	:	343;
	38579	:	443;
	38580	:	333;
	38581	:	222;
	38582	:	332;
	38583	:	332;
	38584	:	785;
	38585	:	684;
	38586	:	674;
	38587	:	674;
	38588	:	674;
	38589	:	775;
	38590	:	976;
	38591	:	876;
	38592	:	a54;
	38593	:	b54;
	38594	:	a44;
	38595	:	b44;
	38596	:	a44;
	38597	:	933;
	38598	:	933;
	38599	:	a44;
	38600	:	a44;
	38601	:	a44;
	38602	:	855;
	38603	:	987;
	38604	:	766;
	38605	:	755;
	38606	:	633;
	38607	:	844;
	38608	:	844;
	38609	:	844;
	38610	:	833;
	38611	:	a44;
	38612	:	833;
	38613	:	733;
	38614	:	833;
	38615	:	833;
	38616	:	832;
	38617	:	933;
	38618	:	933;
	38619	:	933;
	38620	:	722;
	38621	:	832;
	38622	:	a33;
	38623	:	933;
	38624	:	933;
	38625	:	933;
	38626	:	933;
	38627	:	933;
	38628	:	933;
	38629	:	932;
	38630	:	a33;
	38631	:	a32;
	38632	:	932;
	38633	:	932;
	38634	:	822;
	38635	:	933;
	38636	:	722;
	38637	:	722;
	38638	:	933;
	38639	:	832;
	38640	:	832;
	38641	:	932;
	38642	:	832;
	38643	:	833;
	38644	:	622;
	38645	:	732;
	38646	:	832;
	38647	:	832;
	38648	:	832;
	38649	:	722;
	38650	:	732;
	38651	:	722;
	38652	:	722;
	38653	:	622;
	38654	:	522;
	38655	:	522;
	38656	:	573;
	38657	:	573;
	38658	:	563;
	38659	:	573;
	38660	:	573;
	38661	:	573;
	38662	:	573;
	38663	:	573;
	38664	:	573;
	38665	:	573;
	38666	:	573;
	38667	:	574;
	38668	:	573;
	38669	:	574;
	38670	:	574;
	38671	:	674;
	38672	:	574;
	38673	:	573;
	38674	:	573;
	38675	:	573;
	38676	:	573;
	38677	:	573;
	38678	:	573;
	38679	:	573;
	38680	:	573;
	38681	:	573;
	38682	:	573;
	38683	:	563;
	38684	:	563;
	38685	:	564;
	38686	:	664;
	38687	:	564;
	38688	:	553;
	38689	:	453;
	38690	:	443;
	38691	:	332;
	38692	:	322;
	38693	:	221;
	38694	:	332;
	38695	:	554;
	38696	:	998;
	38697	:	988;
	38698	:	887;
	38699	:	988;
	38700	:	988;
	38701	:	a99;
	38702	:	a89;
	38703	:	cbb;
	38704	:	cbb;
	38705	:	dcd;
	38706	:	bab;
	38707	:	bab;
	38708	:	cbc;
	38709	:	cbb;
	38710	:	cbc;
	38711	:	dcc;
	38712	:	dcd;
	38713	:	edd;
	38714	:	ede;
	38715	:	dcd;
	38716	:	ede;
	38717	:	dbc;
	38718	:	dbc;
	38719	:	ecc;
	38720	:	dbc;
	38721	:	dbb;
	38722	:	caa;
	38723	:	caa;
	38724	:	dcb;
	38725	:	dbb;
	38726	:	bbb;
	38727	:	999;
	38728	:	333;
	38729	:	333;
	38730	:	332;
	38731	:	332;
	38732	:	541;
	38733	:	871;
	38734	:	980;
	38735	:	a80;
	38736	:	b90;
	38737	:	c90;
	38738	:	c90;
	38739	:	c90;
	38740	:	d90;
	38741	:	ea0;
	38742	:	ea0;
	38743	:	da0;
	38744	:	ca0;
	38745	:	ca1;
	38746	:	ba3;
	38747	:	885;
	38748	:	698;
	38749	:	698;
	38750	:	699;
	38751	:	7aa;
	38752	:	7aa;
	38753	:	8bb;
	38754	:	9ab;
	38755	:	fff;
	38756	:	fff;
	38757	:	fff;
	38758	:	fff;
	38759	:	fff;
	38760	:	fff;
	38761	:	fff;
	38762	:	fff;
	38763	:	eff;
	38764	:	eff;
	38765	:	eef;
	38766	:	eef;
	38767	:	dde;
	38768	:	cdd;
	38769	:	dde;
	38770	:	ccc;
	38771	:	bcb;
	38772	:	bbb;
	38773	:	bba;
	38774	:	bba;
	38775	:	aa9;
	38776	:	9a9;
	38777	:	999;
	38778	:	999;
	38779	:	999;
	38780	:	999;
	38781	:	9a9;
	38782	:	9a9;
	38783	:	998;
	38784	:	897;
	38785	:	897;
	38786	:	896;
	38787	:	896;
	38788	:	896;
	38789	:	896;
	38790	:	786;
	38791	:	896;
	38792	:	896;
	38793	:	896;
	38794	:	796;
	38795	:	796;
	38796	:	796;
	38797	:	796;
	38798	:	795;
	38799	:	795;
	38800	:	685;
	38801	:	684;
	38802	:	694;
	38803	:	683;
	38804	:	583;
	38805	:	582;
	38806	:	582;
	38807	:	582;
	38808	:	582;
	38809	:	582;
	38810	:	582;
	38811	:	582;
	38812	:	582;
	38813	:	582;
	38814	:	582;
	38815	:	582;
	38816	:	582;
	38817	:	582;
	38818	:	582;
	38819	:	592;
	38820	:	592;
	38821	:	592;
	38822	:	592;
	38823	:	592;
	38824	:	592;
	38825	:	582;
	38826	:	582;
	38827	:	692;
	38828	:	582;
	38829	:	693;
	38830	:	693;
	38831	:	683;
	38832	:	693;
	38833	:	693;
	38834	:	694;
	38835	:	453;
	38836	:	232;
	38837	:	332;
	38838	:	322;
	38839	:	322;
	38840	:	332;
	38841	:	664;
	38842	:	774;
	38843	:	674;
	38844	:	774;
	38845	:	875;
	38846	:	976;
	38847	:	865;
	38848	:	b54;
	38849	:	a44;
	38850	:	b55;
	38851	:	b54;
	38852	:	a44;
	38853	:	944;
	38854	:	934;
	38855	:	a44;
	38856	:	a44;
	38857	:	944;
	38858	:	977;
	38859	:	755;
	38860	:	866;
	38861	:	755;
	38862	:	733;
	38863	:	844;
	38864	:	834;
	38865	:	944;
	38866	:	833;
	38867	:	a44;
	38868	:	832;
	38869	:	622;
	38870	:	732;
	38871	:	833;
	38872	:	732;
	38873	:	832;
	38874	:	933;
	38875	:	933;
	38876	:	722;
	38877	:	832;
	38878	:	933;
	38879	:	933;
	38880	:	a33;
	38881	:	933;
	38882	:	933;
	38883	:	933;
	38884	:	933;
	38885	:	933;
	38886	:	932;
	38887	:	a32;
	38888	:	a33;
	38889	:	933;
	38890	:	933;
	38891	:	943;
	38892	:	722;
	38893	:	832;
	38894	:	932;
	38895	:	932;
	38896	:	932;
	38897	:	932;
	38898	:	832;
	38899	:	833;
	38900	:	621;
	38901	:	732;
	38902	:	732;
	38903	:	832;
	38904	:	833;
	38905	:	722;
	38906	:	722;
	38907	:	722;
	38908	:	722;
	38909	:	622;
	38910	:	521;
	38911	:	522;
	38912	:	573;
	38913	:	573;
	38914	:	573;
	38915	:	574;
	38916	:	574;
	38917	:	573;
	38918	:	573;
	38919	:	573;
	38920	:	573;
	38921	:	573;
	38922	:	573;
	38923	:	573;
	38924	:	573;
	38925	:	574;
	38926	:	574;
	38927	:	573;
	38928	:	573;
	38929	:	573;
	38930	:	573;
	38931	:	573;
	38932	:	573;
	38933	:	573;
	38934	:	573;
	38935	:	573;
	38936	:	573;
	38937	:	573;
	38938	:	573;
	38939	:	573;
	38940	:	563;
	38941	:	563;
	38942	:	563;
	38943	:	564;
	38944	:	563;
	38945	:	564;
	38946	:	664;
	38947	:	554;
	38948	:	665;
	38949	:	887;
	38950	:	998;
	38951	:	887;
	38952	:	776;
	38953	:	554;
	38954	:	332;
	38955	:	322;
	38956	:	321;
	38957	:	554;
	38958	:	a98;
	38959	:	a99;
	38960	:	988;
	38961	:	dcc;
	38962	:	ccc;
	38963	:	baa;
	38964	:	baa;
	38965	:	baa;
	38966	:	cbb;
	38967	:	dcd;
	38968	:	dcc;
	38969	:	dbc;
	38970	:	dcc;
	38971	:	ecd;
	38972	:	dbc;
	38973	:	dcc;
	38974	:	dbb;
	38975	:	dbb;
	38976	:	dbb;
	38977	:	caa;
	38978	:	cbb;
	38979	:	dbc;
	38980	:	cbb;
	38981	:	ecd;
	38982	:	655;
	38983	:	333;
	38984	:	444;
	38985	:	333;
	38986	:	332;
	38987	:	332;
	38988	:	652;
	38989	:	871;
	38990	:	a81;
	38991	:	a80;
	38992	:	c91;
	38993	:	ca0;
	38994	:	ca0;
	38995	:	da0;
	38996	:	da0;
	38997	:	da0;
	38998	:	da0;
	38999	:	da0;
	39000	:	da1;
	39001	:	b92;
	39002	:	a94;
	39003	:	897;
	39004	:	698;
	39005	:	698;
	39006	:	699;
	39007	:	699;
	39008	:	6aa;
	39009	:	8bb;
	39010	:	688;
	39011	:	eff;
	39012	:	fff;
	39013	:	fff;
	39014	:	fff;
	39015	:	fff;
	39016	:	fff;
	39017	:	fff;
	39018	:	eff;
	39019	:	eff;
	39020	:	eff;
	39021	:	eef;
	39022	:	def;
	39023	:	eef;
	39024	:	dde;
	39025	:	dde;
	39026	:	ccd;
	39027	:	ccc;
	39028	:	bbb;
	39029	:	bbb;
	39030	:	bba;
	39031	:	aa9;
	39032	:	aa9;
	39033	:	9a9;
	39034	:	999;
	39035	:	999;
	39036	:	999;
	39037	:	999;
	39038	:	9a9;
	39039	:	998;
	39040	:	997;
	39041	:	897;
	39042	:	886;
	39043	:	897;
	39044	:	897;
	39045	:	896;
	39046	:	896;
	39047	:	896;
	39048	:	896;
	39049	:	896;
	39050	:	796;
	39051	:	796;
	39052	:	796;
	39053	:	796;
	39054	:	796;
	39055	:	796;
	39056	:	795;
	39057	:	695;
	39058	:	694;
	39059	:	694;
	39060	:	583;
	39061	:	582;
	39062	:	582;
	39063	:	582;
	39064	:	582;
	39065	:	582;
	39066	:	582;
	39067	:	582;
	39068	:	582;
	39069	:	582;
	39070	:	582;
	39071	:	592;
	39072	:	592;
	39073	:	582;
	39074	:	582;
	39075	:	582;
	39076	:	592;
	39077	:	592;
	39078	:	592;
	39079	:	592;
	39080	:	592;
	39081	:	592;
	39082	:	592;
	39083	:	592;
	39084	:	592;
	39085	:	592;
	39086	:	693;
	39087	:	683;
	39088	:	693;
	39089	:	683;
	39090	:	683;
	39091	:	683;
	39092	:	684;
	39093	:	563;
	39094	:	231;
	39095	:	222;
	39096	:	322;
	39097	:	222;
	39098	:	443;
	39099	:	774;
	39100	:	774;
	39101	:	975;
	39102	:	975;
	39103	:	864;
	39104	:	a54;
	39105	:	a44;
	39106	:	a43;
	39107	:	933;
	39108	:	a43;
	39109	:	943;
	39110	:	944;
	39111	:	a44;
	39112	:	944;
	39113	:	854;
	39114	:	866;
	39115	:	977;
	39116	:	866;
	39117	:	855;
	39118	:	944;
	39119	:	844;
	39120	:	944;
	39121	:	944;
	39122	:	933;
	39123	:	a44;
	39124	:	732;
	39125	:	521;
	39126	:	622;
	39127	:	732;
	39128	:	832;
	39129	:	822;
	39130	:	933;
	39131	:	933;
	39132	:	722;
	39133	:	722;
	39134	:	832;
	39135	:	832;
	39136	:	933;
	39137	:	933;
	39138	:	933;
	39139	:	933;
	39140	:	933;
	39141	:	933;
	39142	:	932;
	39143	:	a33;
	39144	:	933;
	39145	:	832;
	39146	:	933;
	39147	:	832;
	39148	:	833;
	39149	:	832;
	39150	:	832;
	39151	:	933;
	39152	:	932;
	39153	:	932;
	39154	:	832;
	39155	:	733;
	39156	:	511;
	39157	:	732;
	39158	:	732;
	39159	:	833;
	39160	:	833;
	39161	:	722;
	39162	:	622;
	39163	:	722;
	39164	:	622;
	39165	:	622;
	39166	:	521;
	39167	:	522;
	39168	:	573;
	39169	:	573;
	39170	:	573;
	39171	:	573;
	39172	:	573;
	39173	:	573;
	39174	:	573;
	39175	:	573;
	39176	:	573;
	39177	:	573;
	39178	:	573;
	39179	:	573;
	39180	:	573;
	39181	:	574;
	39182	:	573;
	39183	:	673;
	39184	:	573;
	39185	:	573;
	39186	:	573;
	39187	:	573;
	39188	:	573;
	39189	:	573;
	39190	:	573;
	39191	:	573;
	39192	:	573;
	39193	:	573;
	39194	:	573;
	39195	:	573;
	39196	:	573;
	39197	:	573;
	39198	:	574;
	39199	:	563;
	39200	:	563;
	39201	:	664;
	39202	:	564;
	39203	:	332;
	39204	:	222;
	39205	:	221;
	39206	:	221;
	39207	:	221;
	39208	:	221;
	39209	:	221;
	39210	:	222;
	39211	:	221;
	39212	:	221;
	39213	:	221;
	39214	:	221;
	39215	:	321;
	39216	:	654;
	39217	:	876;
	39218	:	a98;
	39219	:	cbb;
	39220	:	baa;
	39221	:	baa;
	39222	:	baa;
	39223	:	dcc;
	39224	:	cbb;
	39225	:	cbc;
	39226	:	dcc;
	39227	:	dcc;
	39228	:	cbb;
	39229	:	cab;
	39230	:	cbb;
	39231	:	cab;
	39232	:	cab;
	39233	:	cbb;
	39234	:	baa;
	39235	:	baa;
	39236	:	dcc;
	39237	:	cbc;
	39238	:	433;
	39239	:	433;
	39240	:	333;
	39241	:	333;
	39242	:	333;
	39243	:	332;
	39244	:	552;
	39245	:	772;
	39246	:	981;
	39247	:	a81;
	39248	:	b90;
	39249	:	c90;
	39250	:	da0;
	39251	:	da0;
	39252	:	da0;
	39253	:	da0;
	39254	:	ea0;
	39255	:	da0;
	39256	:	da0;
	39257	:	c92;
	39258	:	a94;
	39259	:	886;
	39260	:	798;
	39261	:	799;
	39262	:	699;
	39263	:	699;
	39264	:	699;
	39265	:	7bb;
	39266	:	799;
	39267	:	9aa;
	39268	:	fff;
	39269	:	fff;
	39270	:	fff;
	39271	:	fff;
	39272	:	fff;
	39273	:	fff;
	39274	:	fff;
	39275	:	fff;
	39276	:	fff;
	39277	:	eef;
	39278	:	def;
	39279	:	def;
	39280	:	dde;
	39281	:	dde;
	39282	:	ccd;
	39283	:	ccd;
	39284	:	bbc;
	39285	:	bbb;
	39286	:	bbb;
	39287	:	aba;
	39288	:	aa9;
	39289	:	aa9;
	39290	:	9a9;
	39291	:	999;
	39292	:	998;
	39293	:	998;
	39294	:	998;
	39295	:	998;
	39296	:	998;
	39297	:	997;
	39298	:	897;
	39299	:	897;
	39300	:	897;
	39301	:	896;
	39302	:	896;
	39303	:	896;
	39304	:	796;
	39305	:	896;
	39306	:	896;
	39307	:	796;
	39308	:	796;
	39309	:	796;
	39310	:	796;
	39311	:	796;
	39312	:	796;
	39313	:	795;
	39314	:	795;
	39315	:	694;
	39316	:	683;
	39317	:	582;
	39318	:	582;
	39319	:	582;
	39320	:	582;
	39321	:	582;
	39322	:	592;
	39323	:	582;
	39324	:	582;
	39325	:	582;
	39326	:	582;
	39327	:	582;
	39328	:	582;
	39329	:	592;
	39330	:	582;
	39331	:	592;
	39332	:	592;
	39333	:	592;
	39334	:	582;
	39335	:	592;
	39336	:	582;
	39337	:	592;
	39338	:	592;
	39339	:	592;
	39340	:	592;
	39341	:	582;
	39342	:	683;
	39343	:	693;
	39344	:	693;
	39345	:	693;
	39346	:	693;
	39347	:	683;
	39348	:	683;
	39349	:	684;
	39350	:	684;
	39351	:	564;
	39352	:	342;
	39353	:	221;
	39354	:	222;
	39355	:	321;
	39356	:	875;
	39357	:	985;
	39358	:	875;
	39359	:	754;
	39360	:	a54;
	39361	:	a54;
	39362	:	a43;
	39363	:	a43;
	39364	:	a43;
	39365	:	944;
	39366	:	a44;
	39367	:	a44;
	39368	:	944;
	39369	:	855;
	39370	:	966;
	39371	:	966;
	39372	:	855;
	39373	:	844;
	39374	:	945;
	39375	:	944;
	39376	:	944;
	39377	:	944;
	39378	:	933;
	39379	:	a44;
	39380	:	622;
	39381	:	521;
	39382	:	622;
	39383	:	832;
	39384	:	833;
	39385	:	832;
	39386	:	833;
	39387	:	832;
	39388	:	732;
	39389	:	832;
	39390	:	832;
	39391	:	832;
	39392	:	933;
	39393	:	933;
	39394	:	933;
	39395	:	933;
	39396	:	933;
	39397	:	832;
	39398	:	933;
	39399	:	933;
	39400	:	833;
	39401	:	832;
	39402	:	832;
	39403	:	832;
	39404	:	832;
	39405	:	832;
	39406	:	832;
	39407	:	932;
	39408	:	a33;
	39409	:	932;
	39410	:	722;
	39411	:	733;
	39412	:	521;
	39413	:	733;
	39414	:	722;
	39415	:	833;
	39416	:	732;
	39417	:	722;
	39418	:	722;
	39419	:	722;
	39420	:	622;
	39421	:	622;
	39422	:	522;
	39423	:	622;
	39424	:	573;
	39425	:	573;
	39426	:	574;
	39427	:	563;
	39428	:	573;
	39429	:	573;
	39430	:	573;
	39431	:	573;
	39432	:	573;
	39433	:	573;
	39434	:	573;
	39435	:	573;
	39436	:	573;
	39437	:	573;
	39438	:	573;
	39439	:	573;
	39440	:	573;
	39441	:	573;
	39442	:	573;
	39443	:	573;
	39444	:	573;
	39445	:	573;
	39446	:	573;
	39447	:	573;
	39448	:	573;
	39449	:	573;
	39450	:	573;
	39451	:	573;
	39452	:	573;
	39453	:	573;
	39454	:	573;
	39455	:	563;
	39456	:	564;
	39457	:	563;
	39458	:	443;
	39459	:	222;
	39460	:	332;
	39461	:	322;
	39462	:	332;
	39463	:	222;
	39464	:	222;
	39465	:	222;
	39466	:	222;
	39467	:	222;
	39468	:	222;
	39469	:	222;
	39470	:	222;
	39471	:	222;
	39472	:	221;
	39473	:	221;
	39474	:	321;
	39475	:	543;
	39476	:	baa;
	39477	:	cbb;
	39478	:	cbb;
	39479	:	bab;
	39480	:	baa;
	39481	:	cbc;
	39482	:	cbb;
	39483	:	dcc;
	39484	:	cbb;
	39485	:	caa;
	39486	:	b9a;
	39487	:	cab;
	39488	:	baa;
	39489	:	baa;
	39490	:	bab;
	39491	:	dcd;
	39492	:	cbc;
	39493	:	777;
	39494	:	222;
	39495	:	333;
	39496	:	322;
	39497	:	333;
	39498	:	332;
	39499	:	332;
	39500	:	332;
	39501	:	442;
	39502	:	982;
	39503	:	981;
	39504	:	a80;
	39505	:	ca0;
	39506	:	ca0;
	39507	:	da0;
	39508	:	eb0;
	39509	:	ea0;
	39510	:	da0;
	39511	:	ea0;
	39512	:	da0;
	39513	:	da1;
	39514	:	c93;
	39515	:	a95;
	39516	:	897;
	39517	:	798;
	39518	:	7a9;
	39519	:	699;
	39520	:	699;
	39521	:	7aa;
	39522	:	799;
	39523	:	789;
	39524	:	fff;
	39525	:	fff;
	39526	:	fff;
	39527	:	fff;
	39528	:	fff;
	39529	:	fff;
	39530	:	fff;
	39531	:	eff;
	39532	:	eef;
	39533	:	eef;
	39534	:	eef;
	39535	:	eef;
	39536	:	ddf;
	39537	:	dde;
	39538	:	dde;
	39539	:	ccd;
	39540	:	ccc;
	39541	:	bbc;
	39542	:	bbb;
	39543	:	bba;
	39544	:	aaa;
	39545	:	aa9;
	39546	:	aa9;
	39547	:	999;
	39548	:	998;
	39549	:	998;
	39550	:	998;
	39551	:	998;
	39552	:	998;
	39553	:	897;
	39554	:	897;
	39555	:	897;
	39556	:	897;
	39557	:	886;
	39558	:	896;
	39559	:	896;
	39560	:	896;
	39561	:	786;
	39562	:	796;
	39563	:	796;
	39564	:	796;
	39565	:	796;
	39566	:	796;
	39567	:	796;
	39568	:	795;
	39569	:	795;
	39570	:	795;
	39571	:	694;
	39572	:	683;
	39573	:	582;
	39574	:	582;
	39575	:	582;
	39576	:	582;
	39577	:	582;
	39578	:	582;
	39579	:	582;
	39580	:	592;
	39581	:	592;
	39582	:	582;
	39583	:	582;
	39584	:	582;
	39585	:	582;
	39586	:	592;
	39587	:	592;
	39588	:	582;
	39589	:	592;
	39590	:	592;
	39591	:	592;
	39592	:	592;
	39593	:	592;
	39594	:	692;
	39595	:	592;
	39596	:	592;
	39597	:	692;
	39598	:	592;
	39599	:	683;
	39600	:	683;
	39601	:	693;
	39602	:	683;
	39603	:	683;
	39604	:	683;
	39605	:	683;
	39606	:	684;
	39607	:	684;
	39608	:	684;
	39609	:	685;
	39610	:	674;
	39611	:	453;
	39612	:	542;
	39613	:	985;
	39614	:	864;
	39615	:	754;
	39616	:	854;
	39617	:	743;
	39618	:	943;
	39619	:	a54;
	39620	:	a44;
	39621	:	a44;
	39622	:	a55;
	39623	:	a55;
	39624	:	955;
	39625	:	955;
	39626	:	966;
	39627	:	a66;
	39628	:	854;
	39629	:	843;
	39630	:	944;
	39631	:	944;
	39632	:	944;
	39633	:	933;
	39634	:	933;
	39635	:	933;
	39636	:	621;
	39637	:	622;
	39638	:	622;
	39639	:	833;
	39640	:	933;
	39641	:	833;
	39642	:	832;
	39643	:	833;
	39644	:	833;
	39645	:	833;
	39646	:	833;
	39647	:	833;
	39648	:	933;
	39649	:	933;
	39650	:	932;
	39651	:	933;
	39652	:	933;
	39653	:	722;
	39654	:	832;
	39655	:	832;
	39656	:	832;
	39657	:	832;
	39658	:	832;
	39659	:	832;
	39660	:	832;
	39661	:	832;
	39662	:	832;
	39663	:	932;
	39664	:	a33;
	39665	:	933;
	39666	:	822;
	39667	:	732;
	39668	:	622;
	39669	:	732;
	39670	:	722;
	39671	:	732;
	39672	:	732;
	39673	:	622;
	39674	:	722;
	39675	:	722;
	39676	:	622;
	39677	:	622;
	39678	:	522;
	39679	:	633;
	39680	:	563;
	39681	:	573;
	39682	:	574;
	39683	:	563;
	39684	:	563;
	39685	:	573;
	39686	:	563;
	39687	:	573;
	39688	:	573;
	39689	:	563;
	39690	:	573;
	39691	:	573;
	39692	:	573;
	39693	:	573;
	39694	:	573;
	39695	:	573;
	39696	:	573;
	39697	:	573;
	39698	:	573;
	39699	:	573;
	39700	:	573;
	39701	:	573;
	39702	:	573;
	39703	:	573;
	39704	:	673;
	39705	:	573;
	39706	:	573;
	39707	:	673;
	39708	:	573;
	39709	:	573;
	39710	:	573;
	39711	:	573;
	39712	:	564;
	39713	:	674;
	39714	:	553;
	39715	:	333;
	39716	:	333;
	39717	:	333;
	39718	:	322;
	39719	:	222;
	39720	:	222;
	39721	:	222;
	39722	:	222;
	39723	:	222;
	39724	:	222;
	39725	:	222;
	39726	:	222;
	39727	:	222;
	39728	:	222;
	39729	:	222;
	39730	:	222;
	39731	:	221;
	39732	:	221;
	39733	:	988;
	39734	:	baa;
	39735	:	baa;
	39736	:	cbb;
	39737	:	baa;
	39738	:	cab;
	39739	:	baa;
	39740	:	b9a;
	39741	:	baa;
	39742	:	cab;
	39743	:	baa;
	39744	:	bab;
	39745	:	bab;
	39746	:	bab;
	39747	:	baa;
	39748	:	888;
	39749	:	433;
	39750	:	222;
	39751	:	333;
	39752	:	332;
	39753	:	333;
	39754	:	332;
	39755	:	332;
	39756	:	332;
	39757	:	332;
	39758	:	661;
	39759	:	a81;
	39760	:	b90;
	39761	:	b90;
	39762	:	da0;
	39763	:	da0;
	39764	:	eb0;
	39765	:	da0;
	39766	:	da0;
	39767	:	ea0;
	39768	:	eb0;
	39769	:	ea0;
	39770	:	eb1;
	39771	:	ca2;
	39772	:	a95;
	39773	:	897;
	39774	:	799;
	39775	:	799;
	39776	:	7aa;
	39777	:	6aa;
	39778	:	7aa;
	39779	:	799;
	39780	:	bbc;
	39781	:	fff;
	39782	:	fff;
	39783	:	fff;
	39784	:	fff;
	39785	:	fff;
	39786	:	fff;
	39787	:	eff;
	39788	:	eff;
	39789	:	eef;
	39790	:	eef;
	39791	:	ddf;
	39792	:	ddf;
	39793	:	dde;
	39794	:	dde;
	39795	:	ccd;
	39796	:	ccc;
	39797	:	cbc;
	39798	:	bbc;
	39799	:	bbb;
	39800	:	baa;
	39801	:	aaa;
	39802	:	aa9;
	39803	:	9a9;
	39804	:	998;
	39805	:	998;
	39806	:	998;
	39807	:	998;
	39808	:	998;
	39809	:	897;
	39810	:	887;
	39811	:	897;
	39812	:	897;
	39813	:	886;
	39814	:	896;
	39815	:	786;
	39816	:	896;
	39817	:	796;
	39818	:	796;
	39819	:	796;
	39820	:	796;
	39821	:	796;
	39822	:	796;
	39823	:	795;
	39824	:	795;
	39825	:	795;
	39826	:	695;
	39827	:	694;
	39828	:	683;
	39829	:	693;
	39830	:	582;
	39831	:	582;
	39832	:	582;
	39833	:	582;
	39834	:	582;
	39835	:	582;
	39836	:	582;
	39837	:	582;
	39838	:	582;
	39839	:	582;
	39840	:	582;
	39841	:	582;
	39842	:	592;
	39843	:	582;
	39844	:	582;
	39845	:	592;
	39846	:	582;
	39847	:	592;
	39848	:	592;
	39849	:	592;
	39850	:	592;
	39851	:	592;
	39852	:	592;
	39853	:	692;
	39854	:	582;
	39855	:	683;
	39856	:	683;
	39857	:	683;
	39858	:	683;
	39859	:	683;
	39860	:	683;
	39861	:	683;
	39862	:	683;
	39863	:	683;
	39864	:	684;
	39865	:	684;
	39866	:	674;
	39867	:	674;
	39868	:	885;
	39869	:	975;
	39870	:	764;
	39871	:	653;
	39872	:	542;
	39873	:	643;
	39874	:	632;
	39875	:	a55;
	39876	:	a54;
	39877	:	a55;
	39878	:	a65;
	39879	:	a66;
	39880	:	a65;
	39881	:	a65;
	39882	:	a65;
	39883	:	a65;
	39884	:	844;
	39885	:	833;
	39886	:	a44;
	39887	:	a44;
	39888	:	944;
	39889	:	933;
	39890	:	833;
	39891	:	732;
	39892	:	622;
	39893	:	632;
	39894	:	732;
	39895	:	933;
	39896	:	933;
	39897	:	933;
	39898	:	933;
	39899	:	833;
	39900	:	833;
	39901	:	833;
	39902	:	833;
	39903	:	832;
	39904	:	832;
	39905	:	832;
	39906	:	833;
	39907	:	832;
	39908	:	832;
	39909	:	722;
	39910	:	722;
	39911	:	722;
	39912	:	832;
	39913	:	732;
	39914	:	732;
	39915	:	832;
	39916	:	822;
	39917	:	832;
	39918	:	822;
	39919	:	822;
	39920	:	a33;
	39921	:	933;
	39922	:	832;
	39923	:	833;
	39924	:	622;
	39925	:	632;
	39926	:	622;
	39927	:	722;
	39928	:	722;
	39929	:	722;
	39930	:	722;
	39931	:	732;
	39932	:	622;
	39933	:	622;
	39934	:	522;
	39935	:	633;
	39936	:	574;
	39937	:	573;
	39938	:	574;
	39939	:	574;
	39940	:	673;
	39941	:	563;
	39942	:	563;
	39943	:	573;
	39944	:	573;
	39945	:	573;
	39946	:	573;
	39947	:	573;
	39948	:	573;
	39949	:	563;
	39950	:	563;
	39951	:	573;
	39952	:	573;
	39953	:	573;
	39954	:	573;
	39955	:	563;
	39956	:	673;
	39957	:	573;
	39958	:	673;
	39959	:	573;
	39960	:	573;
	39961	:	673;
	39962	:	573;
	39963	:	673;
	39964	:	573;
	39965	:	573;
	39966	:	573;
	39967	:	573;
	39968	:	563;
	39969	:	553;
	39970	:	554;
	39971	:	433;
	39972	:	333;
	39973	:	222;
	39974	:	222;
	39975	:	232;
	39976	:	222;
	39977	:	322;
	39978	:	222;
	39979	:	332;
	39980	:	332;
	39981	:	332;
	39982	:	222;
	39983	:	222;
	39984	:	222;
	39985	:	222;
	39986	:	222;
	39987	:	322;
	39988	:	322;
	39989	:	221;
	39990	:	876;
	39991	:	a98;
	39992	:	a98;
	39993	:	baa;
	39994	:	baa;
	39995	:	baa;
	39996	:	bab;
	39997	:	aaa;
	39998	:	baa;
	39999	:	bab;
	40000	:	cbc;
	40001	:	766;
	40002	:	444;
	40003	:	544;
	40004	:	443;
	40005	:	333;
	40006	:	332;
	40007	:	333;
	40008	:	332;
	40009	:	333;
	40010	:	332;
	40011	:	222;
	40012	:	332;
	40013	:	322;
	40014	:	652;
	40015	:	871;
	40016	:	b91;
	40017	:	ca0;
	40018	:	da0;
	40019	:	da0;
	40020	:	ea0;
	40021	:	ea0;
	40022	:	eb0;
	40023	:	fb0;
	40024	:	fb0;
	40025	:	fb0;
	40026	:	fb0;
	40027	:	fb0;
	40028	:	da2;
	40029	:	ba4;
	40030	:	8a7;
	40031	:	798;
	40032	:	7aa;
	40033	:	6aa;
	40034	:	7aa;
	40035	:	799;
	40036	:	89a;
	40037	:	fff;
	40038	:	fff;
	40039	:	fff;
	40040	:	fff;
	40041	:	fff;
	40042	:	fff;
	40043	:	fff;
	40044	:	eff;
	40045	:	eef;
	40046	:	eef;
	40047	:	ddf;
	40048	:	def;
	40049	:	dde;
	40050	:	dde;
	40051	:	ccd;
	40052	:	ccd;
	40053	:	bbc;
	40054	:	bbc;
	40055	:	bbb;
	40056	:	baa;
	40057	:	aaa;
	40058	:	aa9;
	40059	:	999;
	40060	:	998;
	40061	:	998;
	40062	:	998;
	40063	:	898;
	40064	:	998;
	40065	:	887;
	40066	:	997;
	40067	:	887;
	40068	:	897;
	40069	:	887;
	40070	:	786;
	40071	:	786;
	40072	:	796;
	40073	:	896;
	40074	:	796;
	40075	:	796;
	40076	:	796;
	40077	:	796;
	40078	:	796;
	40079	:	785;
	40080	:	795;
	40081	:	795;
	40082	:	795;
	40083	:	694;
	40084	:	683;
	40085	:	583;
	40086	:	583;
	40087	:	582;
	40088	:	583;
	40089	:	582;
	40090	:	582;
	40091	:	582;
	40092	:	582;
	40093	:	582;
	40094	:	582;
	40095	:	582;
	40096	:	582;
	40097	:	582;
	40098	:	582;
	40099	:	582;
	40100	:	582;
	40101	:	592;
	40102	:	582;
	40103	:	582;
	40104	:	582;
	40105	:	592;
	40106	:	592;
	40107	:	592;
	40108	:	592;
	40109	:	592;
	40110	:	582;
	40111	:	583;
	40112	:	693;
	40113	:	693;
	40114	:	683;
	40115	:	683;
	40116	:	683;
	40117	:	683;
	40118	:	683;
	40119	:	684;
	40120	:	674;
	40121	:	674;
	40122	:	674;
	40123	:	674;
	40124	:	884;
	40125	:	985;
	40126	:	875;
	40127	:	754;
	40128	:	643;
	40129	:	643;
	40130	:	632;
	40131	:	a54;
	40132	:	a44;
	40133	:	a55;
	40134	:	a66;
	40135	:	a66;
	40136	:	a55;
	40137	:	a55;
	40138	:	a55;
	40139	:	a55;
	40140	:	733;
	40141	:	833;
	40142	:	a44;
	40143	:	944;
	40144	:	944;
	40145	:	833;
	40146	:	622;
	40147	:	622;
	40148	:	732;
	40149	:	732;
	40150	:	733;
	40151	:	833;
	40152	:	933;
	40153	:	933;
	40154	:	933;
	40155	:	933;
	40156	:	833;
	40157	:	833;
	40158	:	833;
	40159	:	833;
	40160	:	832;
	40161	:	822;
	40162	:	832;
	40163	:	832;
	40164	:	932;
	40165	:	732;
	40166	:	732;
	40167	:	832;
	40168	:	722;
	40169	:	732;
	40170	:	722;
	40171	:	832;
	40172	:	832;
	40173	:	832;
	40174	:	832;
	40175	:	822;
	40176	:	a33;
	40177	:	933;
	40178	:	832;
	40179	:	833;
	40180	:	622;
	40181	:	622;
	40182	:	622;
	40183	:	622;
	40184	:	622;
	40185	:	622;
	40186	:	722;
	40187	:	722;
	40188	:	622;
	40189	:	622;
	40190	:	522;
	40191	:	633;
	40192	:	564;
	40193	:	564;
	40194	:	563;
	40195	:	674;
	40196	:	563;
	40197	:	564;
	40198	:	563;
	40199	:	573;
	40200	:	574;
	40201	:	563;
	40202	:	563;
	40203	:	563;
	40204	:	573;
	40205	:	573;
	40206	:	563;
	40207	:	563;
	40208	:	563;
	40209	:	574;
	40210	:	563;
	40211	:	563;
	40212	:	673;
	40213	:	573;
	40214	:	573;
	40215	:	573;
	40216	:	573;
	40217	:	673;
	40218	:	673;
	40219	:	573;
	40220	:	573;
	40221	:	573;
	40222	:	573;
	40223	:	573;
	40224	:	563;
	40225	:	553;
	40226	:	554;
	40227	:	333;
	40228	:	333;
	40229	:	222;
	40230	:	222;
	40231	:	332;
	40232	:	333;
	40233	:	222;
	40234	:	333;
	40235	:	333;
	40236	:	333;
	40237	:	333;
	40238	:	222;
	40239	:	222;
	40240	:	332;
	40241	:	222;
	40242	:	323;
	40243	:	333;
	40244	:	322;
	40245	:	332;
	40246	:	322;
	40247	:	654;
	40248	:	877;
	40249	:	988;
	40250	:	bbb;
	40251	:	a9a;
	40252	:	999;
	40253	:	999;
	40254	:	988;
	40255	:	988;
	40256	:	333;
	40257	:	333;
	40258	:	333;
	40259	:	433;
	40260	:	333;
	40261	:	333;
	40262	:	333;
	40263	:	322;
	40264	:	322;
	40265	:	332;
	40266	:	332;
	40267	:	332;
	40268	:	322;
	40269	:	332;
	40270	:	661;
	40271	:	a81;
	40272	:	b90;
	40273	:	c90;
	40274	:	da0;
	40275	:	ea0;
	40276	:	ea0;
	40277	:	eb0;
	40278	:	eb0;
	40279	:	fc0;
	40280	:	fc0;
	40281	:	fc0;
	40282	:	fc0;
	40283	:	fc0;
	40284	:	fc0;
	40285	:	ec1;
	40286	:	ba4;
	40287	:	897;
	40288	:	699;
	40289	:	69a;
	40290	:	7aa;
	40291	:	7aa;
	40292	:	789;
	40293	:	fff;
	40294	:	fff;
	40295	:	fff;
	40296	:	fff;
	40297	:	fff;
	40298	:	fff;
	40299	:	fff;
	40300	:	fff;
	40301	:	eef;
	40302	:	eef;
	40303	:	eef;
	40304	:	dde;
	40305	:	dde;
	40306	:	dde;
	40307	:	ddd;
	40308	:	ccd;
	40309	:	ccc;
	40310	:	bbc;
	40311	:	bbb;
	40312	:	bbb;
	40313	:	aaa;
	40314	:	aaa;
	40315	:	aa9;
	40316	:	998;
	40317	:	998;
	40318	:	998;
	40319	:	887;
	40320	:	887;
	40321	:	897;
	40322	:	897;
	40323	:	897;
	40324	:	897;
	40325	:	887;
	40326	:	786;
	40327	:	786;
	40328	:	786;
	40329	:	786;
	40330	:	796;
	40331	:	796;
	40332	:	795;
	40333	:	796;
	40334	:	795;
	40335	:	795;
	40336	:	695;
	40337	:	695;
	40338	:	694;
	40339	:	694;
	40340	:	583;
	40341	:	583;
	40342	:	583;
	40343	:	583;
	40344	:	582;
	40345	:	582;
	40346	:	582;
	40347	:	582;
	40348	:	582;
	40349	:	582;
	40350	:	582;
	40351	:	592;
	40352	:	582;
	40353	:	582;
	40354	:	582;
	40355	:	592;
	40356	:	582;
	40357	:	592;
	40358	:	592;
	40359	:	582;
	40360	:	592;
	40361	:	592;
	40362	:	592;
	40363	:	592;
	40364	:	592;
	40365	:	592;
	40366	:	592;
	40367	:	683;
	40368	:	583;
	40369	:	583;
	40370	:	683;
	40371	:	683;
	40372	:	683;
	40373	:	683;
	40374	:	683;
	40375	:	683;
	40376	:	684;
	40377	:	674;
	40378	:	674;
	40379	:	674;
	40380	:	984;
	40381	:	985;
	40382	:	975;
	40383	:	743;
	40384	:	743;
	40385	:	643;
	40386	:	744;
	40387	:	b66;
	40388	:	a54;
	40389	:	b65;
	40390	:	b65;
	40391	:	b65;
	40392	:	a55;
	40393	:	b55;
	40394	:	b65;
	40395	:	a54;
	40396	:	733;
	40397	:	833;
	40398	:	944;
	40399	:	944;
	40400	:	943;
	40401	:	632;
	40402	:	522;
	40403	:	622;
	40404	:	733;
	40405	:	833;
	40406	:	833;
	40407	:	833;
	40408	:	833;
	40409	:	833;
	40410	:	833;
	40411	:	832;
	40412	:	732;
	40413	:	722;
	40414	:	732;
	40415	:	832;
	40416	:	832;
	40417	:	822;
	40418	:	833;
	40419	:	933;
	40420	:	933;
	40421	:	622;
	40422	:	632;
	40423	:	832;
	40424	:	732;
	40425	:	732;
	40426	:	833;
	40427	:	722;
	40428	:	832;
	40429	:	832;
	40430	:	832;
	40431	:	722;
	40432	:	932;
	40433	:	832;
	40434	:	832;
	40435	:	732;
	40436	:	622;
	40437	:	622;
	40438	:	622;
	40439	:	622;
	40440	:	622;
	40441	:	722;
	40442	:	622;
	40443	:	622;
	40444	:	622;
	40445	:	522;
	40446	:	522;
	40447	:	633;
	40448	:	564;
	40449	:	574;
	40450	:	564;
	40451	:	564;
	40452	:	564;
	40453	:	563;
	40454	:	564;
	40455	:	563;
	40456	:	563;
	40457	:	563;
	40458	:	563;
	40459	:	563;
	40460	:	563;
	40461	:	563;
	40462	:	563;
	40463	:	563;
	40464	:	563;
	40465	:	563;
	40466	:	563;
	40467	:	674;
	40468	:	674;
	40469	:	563;
	40470	:	673;
	40471	:	573;
	40472	:	573;
	40473	:	573;
	40474	:	573;
	40475	:	673;
	40476	:	673;
	40477	:	573;
	40478	:	673;
	40479	:	673;
	40480	:	664;
	40481	:	554;
	40482	:	443;
	40483	:	443;
	40484	:	333;
	40485	:	332;
	40486	:	232;
	40487	:	333;
	40488	:	233;
	40489	:	222;
	40490	:	333;
	40491	:	333;
	40492	:	333;
	40493	:	333;
	40494	:	333;
	40495	:	333;
	40496	:	222;
	40497	:	333;
	40498	:	333;
	40499	:	333;
	40500	:	333;
	40501	:	333;
	40502	:	333;
	40503	:	222;
	40504	:	544;
	40505	:	443;
	40506	:	554;
	40507	:	655;
	40508	:	667;
	40509	:	555;
	40510	:	333;
	40511	:	322;
	40512	:	333;
	40513	:	333;
	40514	:	333;
	40515	:	333;
	40516	:	333;
	40517	:	333;
	40518	:	332;
	40519	:	333;
	40520	:	222;
	40521	:	332;
	40522	:	232;
	40523	:	332;
	40524	:	332;
	40525	:	332;
	40526	:	652;
	40527	:	981;
	40528	:	ca0;
	40529	:	ca0;
	40530	:	eb0;
	40531	:	eb0;
	40532	:	fb0;
	40533	:	fb0;
	40534	:	fb0;
	40535	:	fb0;
	40536	:	fc0;
	40537	:	fb0;
	40538	:	fc0;
	40539	:	fc0;
	40540	:	fc0;
	40541	:	ec0;
	40542	:	db1;
	40543	:	aa6;
	40544	:	698;
	40545	:	7aa;
	40546	:	7aa;
	40547	:	7aa;
	40548	:	799;
	40549	:	fff;
	40550	:	fff;
	40551	:	fff;
	40552	:	fff;
	40553	:	fff;
	40554	:	fff;
	40555	:	fff;
	40556	:	fff;
	40557	:	eef;
	40558	:	eef;
	40559	:	eef;
	40560	:	dde;
	40561	:	dde;
	40562	:	ccd;
	40563	:	dcd;
	40564	:	ccd;
	40565	:	ccd;
	40566	:	ccc;
	40567	:	bbb;
	40568	:	bbb;
	40569	:	aaa;
	40570	:	aaa;
	40571	:	aa9;
	40572	:	999;
	40573	:	998;
	40574	:	897;
	40575	:	897;
	40576	:	887;
	40577	:	887;
	40578	:	897;
	40579	:	887;
	40580	:	897;
	40581	:	787;
	40582	:	786;
	40583	:	786;
	40584	:	786;
	40585	:	786;
	40586	:	785;
	40587	:	785;
	40588	:	795;
	40589	:	795;
	40590	:	795;
	40591	:	795;
	40592	:	684;
	40593	:	684;
	40594	:	694;
	40595	:	683;
	40596	:	583;
	40597	:	583;
	40598	:	583;
	40599	:	583;
	40600	:	583;
	40601	:	582;
	40602	:	583;
	40603	:	582;
	40604	:	582;
	40605	:	582;
	40606	:	582;
	40607	:	582;
	40608	:	582;
	40609	:	582;
	40610	:	582;
	40611	:	582;
	40612	:	582;
	40613	:	582;
	40614	:	592;
	40615	:	582;
	40616	:	582;
	40617	:	592;
	40618	:	582;
	40619	:	592;
	40620	:	592;
	40621	:	582;
	40622	:	592;
	40623	:	583;
	40624	:	683;
	40625	:	683;
	40626	:	583;
	40627	:	583;
	40628	:	683;
	40629	:	683;
	40630	:	683;
	40631	:	683;
	40632	:	674;
	40633	:	674;
	40634	:	674;
	40635	:	674;
	40636	:	985;
	40637	:	975;
	40638	:	854;
	40639	:	743;
	40640	:	844;
	40641	:	733;
	40642	:	966;
	40643	:	a65;
	40644	:	b65;
	40645	:	a55;
	40646	:	b55;
	40647	:	a54;
	40648	:	a54;
	40649	:	a54;
	40650	:	b55;
	40651	:	954;
	40652	:	733;
	40653	:	833;
	40654	:	843;
	40655	:	943;
	40656	:	844;
	40657	:	632;
	40658	:	522;
	40659	:	732;
	40660	:	833;
	40661	:	833;
	40662	:	833;
	40663	:	833;
	40664	:	833;
	40665	:	833;
	40666	:	833;
	40667	:	722;
	40668	:	733;
	40669	:	722;
	40670	:	732;
	40671	:	722;
	40672	:	832;
	40673	:	832;
	40674	:	833;
	40675	:	933;
	40676	:	833;
	40677	:	421;
	40678	:	622;
	40679	:	832;
	40680	:	722;
	40681	:	732;
	40682	:	732;
	40683	:	832;
	40684	:	732;
	40685	:	722;
	40686	:	832;
	40687	:	722;
	40688	:	833;
	40689	:	832;
	40690	:	832;
	40691	:	722;
	40692	:	632;
	40693	:	622;
	40694	:	622;
	40695	:	622;
	40696	:	622;
	40697	:	622;
	40698	:	622;
	40699	:	622;
	40700	:	622;
	40701	:	522;
	40702	:	522;
	40703	:	733;
	40704	:	564;
	40705	:	564;
	40706	:	674;
	40707	:	564;
	40708	:	564;
	40709	:	674;
	40710	:	563;
	40711	:	564;
	40712	:	563;
	40713	:	564;
	40714	:	563;
	40715	:	564;
	40716	:	563;
	40717	:	563;
	40718	:	564;
	40719	:	563;
	40720	:	564;
	40721	:	563;
	40722	:	664;
	40723	:	563;
	40724	:	574;
	40725	:	563;
	40726	:	674;
	40727	:	674;
	40728	:	673;
	40729	:	573;
	40730	:	573;
	40731	:	673;
	40732	:	673;
	40733	:	573;
	40734	:	573;
	40735	:	573;
	40736	:	563;
	40737	:	553;
	40738	:	444;
	40739	:	333;
	40740	:	322;
	40741	:	333;
	40742	:	333;
	40743	:	333;
	40744	:	333;
	40745	:	333;
	40746	:	333;
	40747	:	333;
	40748	:	333;
	40749	:	222;
	40750	:	222;
	40751	:	222;
	40752	:	222;
	40753	:	333;
	40754	:	333;
	40755	:	333;
	40756	:	333;
	40757	:	333;
	40758	:	444;
	40759	:	222;
	40760	:	222;
	40761	:	322;
	40762	:	332;
	40763	:	443;
	40764	:	333;
	40765	:	332;
	40766	:	333;
	40767	:	333;
	40768	:	333;
	40769	:	333;
	40770	:	332;
	40771	:	333;
	40772	:	333;
	40773	:	222;
	40774	:	332;
	40775	:	333;
	40776	:	332;
	40777	:	332;
	40778	:	333;
	40779	:	332;
	40780	:	332;
	40781	:	342;
	40782	:	662;
	40783	:	871;
	40784	:	b90;
	40785	:	da0;
	40786	:	db0;
	40787	:	ec0;
	40788	:	fc0;
	40789	:	fc0;
	40790	:	fc0;
	40791	:	fb0;
	40792	:	fc0;
	40793	:	fb0;
	40794	:	fb0;
	40795	:	fb0;
	40796	:	fc0;
	40797	:	eb0;
	40798	:	db1;
	40799	:	bb5;
	40800	:	688;
	40801	:	699;
	40802	:	7aa;
	40803	:	7aa;
	40804	:	8aa;
	40805	:	fff;
	40806	:	fff;
	40807	:	fff;
	40808	:	fff;
	40809	:	fff;
	40810	:	fff;
	40811	:	fff;
	40812	:	fff;
	40813	:	eef;
	40814	:	eef;
	40815	:	eef;
	40816	:	eef;
	40817	:	dde;
	40818	:	dde;
	40819	:	ccd;
	40820	:	ccd;
	40821	:	ccc;
	40822	:	bbc;
	40823	:	bbc;
	40824	:	bbb;
	40825	:	aaa;
	40826	:	aaa;
	40827	:	aa9;
	40828	:	aa9;
	40829	:	998;
	40830	:	898;
	40831	:	887;
	40832	:	887;
	40833	:	887;
	40834	:	887;
	40835	:	887;
	40836	:	887;
	40837	:	787;
	40838	:	787;
	40839	:	786;
	40840	:	786;
	40841	:	786;
	40842	:	785;
	40843	:	795;
	40844	:	795;
	40845	:	795;
	40846	:	795;
	40847	:	695;
	40848	:	684;
	40849	:	684;
	40850	:	684;
	40851	:	583;
	40852	:	583;
	40853	:	583;
	40854	:	583;
	40855	:	583;
	40856	:	582;
	40857	:	583;
	40858	:	583;
	40859	:	583;
	40860	:	582;
	40861	:	582;
	40862	:	582;
	40863	:	582;
	40864	:	582;
	40865	:	582;
	40866	:	592;
	40867	:	582;
	40868	:	582;
	40869	:	582;
	40870	:	582;
	40871	:	582;
	40872	:	582;
	40873	:	592;
	40874	:	582;
	40875	:	592;
	40876	:	582;
	40877	:	592;
	40878	:	582;
	40879	:	582;
	40880	:	583;
	40881	:	583;
	40882	:	683;
	40883	:	683;
	40884	:	583;
	40885	:	683;
	40886	:	683;
	40887	:	673;
	40888	:	674;
	40889	:	674;
	40890	:	674;
	40891	:	674;
	40892	:	874;
	40893	:	865;
	40894	:	743;
	40895	:	854;
	40896	:	743;
	40897	:	743;
	40898	:	732;
	40899	:	c77;
	40900	:	b76;
	40901	:	b55;
	40902	:	b55;
	40903	:	a54;
	40904	:	b55;
	40905	:	943;
	40906	:	a54;
	40907	:	944;
	40908	:	844;
	40909	:	833;
	40910	:	933;
	40911	:	944;
	40912	:	944;
	40913	:	622;
	40914	:	522;
	40915	:	733;
	40916	:	833;
	40917	:	833;
	40918	:	933;
	40919	:	833;
	40920	:	833;
	40921	:	733;
	40922	:	622;
	40923	:	732;
	40924	:	732;
	40925	:	732;
	40926	:	732;
	40927	:	732;
	40928	:	933;
	40929	:	833;
	40930	:	833;
	40931	:	833;
	40932	:	833;
	40933	:	421;
	40934	:	522;
	40935	:	833;
	40936	:	722;
	40937	:	732;
	40938	:	722;
	40939	:	732;
	40940	:	722;
	40941	:	722;
	40942	:	832;
	40943	:	732;
	40944	:	832;
	40945	:	722;
	40946	:	732;
	40947	:	722;
	40948	:	732;
	40949	:	632;
	40950	:	622;
	40951	:	622;
	40952	:	622;
	40953	:	622;
	40954	:	622;
	40955	:	622;
	40956	:	622;
	40957	:	522;
	40958	:	522;
	40959	:	733;
	40960	:	564;
	40961	:	664;
	40962	:	564;
	40963	:	564;
	40964	:	564;
	40965	:	564;
	40966	:	664;
	40967	:	564;
	40968	:	563;
	40969	:	563;
	40970	:	563;
	40971	:	563;
	40972	:	563;
	40973	:	563;
	40974	:	564;
	40975	:	564;
	40976	:	563;
	40977	:	664;
	40978	:	564;
	40979	:	564;
	40980	:	674;
	40981	:	564;
	40982	:	664;
	40983	:	574;
	40984	:	674;
	40985	:	674;
	40986	:	574;
	40987	:	674;
	40988	:	673;
	40989	:	573;
	40990	:	573;
	40991	:	573;
	40992	:	563;
	40993	:	553;
	40994	:	443;
	40995	:	433;
	40996	:	332;
	40997	:	333;
	40998	:	333;
	40999	:	333;
	41000	:	333;
	41001	:	332;
	41002	:	222;
	41003	:	332;
	41004	:	222;
	41005	:	333;
	41006	:	333;
	41007	:	333;
	41008	:	333;
	41009	:	332;
	41010	:	323;
	41011	:	333;
	41012	:	333;
	41013	:	333;
	41014	:	332;
	41015	:	222;
	41016	:	222;
	41017	:	332;
	41018	:	332;
	41019	:	322;
	41020	:	333;
	41021	:	333;
	41022	:	322;
	41023	:	332;
	41024	:	333;
	41025	:	332;
	41026	:	332;
	41027	:	333;
	41028	:	222;
	41029	:	232;
	41030	:	232;
	41031	:	332;
	41032	:	333;
	41033	:	333;
	41034	:	333;
	41035	:	333;
	41036	:	443;
	41037	:	553;
	41038	:	662;
	41039	:	771;
	41040	:	a81;
	41041	:	b90;
	41042	:	db0;
	41043	:	eb0;
	41044	:	fb0;
	41045	:	fc0;
	41046	:	fb0;
	41047	:	fc0;
	41048	:	fb0;
	41049	:	fc0;
	41050	:	fc0;
	41051	:	fc0;
	41052	:	ec0;
	41053	:	ec0;
	41054	:	db0;
	41055	:	ba4;
	41056	:	798;
	41057	:	698;
	41058	:	699;
	41059	:	7aa;
	41060	:	8aa;
	41061	:	fff;
	41062	:	fff;
	41063	:	fff;
	41064	:	fff;
	41065	:	fff;
	41066	:	fff;
	41067	:	fff;
	41068	:	fff;
	41069	:	eef;
	41070	:	eef;
	41071	:	eee;
	41072	:	dde;
	41073	:	dde;
	41074	:	dde;
	41075	:	ccd;
	41076	:	ccd;
	41077	:	ccd;
	41078	:	cbc;
	41079	:	bbc;
	41080	:	bbb;
	41081	:	abb;
	41082	:	aaa;
	41083	:	aaa;
	41084	:	999;
	41085	:	999;
	41086	:	998;
	41087	:	898;
	41088	:	887;
	41089	:	887;
	41090	:	887;
	41091	:	787;
	41092	:	887;
	41093	:	787;
	41094	:	787;
	41095	:	786;
	41096	:	786;
	41097	:	786;
	41098	:	785;
	41099	:	785;
	41100	:	795;
	41101	:	795;
	41102	:	695;
	41103	:	684;
	41104	:	684;
	41105	:	684;
	41106	:	583;
	41107	:	583;
	41108	:	583;
	41109	:	683;
	41110	:	583;
	41111	:	583;
	41112	:	583;
	41113	:	583;
	41114	:	583;
	41115	:	582;
	41116	:	583;
	41117	:	583;
	41118	:	582;
	41119	:	582;
	41120	:	582;
	41121	:	582;
	41122	:	582;
	41123	:	582;
	41124	:	582;
	41125	:	582;
	41126	:	582;
	41127	:	582;
	41128	:	592;
	41129	:	582;
	41130	:	592;
	41131	:	592;
	41132	:	582;
	41133	:	693;
	41134	:	582;
	41135	:	583;
	41136	:	583;
	41137	:	583;
	41138	:	683;
	41139	:	583;
	41140	:	683;
	41141	:	583;
	41142	:	683;
	41143	:	673;
	41144	:	673;
	41145	:	674;
	41146	:	674;
	41147	:	674;
	41148	:	764;
	41149	:	764;
	41150	:	644;
	41151	:	755;
	41152	:	743;
	41153	:	633;
	41154	:	732;
	41155	:	b66;
	41156	:	b76;
	41157	:	b65;
	41158	:	b55;
	41159	:	a44;
	41160	:	a55;
	41161	:	943;
	41162	:	944;
	41163	:	944;
	41164	:	944;
	41165	:	944;
	41166	:	a44;
	41167	:	a44;
	41168	:	944;
	41169	:	522;
	41170	:	532;
	41171	:	743;
	41172	:	833;
	41173	:	833;
	41174	:	933;
	41175	:	833;
	41176	:	833;
	41177	:	733;
	41178	:	632;
	41179	:	733;
	41180	:	732;
	41181	:	832;
	41182	:	833;
	41183	:	833;
	41184	:	933;
	41185	:	833;
	41186	:	722;
	41187	:	833;
	41188	:	733;
	41189	:	421;
	41190	:	522;
	41191	:	833;
	41192	:	732;
	41193	:	732;
	41194	:	732;
	41195	:	732;
	41196	:	732;
	41197	:	722;
	41198	:	832;
	41199	:	732;
	41200	:	732;
	41201	:	732;
	41202	:	732;
	41203	:	732;
	41204	:	633;
	41205	:	532;
	41206	:	522;
	41207	:	522;
	41208	:	622;
	41209	:	622;
	41210	:	622;
	41211	:	622;
	41212	:	522;
	41213	:	522;
	41214	:	522;
	41215	:	733;
	41216	:	664;
	41217	:	564;
	41218	:	664;
	41219	:	564;
	41220	:	664;
	41221	:	564;
	41222	:	564;
	41223	:	564;
	41224	:	664;
	41225	:	564;
	41226	:	564;
	41227	:	564;
	41228	:	564;
	41229	:	564;
	41230	:	564;
	41231	:	664;
	41232	:	664;
	41233	:	664;
	41234	:	564;
	41235	:	564;
	41236	:	564;
	41237	:	664;
	41238	:	564;
	41239	:	664;
	41240	:	664;
	41241	:	664;
	41242	:	564;
	41243	:	674;
	41244	:	574;
	41245	:	674;
	41246	:	574;
	41247	:	673;
	41248	:	563;
	41249	:	564;
	41250	:	333;
	41251	:	332;
	41252	:	333;
	41253	:	333;
	41254	:	333;
	41255	:	333;
	41256	:	333;
	41257	:	232;
	41258	:	332;
	41259	:	333;
	41260	:	332;
	41261	:	333;
	41262	:	333;
	41263	:	333;
	41264	:	333;
	41265	:	333;
	41266	:	332;
	41267	:	333;
	41268	:	333;
	41269	:	333;
	41270	:	222;
	41271	:	333;
	41272	:	332;
	41273	:	333;
	41274	:	332;
	41275	:	222;
	41276	:	332;
	41277	:	332;
	41278	:	332;
	41279	:	322;
	41280	:	222;
	41281	:	222;
	41282	:	222;
	41283	:	222;
	41284	:	332;
	41285	:	332;
	41286	:	332;
	41287	:	333;
	41288	:	332;
	41289	:	332;
	41290	:	333;
	41291	:	343;
	41292	:	453;
	41293	:	553;
	41294	:	772;
	41295	:	871;
	41296	:	981;
	41297	:	b90;
	41298	:	da0;
	41299	:	da0;
	41300	:	eb0;
	41301	:	fb0;
	41302	:	fc0;
	41303	:	fc0;
	41304	:	fb0;
	41305	:	fc0;
	41306	:	fc0;
	41307	:	fb0;
	41308	:	ec0;
	41309	:	eb0;
	41310	:	db1;
	41311	:	ba4;
	41312	:	798;
	41313	:	698;
	41314	:	699;
	41315	:	6aa;
	41316	:	7aa;
	41317	:	fff;
	41318	:	fff;
	41319	:	fff;
	41320	:	fff;
	41321	:	fff;
	41322	:	fff;
	41323	:	fff;
	41324	:	fff;
	41325	:	fef;
	41326	:	eef;
	41327	:	eef;
	41328	:	dde;
	41329	:	dde;
	41330	:	dde;
	41331	:	ccd;
	41332	:	ccd;
	41333	:	ccd;
	41334	:	ccc;
	41335	:	bbb;
	41336	:	bbb;
	41337	:	aaa;
	41338	:	aaa;
	41339	:	aaa;
	41340	:	999;
	41341	:	998;
	41342	:	998;
	41343	:	898;
	41344	:	887;
	41345	:	887;
	41346	:	887;
	41347	:	787;
	41348	:	787;
	41349	:	787;
	41350	:	786;
	41351	:	786;
	41352	:	786;
	41353	:	786;
	41354	:	786;
	41355	:	796;
	41356	:	795;
	41357	:	685;
	41358	:	684;
	41359	:	694;
	41360	:	684;
	41361	:	684;
	41362	:	583;
	41363	:	583;
	41364	:	583;
	41365	:	583;
	41366	:	583;
	41367	:	583;
	41368	:	583;
	41369	:	583;
	41370	:	583;
	41371	:	583;
	41372	:	583;
	41373	:	583;
	41374	:	583;
	41375	:	583;
	41376	:	582;
	41377	:	582;
	41378	:	582;
	41379	:	582;
	41380	:	582;
	41381	:	582;
	41382	:	582;
	41383	:	582;
	41384	:	592;
	41385	:	582;
	41386	:	582;
	41387	:	582;
	41388	:	582;
	41389	:	582;
	41390	:	582;
	41391	:	693;
	41392	:	583;
	41393	:	693;
	41394	:	583;
	41395	:	683;
	41396	:	683;
	41397	:	683;
	41398	:	683;
	41399	:	684;
	41400	:	674;
	41401	:	674;
	41402	:	674;
	41403	:	774;
	41404	:	764;
	41405	:	764;
	41406	:	765;
	41407	:	654;
	41408	:	633;
	41409	:	633;
	41410	:	843;
	41411	:	b76;
	41412	:	b76;
	41413	:	b65;
	41414	:	b65;
	41415	:	a44;
	41416	:	954;
	41417	:	944;
	41418	:	944;
	41419	:	944;
	41420	:	933;
	41421	:	944;
	41422	:	a44;
	41423	:	a44;
	41424	:	944;
	41425	:	622;
	41426	:	532;
	41427	:	633;
	41428	:	844;
	41429	:	843;
	41430	:	833;
	41431	:	833;
	41432	:	733;
	41433	:	733;
	41434	:	733;
	41435	:	733;
	41436	:	733;
	41437	:	833;
	41438	:	833;
	41439	:	832;
	41440	:	833;
	41441	:	833;
	41442	:	622;
	41443	:	733;
	41444	:	732;
	41445	:	522;
	41446	:	522;
	41447	:	833;
	41448	:	732;
	41449	:	732;
	41450	:	732;
	41451	:	732;
	41452	:	732;
	41453	:	622;
	41454	:	732;
	41455	:	732;
	41456	:	733;
	41457	:	732;
	41458	:	632;
	41459	:	733;
	41460	:	633;
	41461	:	532;
	41462	:	633;
	41463	:	533;
	41464	:	522;
	41465	:	632;
	41466	:	622;
	41467	:	622;
	41468	:	522;
	41469	:	522;
	41470	:	522;
	41471	:	733;
	41472	:	664;
	41473	:	664;
	41474	:	664;
	41475	:	664;
	41476	:	564;
	41477	:	564;
	41478	:	664;
	41479	:	564;
	41480	:	564;
	41481	:	564;
	41482	:	564;
	41483	:	564;
	41484	:	564;
	41485	:	564;
	41486	:	564;
	41487	:	564;
	41488	:	564;
	41489	:	564;
	41490	:	674;
	41491	:	664;
	41492	:	564;
	41493	:	664;
	41494	:	664;
	41495	:	664;
	41496	:	664;
	41497	:	564;
	41498	:	664;
	41499	:	664;
	41500	:	564;
	41501	:	664;
	41502	:	674;
	41503	:	564;
	41504	:	564;
	41505	:	553;
	41506	:	443;
	41507	:	332;
	41508	:	332;
	41509	:	333;
	41510	:	332;
	41511	:	232;
	41512	:	333;
	41513	:	332;
	41514	:	332;
	41515	:	332;
	41516	:	333;
	41517	:	333;
	41518	:	333;
	41519	:	343;
	41520	:	332;
	41521	:	333;
	41522	:	332;
	41523	:	332;
	41524	:	333;
	41525	:	333;
	41526	:	222;
	41527	:	332;
	41528	:	333;
	41529	:	222;
	41530	:	332;
	41531	:	332;
	41532	:	222;
	41533	:	332;
	41534	:	322;
	41535	:	332;
	41536	:	222;
	41537	:	222;
	41538	:	332;
	41539	:	222;
	41540	:	332;
	41541	:	332;
	41542	:	332;
	41543	:	443;
	41544	:	342;
	41545	:	442;
	41546	:	342;
	41547	:	443;
	41548	:	452;
	41549	:	552;
	41550	:	772;
	41551	:	982;
	41552	:	a81;
	41553	:	a91;
	41554	:	db0;
	41555	:	fb0;
	41556	:	eb0;
	41557	:	fc0;
	41558	:	fb0;
	41559	:	fc0;
	41560	:	fc0;
	41561	:	fc0;
	41562	:	fc0;
	41563	:	fc0;
	41564	:	eb0;
	41565	:	db0;
	41566	:	ca1;
	41567	:	aa4;
	41568	:	898;
	41569	:	588;
	41570	:	699;
	41571	:	699;
	41572	:	799;
	41573	:	eef;
	41574	:	fff;
	41575	:	fff;
	41576	:	fff;
	41577	:	fff;
	41578	:	fff;
	41579	:	fff;
	41580	:	fef;
	41581	:	fef;
	41582	:	eef;
	41583	:	eef;
	41584	:	dde;
	41585	:	dde;
	41586	:	dde;
	41587	:	dcd;
	41588	:	ccd;
	41589	:	cbc;
	41590	:	cbc;
	41591	:	bbb;
	41592	:	bbb;
	41593	:	aaa;
	41594	:	aaa;
	41595	:	aa9;
	41596	:	999;
	41597	:	998;
	41598	:	998;
	41599	:	897;
	41600	:	887;
	41601	:	887;
	41602	:	787;
	41603	:	787;
	41604	:	787;
	41605	:	786;
	41606	:	787;
	41607	:	786;
	41608	:	786;
	41609	:	796;
	41610	:	796;
	41611	:	785;
	41612	:	795;
	41613	:	695;
	41614	:	694;
	41615	:	694;
	41616	:	684;
	41617	:	583;
	41618	:	683;
	41619	:	583;
	41620	:	583;
	41621	:	583;
	41622	:	683;
	41623	:	583;
	41624	:	583;
	41625	:	583;
	41626	:	583;
	41627	:	583;
	41628	:	583;
	41629	:	583;
	41630	:	583;
	41631	:	582;
	41632	:	583;
	41633	:	593;
	41634	:	582;
	41635	:	582;
	41636	:	582;
	41637	:	582;
	41638	:	582;
	41639	:	582;
	41640	:	582;
	41641	:	582;
	41642	:	582;
	41643	:	582;
	41644	:	582;
	41645	:	593;
	41646	:	582;
	41647	:	583;
	41648	:	583;
	41649	:	583;
	41650	:	583;
	41651	:	683;
	41652	:	683;
	41653	:	684;
	41654	:	683;
	41655	:	673;
	41656	:	674;
	41657	:	674;
	41658	:	674;
	41659	:	786;
	41660	:	764;
	41661	:	765;
	41662	:	776;
	41663	:	665;
	41664	:	655;
	41665	:	643;
	41666	:	843;
	41667	:	c66;
	41668	:	b65;
	41669	:	832;
	41670	:	a55;
	41671	:	954;
	41672	:	843;
	41673	:	a54;
	41674	:	944;
	41675	:	944;
	41676	:	933;
	41677	:	a44;
	41678	:	a44;
	41679	:	a44;
	41680	:	843;
	41681	:	632;
	41682	:	532;
	41683	:	743;
	41684	:	743;
	41685	:	733;
	41686	:	833;
	41687	:	833;
	41688	:	843;
	41689	:	733;
	41690	:	733;
	41691	:	733;
	41692	:	733;
	41693	:	833;
	41694	:	833;
	41695	:	833;
	41696	:	833;
	41697	:	833;
	41698	:	733;
	41699	:	733;
	41700	:	522;
	41701	:	632;
	41702	:	622;
	41703	:	732;
	41704	:	733;
	41705	:	733;
	41706	:	732;
	41707	:	733;
	41708	:	732;
	41709	:	622;
	41710	:	732;
	41711	:	732;
	41712	:	632;
	41713	:	632;
	41714	:	632;
	41715	:	733;
	41716	:	643;
	41717	:	533;
	41718	:	533;
	41719	:	533;
	41720	:	533;
	41721	:	633;
	41722	:	522;
	41723	:	522;
	41724	:	522;
	41725	:	533;
	41726	:	522;
	41727	:	633;
	41728	:	564;
	41729	:	664;
	41730	:	564;
	41731	:	564;
	41732	:	664;
	41733	:	564;
	41734	:	564;
	41735	:	564;
	41736	:	564;
	41737	:	564;
	41738	:	564;
	41739	:	564;
	41740	:	664;
	41741	:	564;
	41742	:	564;
	41743	:	664;
	41744	:	564;
	41745	:	564;
	41746	:	664;
	41747	:	664;
	41748	:	664;
	41749	:	664;
	41750	:	664;
	41751	:	664;
	41752	:	564;
	41753	:	664;
	41754	:	664;
	41755	:	664;
	41756	:	674;
	41757	:	564;
	41758	:	564;
	41759	:	564;
	41760	:	564;
	41761	:	664;
	41762	:	443;
	41763	:	333;
	41764	:	333;
	41765	:	333;
	41766	:	332;
	41767	:	333;
	41768	:	333;
	41769	:	333;
	41770	:	333;
	41771	:	332;
	41772	:	333;
	41773	:	333;
	41774	:	333;
	41775	:	332;
	41776	:	232;
	41777	:	332;
	41778	:	222;
	41779	:	332;
	41780	:	333;
	41781	:	333;
	41782	:	222;
	41783	:	322;
	41784	:	322;
	41785	:	332;
	41786	:	332;
	41787	:	332;
	41788	:	332;
	41789	:	332;
	41790	:	322;
	41791	:	222;
	41792	:	232;
	41793	:	222;
	41794	:	222;
	41795	:	222;
	41796	:	332;
	41797	:	232;
	41798	:	332;
	41799	:	443;
	41800	:	553;
	41801	:	553;
	41802	:	453;
	41803	:	453;
	41804	:	563;
	41805	:	562;
	41806	:	772;
	41807	:	761;
	41808	:	982;
	41809	:	981;
	41810	:	ca0;
	41811	:	eb0;
	41812	:	fb0;
	41813	:	fb0;
	41814	:	fc0;
	41815	:	fb0;
	41816	:	fc0;
	41817	:	fc0;
	41818	:	fc0;
	41819	:	fc0;
	41820	:	fc0;
	41821	:	db0;
	41822	:	ba3;
	41823	:	994;
	41824	:	898;
	41825	:	698;
	41826	:	699;
	41827	:	699;
	41828	:	799;
	41829	:	cde;
	41830	:	fff;
	41831	:	fff;
	41832	:	fff;
	41833	:	fff;
	41834	:	fff;
	41835	:	fff;
	41836	:	fef;
	41837	:	fef;
	41838	:	eef;
	41839	:	eef;
	41840	:	ede;
	41841	:	dde;
	41842	:	dde;
	41843	:	ccd;
	41844	:	ccc;
	41845	:	cbc;
	41846	:	bbc;
	41847	:	bbb;
	41848	:	bbb;
	41849	:	aaa;
	41850	:	aaa;
	41851	:	999;
	41852	:	998;
	41853	:	998;
	41854	:	898;
	41855	:	887;
	41856	:	787;
	41857	:	787;
	41858	:	787;
	41859	:	787;
	41860	:	787;
	41861	:	786;
	41862	:	786;
	41863	:	796;
	41864	:	786;
	41865	:	796;
	41866	:	685;
	41867	:	796;
	41868	:	795;
	41869	:	795;
	41870	:	694;
	41871	:	684;
	41872	:	684;
	41873	:	684;
	41874	:	684;
	41875	:	684;
	41876	:	684;
	41877	:	583;
	41878	:	583;
	41879	:	683;
	41880	:	583;
	41881	:	583;
	41882	:	583;
	41883	:	583;
	41884	:	583;
	41885	:	583;
	41886	:	583;
	41887	:	583;
	41888	:	583;
	41889	:	582;
	41890	:	583;
	41891	:	583;
	41892	:	582;
	41893	:	582;
	41894	:	582;
	41895	:	582;
	41896	:	582;
	41897	:	582;
	41898	:	582;
	41899	:	582;
	41900	:	582;
	41901	:	583;
	41902	:	583;
	41903	:	683;
	41904	:	583;
	41905	:	683;
	41906	:	583;
	41907	:	683;
	41908	:	583;
	41909	:	683;
	41910	:	673;
	41911	:	673;
	41912	:	674;
	41913	:	674;
	41914	:	675;
	41915	:	787;
	41916	:	775;
	41917	:	775;
	41918	:	766;
	41919	:	666;
	41920	:	665;
	41921	:	743;
	41922	:	843;
	41923	:	b65;
	41924	:	a54;
	41925	:	843;
	41926	:	a65;
	41927	:	954;
	41928	:	844;
	41929	:	954;
	41930	:	944;
	41931	:	944;
	41932	:	944;
	41933	:	a44;
	41934	:	933;
	41935	:	944;
	41936	:	732;
	41937	:	632;
	41938	:	632;
	41939	:	733;
	41940	:	733;
	41941	:	733;
	41942	:	833;
	41943	:	843;
	41944	:	843;
	41945	:	733;
	41946	:	733;
	41947	:	843;
	41948	:	733;
	41949	:	833;
	41950	:	833;
	41951	:	833;
	41952	:	833;
	41953	:	843;
	41954	:	733;
	41955	:	733;
	41956	:	622;
	41957	:	622;
	41958	:	632;
	41959	:	633;
	41960	:	632;
	41961	:	732;
	41962	:	632;
	41963	:	733;
	41964	:	733;
	41965	:	732;
	41966	:	622;
	41967	:	632;
	41968	:	633;
	41969	:	632;
	41970	:	633;
	41971	:	744;
	41972	:	644;
	41973	:	543;
	41974	:	544;
	41975	:	544;
	41976	:	544;
	41977	:	633;
	41978	:	532;
	41979	:	522;
	41980	:	522;
	41981	:	532;
	41982	:	522;
	41983	:	733;
	41984	:	664;
	41985	:	664;
	41986	:	664;
	41987	:	664;
	41988	:	564;
	41989	:	564;
	41990	:	564;
	41991	:	564;
	41992	:	564;
	41993	:	664;
	41994	:	564;
	41995	:	564;
	41996	:	564;
	41997	:	564;
	41998	:	564;
	41999	:	564;
	42000	:	664;
	42001	:	664;
	42002	:	664;
	42003	:	664;
	42004	:	664;
	42005	:	664;
	42006	:	664;
	42007	:	564;
	42008	:	564;
	42009	:	664;
	42010	:	664;
	42011	:	664;
	42012	:	664;
	42013	:	664;
	42014	:	564;
	42015	:	664;
	42016	:	564;
	42017	:	664;
	42018	:	444;
	42019	:	443;
	42020	:	333;
	42021	:	333;
	42022	:	333;
	42023	:	333;
	42024	:	343;
	42025	:	343;
	42026	:	333;
	42027	:	332;
	42028	:	332;
	42029	:	332;
	42030	:	232;
	42031	:	222;
	42032	:	232;
	42033	:	222;
	42034	:	322;
	42035	:	332;
	42036	:	332;
	42037	:	333;
	42038	:	222;
	42039	:	322;
	42040	:	322;
	42041	:	222;
	42042	:	332;
	42043	:	332;
	42044	:	222;
	42045	:	332;
	42046	:	332;
	42047	:	222;
	42048	:	222;
	42049	:	322;
	42050	:	222;
	42051	:	332;
	42052	:	232;
	42053	:	232;
	42054	:	332;
	42055	:	443;
	42056	:	553;
	42057	:	552;
	42058	:	552;
	42059	:	552;
	42060	:	562;
	42061	:	562;
	42062	:	662;
	42063	:	773;
	42064	:	773;
	42065	:	982;
	42066	:	da1;
	42067	:	eb0;
	42068	:	fb0;
	42069	:	fc0;
	42070	:	fc0;
	42071	:	fc0;
	42072	:	fc0;
	42073	:	fc0;
	42074	:	fc0;
	42075	:	fc0;
	42076	:	ec0;
	42077	:	db0;
	42078	:	ba2;
	42079	:	a95;
	42080	:	8a9;
	42081	:	698;
	42082	:	699;
	42083	:	699;
	42084	:	699;
	42085	:	9ab;
	42086	:	fff;
	42087	:	fff;
	42088	:	fff;
	42089	:	fff;
	42090	:	fff;
	42091	:	fff;
	42092	:	fff;
	42093	:	fff;
	42094	:	eef;
	42095	:	eef;
	42096	:	dde;
	42097	:	dde;
	42098	:	ddd;
	42099	:	ccd;
	42100	:	ccc;
	42101	:	bbc;
	42102	:	bbb;
	42103	:	bbb;
	42104	:	bba;
	42105	:	aaa;
	42106	:	aa9;
	42107	:	aa9;
	42108	:	998;
	42109	:	898;
	42110	:	898;
	42111	:	887;
	42112	:	787;
	42113	:	787;
	42114	:	786;
	42115	:	787;
	42116	:	787;
	42117	:	797;
	42118	:	796;
	42119	:	786;
	42120	:	786;
	42121	:	786;
	42122	:	796;
	42123	:	795;
	42124	:	695;
	42125	:	695;
	42126	:	684;
	42127	:	684;
	42128	:	684;
	42129	:	684;
	42130	:	684;
	42131	:	684;
	42132	:	684;
	42133	:	684;
	42134	:	684;
	42135	:	683;
	42136	:	683;
	42137	:	583;
	42138	:	583;
	42139	:	583;
	42140	:	583;
	42141	:	583;
	42142	:	583;
	42143	:	583;
	42144	:	583;
	42145	:	583;
	42146	:	583;
	42147	:	583;
	42148	:	583;
	42149	:	582;
	42150	:	582;
	42151	:	582;
	42152	:	583;
	42153	:	582;
	42154	:	583;
	42155	:	582;
	42156	:	583;
	42157	:	583;
	42158	:	583;
	42159	:	583;
	42160	:	583;
	42161	:	583;
	42162	:	583;
	42163	:	683;
	42164	:	683;
	42165	:	683;
	42166	:	684;
	42167	:	673;
	42168	:	674;
	42169	:	674;
	42170	:	686;
	42171	:	787;
	42172	:	886;
	42173	:	765;
	42174	:	665;
	42175	:	665;
	42176	:	755;
	42177	:	632;
	42178	:	944;
	42179	:	b65;
	42180	:	a54;
	42181	:	833;
	42182	:	a55;
	42183	:	a66;
	42184	:	733;
	42185	:	954;
	42186	:	944;
	42187	:	944;
	42188	:	944;
	42189	:	944;
	42190	:	832;
	42191	:	844;
	42192	:	732;
	42193	:	622;
	42194	:	732;
	42195	:	733;
	42196	:	833;
	42197	:	733;
	42198	:	833;
	42199	:	843;
	42200	:	843;
	42201	:	833;
	42202	:	843;
	42203	:	843;
	42204	:	833;
	42205	:	833;
	42206	:	833;
	42207	:	833;
	42208	:	833;
	42209	:	833;
	42210	:	733;
	42211	:	733;
	42212	:	733;
	42213	:	622;
	42214	:	732;
	42215	:	732;
	42216	:	632;
	42217	:	732;
	42218	:	733;
	42219	:	733;
	42220	:	633;
	42221	:	733;
	42222	:	732;
	42223	:	733;
	42224	:	633;
	42225	:	532;
	42226	:	533;
	42227	:	644;
	42228	:	655;
	42229	:	654;
	42230	:	644;
	42231	:	544;
	42232	:	533;
	42233	:	643;
	42234	:	633;
	42235	:	633;
	42236	:	522;
	42237	:	522;
	42238	:	522;
	42239	:	733;
	42240	:	664;
	42241	:	564;
	42242	:	564;
	42243	:	564;
	42244	:	664;
	42245	:	664;
	42246	:	564;
	42247	:	664;
	42248	:	664;
	42249	:	564;
	42250	:	564;
	42251	:	564;
	42252	:	564;
	42253	:	564;
	42254	:	564;
	42255	:	564;
	42256	:	664;
	42257	:	664;
	42258	:	664;
	42259	:	664;
	42260	:	564;
	42261	:	664;
	42262	:	664;
	42263	:	664;
	42264	:	664;
	42265	:	664;
	42266	:	664;
	42267	:	564;
	42268	:	664;
	42269	:	664;
	42270	:	664;
	42271	:	664;
	42272	:	664;
	42273	:	664;
	42274	:	554;
	42275	:	554;
	42276	:	554;
	42277	:	333;
	42278	:	333;
	42279	:	332;
	42280	:	343;
	42281	:	343;
	42282	:	333;
	42283	:	333;
	42284	:	333;
	42285	:	232;
	42286	:	222;
	42287	:	322;
	42288	:	222;
	42289	:	222;
	42290	:	222;
	42291	:	332;
	42292	:	222;
	42293	:	332;
	42294	:	332;
	42295	:	332;
	42296	:	322;
	42297	:	222;
	42298	:	332;
	42299	:	222;
	42300	:	332;
	42301	:	322;
	42302	:	322;
	42303	:	222;
	42304	:	222;
	42305	:	232;
	42306	:	222;
	42307	:	222;
	42308	:	222;
	42309	:	332;
	42310	:	332;
	42311	:	332;
	42312	:	443;
	42313	:	452;
	42314	:	452;
	42315	:	562;
	42316	:	552;
	42317	:	663;
	42318	:	662;
	42319	:	673;
	42320	:	773;
	42321	:	982;
	42322	:	ca1;
	42323	:	eb0;
	42324	:	fb0;
	42325	:	fb0;
	42326	:	fc0;
	42327	:	fc0;
	42328	:	fc0;
	42329	:	fc0;
	42330	:	fc0;
	42331	:	fc0;
	42332	:	ec0;
	42333	:	db0;
	42334	:	ba3;
	42335	:	aa6;
	42336	:	798;
	42337	:	699;
	42338	:	699;
	42339	:	598;
	42340	:	699;
	42341	:	89a;
	42342	:	fff;
	42343	:	fff;
	42344	:	fff;
	42345	:	fff;
	42346	:	fff;
	42347	:	fff;
	42348	:	fef;
	42349	:	fef;
	42350	:	eee;
	42351	:	eef;
	42352	:	ede;
	42353	:	dde;
	42354	:	dcd;
	42355	:	ccd;
	42356	:	ccc;
	42357	:	ccc;
	42358	:	bbb;
	42359	:	bba;
	42360	:	bba;
	42361	:	aaa;
	42362	:	aa9;
	42363	:	9a9;
	42364	:	998;
	42365	:	898;
	42366	:	897;
	42367	:	887;
	42368	:	887;
	42369	:	787;
	42370	:	787;
	42371	:	786;
	42372	:	786;
	42373	:	786;
	42374	:	796;
	42375	:	786;
	42376	:	786;
	42377	:	786;
	42378	:	795;
	42379	:	685;
	42380	:	795;
	42381	:	684;
	42382	:	684;
	42383	:	684;
	42384	:	684;
	42385	:	684;
	42386	:	684;
	42387	:	684;
	42388	:	684;
	42389	:	694;
	42390	:	583;
	42391	:	683;
	42392	:	683;
	42393	:	583;
	42394	:	583;
	42395	:	583;
	42396	:	683;
	42397	:	583;
	42398	:	693;
	42399	:	583;
	42400	:	583;
	42401	:	583;
	42402	:	583;
	42403	:	583;
	42404	:	583;
	42405	:	583;
	42406	:	582;
	42407	:	583;
	42408	:	582;
	42409	:	582;
	42410	:	583;
	42411	:	583;
	42412	:	583;
	42413	:	583;
	42414	:	583;
	42415	:	583;
	42416	:	683;
	42417	:	583;
	42418	:	683;
	42419	:	683;
	42420	:	683;
	42421	:	683;
	42422	:	683;
	42423	:	674;
	42424	:	674;
	42425	:	674;
	42426	:	687;
	42427	:	687;
	42428	:	886;
	42429	:	765;
	42430	:	655;
	42431	:	655;
	42432	:	654;
	42433	:	532;
	42434	:	843;
	42435	:	b55;
	42436	:	a54;
	42437	:	833;
	42438	:	a54;
	42439	:	955;
	42440	:	744;
	42441	:	955;
	42442	:	843;
	42443	:	844;
	42444	:	943;
	42445	:	943;
	42446	:	732;
	42447	:	833;
	42448	:	732;
	42449	:	733;
	42450	:	833;
	42451	:	833;
	42452	:	843;
	42453	:	843;
	42454	:	844;
	42455	:	843;
	42456	:	843;
	42457	:	833;
	42458	:	833;
	42459	:	844;
	42460	:	943;
	42461	:	843;
	42462	:	833;
	42463	:	833;
	42464	:	833;
	42465	:	833;
	42466	:	833;
	42467	:	833;
	42468	:	833;
	42469	:	632;
	42470	:	733;
	42471	:	733;
	42472	:	733;
	42473	:	833;
	42474	:	733;
	42475	:	733;
	42476	:	733;
	42477	:	733;
	42478	:	733;
	42479	:	733;
	42480	:	633;
	42481	:	644;
	42482	:	533;
	42483	:	644;
	42484	:	644;
	42485	:	655;
	42486	:	655;
	42487	:	644;
	42488	:	544;
	42489	:	533;
	42490	:	533;
	42491	:	633;
	42492	:	522;
	42493	:	522;
	42494	:	522;
	42495	:	633;
	42496	:	664;
	42497	:	664;
	42498	:	664;
	42499	:	664;
	42500	:	664;
	42501	:	664;
	42502	:	664;
	42503	:	664;
	42504	:	664;
	42505	:	664;
	42506	:	564;
	42507	:	664;
	42508	:	564;
	42509	:	564;
	42510	:	564;
	42511	:	564;
	42512	:	564;
	42513	:	564;
	42514	:	564;
	42515	:	564;
	42516	:	564;
	42517	:	664;
	42518	:	664;
	42519	:	664;
	42520	:	664;
	42521	:	664;
	42522	:	564;
	42523	:	664;
	42524	:	664;
	42525	:	564;
	42526	:	664;
	42527	:	664;
	42528	:	664;
	42529	:	564;
	42530	:	564;
	42531	:	564;
	42532	:	453;
	42533	:	333;
	42534	:	333;
	42535	:	343;
	42536	:	343;
	42537	:	333;
	42538	:	332;
	42539	:	333;
	42540	:	332;
	42541	:	322;
	42542	:	222;
	42543	:	222;
	42544	:	222;
	42545	:	222;
	42546	:	332;
	42547	:	343;
	42548	:	332;
	42549	:	222;
	42550	:	332;
	42551	:	333;
	42552	:	222;
	42553	:	222;
	42554	:	222;
	42555	:	222;
	42556	:	222;
	42557	:	222;
	42558	:	322;
	42559	:	322;
	42560	:	332;
	42561	:	332;
	42562	:	222;
	42563	:	222;
	42564	:	332;
	42565	:	332;
	42566	:	343;
	42567	:	332;
	42568	:	332;
	42569	:	453;
	42570	:	563;
	42571	:	553;
	42572	:	552;
	42573	:	563;
	42574	:	553;
	42575	:	563;
	42576	:	773;
	42577	:	972;
	42578	:	c92;
	42579	:	fb0;
	42580	:	fc0;
	42581	:	fc0;
	42582	:	fc0;
	42583	:	fc0;
	42584	:	fc0;
	42585	:	fc0;
	42586	:	fc0;
	42587	:	fc0;
	42588	:	ec0;
	42589	:	db0;
	42590	:	ba2;
	42591	:	996;
	42592	:	798;
	42593	:	699;
	42594	:	699;
	42595	:	688;
	42596	:	699;
	42597	:	8aa;
	42598	:	ccd;
	42599	:	fff;
	42600	:	fff;
	42601	:	fff;
	42602	:	fff;
	42603	:	fff;
	42604	:	eef;
	42605	:	eef;
	42606	:	eee;
	42607	:	ede;
	42608	:	dde;
	42609	:	dde;
	42610	:	dcd;
	42611	:	ccd;
	42612	:	ccc;
	42613	:	cbc;
	42614	:	bbb;
	42615	:	aaa;
	42616	:	aaa;
	42617	:	aa9;
	42618	:	aa9;
	42619	:	9a9;
	42620	:	898;
	42621	:	898;
	42622	:	887;
	42623	:	887;
	42624	:	787;
	42625	:	787;
	42626	:	786;
	42627	:	786;
	42628	:	786;
	42629	:	786;
	42630	:	786;
	42631	:	796;
	42632	:	796;
	42633	:	796;
	42634	:	795;
	42635	:	685;
	42636	:	694;
	42637	:	684;
	42638	:	684;
	42639	:	684;
	42640	:	684;
	42641	:	684;
	42642	:	694;
	42643	:	684;
	42644	:	684;
	42645	:	684;
	42646	:	684;
	42647	:	684;
	42648	:	684;
	42649	:	684;
	42650	:	583;
	42651	:	583;
	42652	:	683;
	42653	:	683;
	42654	:	683;
	42655	:	683;
	42656	:	683;
	42657	:	683;
	42658	:	583;
	42659	:	583;
	42660	:	583;
	42661	:	582;
	42662	:	582;
	42663	:	583;
	42664	:	583;
	42665	:	583;
	42666	:	582;
	42667	:	583;
	42668	:	583;
	42669	:	583;
	42670	:	583;
	42671	:	583;
	42672	:	583;
	42673	:	583;
	42674	:	683;
	42675	:	583;
	42676	:	684;
	42677	:	683;
	42678	:	684;
	42679	:	673;
	42680	:	674;
	42681	:	674;
	42682	:	787;
	42683	:	675;
	42684	:	886;
	42685	:	654;
	42686	:	654;
	42687	:	655;
	42688	:	643;
	42689	:	532;
	42690	:	843;
	42691	:	b54;
	42692	:	a43;
	42693	:	933;
	42694	:	a54;
	42695	:	944;
	42696	:	743;
	42697	:	854;
	42698	:	843;
	42699	:	844;
	42700	:	843;
	42701	:	943;
	42702	:	733;
	42703	:	733;
	42704	:	732;
	42705	:	733;
	42706	:	833;
	42707	:	833;
	42708	:	833;
	42709	:	944;
	42710	:	944;
	42711	:	944;
	42712	:	944;
	42713	:	833;
	42714	:	944;
	42715	:	944;
	42716	:	943;
	42717	:	943;
	42718	:	943;
	42719	:	833;
	42720	:	933;
	42721	:	943;
	42722	:	833;
	42723	:	833;
	42724	:	833;
	42725	:	732;
	42726	:	733;
	42727	:	833;
	42728	:	833;
	42729	:	833;
	42730	:	833;
	42731	:	833;
	42732	:	833;
	42733	:	733;
	42734	:	733;
	42735	:	733;
	42736	:	733;
	42737	:	533;
	42738	:	544;
	42739	:	644;
	42740	:	644;
	42741	:	755;
	42742	:	754;
	42743	:	644;
	42744	:	644;
	42745	:	543;
	42746	:	644;
	42747	:	643;
	42748	:	532;
	42749	:	522;
	42750	:	522;
	42751	:	632;
	42752	:	664;
	42753	:	664;
	42754	:	664;
	42755	:	664;
	42756	:	664;
	42757	:	664;
	42758	:	664;
	42759	:	664;
	42760	:	664;
	42761	:	664;
	42762	:	664;
	42763	:	664;
	42764	:	564;
	42765	:	664;
	42766	:	664;
	42767	:	564;
	42768	:	564;
	42769	:	564;
	42770	:	664;
	42771	:	664;
	42772	:	664;
	42773	:	664;
	42774	:	664;
	42775	:	664;
	42776	:	664;
	42777	:	664;
	42778	:	664;
	42779	:	664;
	42780	:	664;
	42781	:	664;
	42782	:	664;
	42783	:	664;
	42784	:	664;
	42785	:	564;
	42786	:	664;
	42787	:	564;
	42788	:	564;
	42789	:	554;
	42790	:	443;
	42791	:	444;
	42792	:	333;
	42793	:	333;
	42794	:	333;
	42795	:	333;
	42796	:	332;
	42797	:	222;
	42798	:	222;
	42799	:	222;
	42800	:	222;
	42801	:	332;
	42802	:	332;
	42803	:	343;
	42804	:	332;
	42805	:	332;
	42806	:	322;
	42807	:	332;
	42808	:	322;
	42809	:	222;
	42810	:	222;
	42811	:	222;
	42812	:	222;
	42813	:	222;
	42814	:	222;
	42815	:	222;
	42816	:	332;
	42817	:	232;
	42818	:	232;
	42819	:	332;
	42820	:	332;
	42821	:	443;
	42822	:	442;
	42823	:	342;
	42824	:	443;
	42825	:	342;
	42826	:	453;
	42827	:	342;
	42828	:	453;
	42829	:	553;
	42830	:	453;
	42831	:	553;
	42832	:	773;
	42833	:	982;
	42834	:	da1;
	42835	:	fb0;
	42836	:	fc0;
	42837	:	fc0;
	42838	:	fc0;
	42839	:	fc0;
	42840	:	fd0;
	42841	:	fc0;
	42842	:	fc0;
	42843	:	fc0;
	42844	:	eb0;
	42845	:	db0;
	42846	:	ca1;
	42847	:	9a6;
	42848	:	688;
	42849	:	7aa;
	42850	:	699;
	42851	:	699;
	42852	:	588;
	42853	:	7aa;
	42854	:	9ab;
	42855	:	fff;
	42856	:	fff;
	42857	:	fff;
	42858	:	fff;
	42859	:	fef;
	42860	:	fff;
	42861	:	eef;
	42862	:	eef;
	42863	:	ede;
	42864	:	dde;
	42865	:	ddd;
	42866	:	ddd;
	42867	:	ccc;
	42868	:	ccc;
	42869	:	cbb;
	42870	:	bbb;
	42871	:	aaa;
	42872	:	aaa;
	42873	:	aa9;
	42874	:	9a9;
	42875	:	9a8;
	42876	:	898;
	42877	:	898;
	42878	:	887;
	42879	:	787;
	42880	:	786;
	42881	:	786;
	42882	:	786;
	42883	:	786;
	42884	:	786;
	42885	:	786;
	42886	:	786;
	42887	:	785;
	42888	:	785;
	42889	:	785;
	42890	:	685;
	42891	:	695;
	42892	:	684;
	42893	:	684;
	42894	:	684;
	42895	:	684;
	42896	:	684;
	42897	:	684;
	42898	:	684;
	42899	:	694;
	42900	:	694;
	42901	:	684;
	42902	:	694;
	42903	:	684;
	42904	:	684;
	42905	:	684;
	42906	:	684;
	42907	:	684;
	42908	:	683;
	42909	:	693;
	42910	:	684;
	42911	:	693;
	42912	:	683;
	42913	:	583;
	42914	:	683;
	42915	:	583;
	42916	:	583;
	42917	:	583;
	42918	:	583;
	42919	:	582;
	42920	:	583;
	42921	:	583;
	42922	:	583;
	42923	:	583;
	42924	:	583;
	42925	:	583;
	42926	:	583;
	42927	:	583;
	42928	:	583;
	42929	:	583;
	42930	:	683;
	42931	:	683;
	42932	:	683;
	42933	:	684;
	42934	:	684;
	42935	:	674;
	42936	:	674;
	42937	:	675;
	42938	:	798;
	42939	:	564;
	42940	:	875;
	42941	:	654;
	42942	:	554;
	42943	:	654;
	42944	:	643;
	42945	:	633;
	42946	:	843;
	42947	:	b54;
	42948	:	a44;
	42949	:	943;
	42950	:	943;
	42951	:	944;
	42952	:	743;
	42953	:	743;
	42954	:	844;
	42955	:	743;
	42956	:	843;
	42957	:	833;
	42958	:	833;
	42959	:	833;
	42960	:	833;
	42961	:	833;
	42962	:	832;
	42963	:	833;
	42964	:	933;
	42965	:	944;
	42966	:	944;
	42967	:	944;
	42968	:	933;
	42969	:	833;
	42970	:	833;
	42971	:	943;
	42972	:	933;
	42973	:	933;
	42974	:	933;
	42975	:	933;
	42976	:	943;
	42977	:	933;
	42978	:	933;
	42979	:	833;
	42980	:	833;
	42981	:	733;
	42982	:	733;
	42983	:	833;
	42984	:	833;
	42985	:	933;
	42986	:	833;
	42987	:	833;
	42988	:	833;
	42989	:	733;
	42990	:	733;
	42991	:	733;
	42992	:	733;
	42993	:	643;
	42994	:	644;
	42995	:	654;
	42996	:	644;
	42997	:	744;
	42998	:	744;
	42999	:	744;
	43000	:	644;
	43001	:	544;
	43002	:	644;
	43003	:	644;
	43004	:	633;
	43005	:	532;
	43006	:	522;
	43007	:	522;
	43008	:	654;
	43009	:	664;
	43010	:	664;
	43011	:	664;
	43012	:	664;
	43013	:	664;
	43014	:	664;
	43015	:	664;
	43016	:	664;
	43017	:	664;
	43018	:	664;
	43019	:	564;
	43020	:	554;
	43021	:	664;
	43022	:	554;
	43023	:	664;
	43024	:	664;
	43025	:	564;
	43026	:	564;
	43027	:	564;
	43028	:	664;
	43029	:	664;
	43030	:	664;
	43031	:	664;
	43032	:	664;
	43033	:	664;
	43034	:	664;
	43035	:	564;
	43036	:	664;
	43037	:	664;
	43038	:	564;
	43039	:	664;
	43040	:	564;
	43041	:	664;
	43042	:	564;
	43043	:	564;
	43044	:	564;
	43045	:	554;
	43046	:	554;
	43047	:	454;
	43048	:	443;
	43049	:	332;
	43050	:	232;
	43051	:	332;
	43052	:	232;
	43053	:	332;
	43054	:	222;
	43055	:	332;
	43056	:	232;
	43057	:	332;
	43058	:	332;
	43059	:	343;
	43060	:	343;
	43061	:	332;
	43062	:	333;
	43063	:	332;
	43064	:	322;
	43065	:	222;
	43066	:	332;
	43067	:	222;
	43068	:	222;
	43069	:	222;
	43070	:	222;
	43071	:	322;
	43072	:	332;
	43073	:	332;
	43074	:	232;
	43075	:	332;
	43076	:	332;
	43077	:	332;
	43078	:	342;
	43079	:	342;
	43080	:	342;
	43081	:	332;
	43082	:	332;
	43083	:	343;
	43084	:	453;
	43085	:	463;
	43086	:	453;
	43087	:	563;
	43088	:	663;
	43089	:	983;
	43090	:	c91;
	43091	:	fc0;
	43092	:	fc0;
	43093	:	fc0;
	43094	:	fc0;
	43095	:	fd0;
	43096	:	fc0;
	43097	:	fc0;
	43098	:	fc0;
	43099	:	fc0;
	43100	:	eb0;
	43101	:	db0;
	43102	:	ba1;
	43103	:	995;
	43104	:	688;
	43105	:	699;
	43106	:	699;
	43107	:	699;
	43108	:	588;
	43109	:	69a;
	43110	:	789;
	43111	:	fff;
	43112	:	fff;
	43113	:	fff;
	43114	:	fff;
	43115	:	eef;
	43116	:	eef;
	43117	:	eef;
	43118	:	ede;
	43119	:	dde;
	43120	:	ddd;
	43121	:	ddd;
	43122	:	dcd;
	43123	:	ccc;
	43124	:	cbc;
	43125	:	bbb;
	43126	:	bbb;
	43127	:	aaa;
	43128	:	aa9;
	43129	:	9a9;
	43130	:	998;
	43131	:	998;
	43132	:	897;
	43133	:	897;
	43134	:	897;
	43135	:	787;
	43136	:	786;
	43137	:	786;
	43138	:	786;
	43139	:	786;
	43140	:	786;
	43141	:	786;
	43142	:	796;
	43143	:	785;
	43144	:	795;
	43145	:	785;
	43146	:	685;
	43147	:	684;
	43148	:	684;
	43149	:	684;
	43150	:	694;
	43151	:	694;
	43152	:	684;
	43153	:	694;
	43154	:	694;
	43155	:	694;
	43156	:	684;
	43157	:	694;
	43158	:	694;
	43159	:	684;
	43160	:	684;
	43161	:	684;
	43162	:	684;
	43163	:	684;
	43164	:	684;
	43165	:	683;
	43166	:	683;
	43167	:	693;
	43168	:	683;
	43169	:	683;
	43170	:	583;
	43171	:	683;
	43172	:	583;
	43173	:	583;
	43174	:	583;
	43175	:	583;
	43176	:	583;
	43177	:	583;
	43178	:	583;
	43179	:	583;
	43180	:	583;
	43181	:	583;
	43182	:	583;
	43183	:	583;
	43184	:	583;
	43185	:	583;
	43186	:	583;
	43187	:	683;
	43188	:	683;
	43189	:	673;
	43190	:	674;
	43191	:	673;
	43192	:	674;
	43193	:	686;
	43194	:	798;
	43195	:	463;
	43196	:	775;
	43197	:	654;
	43198	:	554;
	43199	:	654;
	43200	:	743;
	43201	:	632;
	43202	:	944;
	43203	:	b54;
	43204	:	b54;
	43205	:	a44;
	43206	:	943;
	43207	:	944;
	43208	:	844;
	43209	:	632;
	43210	:	743;
	43211	:	733;
	43212	:	733;
	43213	:	833;
	43214	:	833;
	43215	:	833;
	43216	:	833;
	43217	:	833;
	43218	:	832;
	43219	:	833;
	43220	:	933;
	43221	:	943;
	43222	:	944;
	43223	:	943;
	43224	:	933;
	43225	:	933;
	43226	:	933;
	43227	:	943;
	43228	:	833;
	43229	:	933;
	43230	:	933;
	43231	:	933;
	43232	:	933;
	43233	:	933;
	43234	:	933;
	43235	:	833;
	43236	:	833;
	43237	:	833;
	43238	:	733;
	43239	:	833;
	43240	:	833;
	43241	:	933;
	43242	:	833;
	43243	:	833;
	43244	:	833;
	43245	:	833;
	43246	:	733;
	43247	:	733;
	43248	:	743;
	43249	:	633;
	43250	:	644;
	43251	:	754;
	43252	:	644;
	43253	:	644;
	43254	:	744;
	43255	:	743;
	43256	:	644;
	43257	:	644;
	43258	:	644;
	43259	:	544;
	43260	:	544;
	43261	:	533;
	43262	:	522;
	43263	:	522;
	43264	:	654;
	43265	:	664;
	43266	:	654;
	43267	:	654;
	43268	:	664;
	43269	:	664;
	43270	:	664;
	43271	:	664;
	43272	:	564;
	43273	:	664;
	43274	:	664;
	43275	:	664;
	43276	:	664;
	43277	:	554;
	43278	:	654;
	43279	:	654;
	43280	:	654;
	43281	:	664;
	43282	:	554;
	43283	:	664;
	43284	:	664;
	43285	:	664;
	43286	:	664;
	43287	:	664;
	43288	:	564;
	43289	:	564;
	43290	:	564;
	43291	:	664;
	43292	:	664;
	43293	:	664;
	43294	:	564;
	43295	:	564;
	43296	:	664;
	43297	:	564;
	43298	:	564;
	43299	:	564;
	43300	:	564;
	43301	:	564;
	43302	:	554;
	43303	:	775;
	43304	:	553;
	43305	:	221;
	43306	:	222;
	43307	:	232;
	43308	:	332;
	43309	:	332;
	43310	:	332;
	43311	:	332;
	43312	:	332;
	43313	:	332;
	43314	:	332;
	43315	:	343;
	43316	:	332;
	43317	:	332;
	43318	:	333;
	43319	:	322;
	43320	:	332;
	43321	:	322;
	43322	:	322;
	43323	:	222;
	43324	:	332;
	43325	:	332;
	43326	:	222;
	43327	:	332;
	43328	:	332;
	43329	:	332;
	43330	:	332;
	43331	:	332;
	43332	:	232;
	43333	:	332;
	43334	:	232;
	43335	:	332;
	43336	:	332;
	43337	:	333;
	43338	:	342;
	43339	:	453;
	43340	:	453;
	43341	:	453;
	43342	:	553;
	43343	:	663;
	43344	:	773;
	43345	:	a93;
	43346	:	da1;
	43347	:	eb0;
	43348	:	fc0;
	43349	:	fc0;
	43350	:	fc0;
	43351	:	fc0;
	43352	:	fc0;
	43353	:	fc0;
	43354	:	fc0;
	43355	:	fc0;
	43356	:	eb0;
	43357	:	db0;
	43358	:	ba3;
	43359	:	995;
	43360	:	687;
	43361	:	699;
	43362	:	69a;
	43363	:	699;
	43364	:	688;
	43365	:	699;
	43366	:	799;
	43367	:	dde;
	43368	:	fff;
	43369	:	fff;
	43370	:	fff;
	43371	:	fef;
	43372	:	eef;
	43373	:	eef;
	43374	:	ede;
	43375	:	ede;
	43376	:	ddd;
	43377	:	ddd;
	43378	:	ccc;
	43379	:	cbb;
	43380	:	bbb;
	43381	:	bbb;
	43382	:	aba;
	43383	:	aaa;
	43384	:	9a9;
	43385	:	998;
	43386	:	998;
	43387	:	897;
	43388	:	897;
	43389	:	897;
	43390	:	797;
	43391	:	786;
	43392	:	786;
	43393	:	786;
	43394	:	786;
	43395	:	786;
	43396	:	786;
	43397	:	785;
	43398	:	795;
	43399	:	785;
	43400	:	795;
	43401	:	795;
	43402	:	684;
	43403	:	684;
	43404	:	684;
	43405	:	684;
	43406	:	694;
	43407	:	684;
	43408	:	694;
	43409	:	694;
	43410	:	694;
	43411	:	694;
	43412	:	694;
	43413	:	694;
	43414	:	694;
	43415	:	694;
	43416	:	694;
	43417	:	684;
	43418	:	694;
	43419	:	684;
	43420	:	694;
	43421	:	684;
	43422	:	684;
	43423	:	694;
	43424	:	683;
	43425	:	683;
	43426	:	693;
	43427	:	583;
	43428	:	583;
	43429	:	583;
	43430	:	583;
	43431	:	583;
	43432	:	583;
	43433	:	583;
	43434	:	583;
	43435	:	583;
	43436	:	583;
	43437	:	583;
	43438	:	583;
	43439	:	683;
	43440	:	683;
	43441	:	683;
	43442	:	683;
	43443	:	683;
	43444	:	683;
	43445	:	684;
	43446	:	673;
	43447	:	674;
	43448	:	674;
	43449	:	686;
	43450	:	698;
	43451	:	463;
	43452	:	775;
	43453	:	653;
	43454	:	554;
	43455	:	654;
	43456	:	743;
	43457	:	632;
	43458	:	a44;
	43459	:	a44;
	43460	:	b55;
	43461	:	a44;
	43462	:	943;
	43463	:	833;
	43464	:	843;
	43465	:	733;
	43466	:	843;
	43467	:	733;
	43468	:	833;
	43469	:	833;
	43470	:	833;
	43471	:	833;
	43472	:	833;
	43473	:	833;
	43474	:	832;
	43475	:	832;
	43476	:	943;
	43477	:	943;
	43478	:	943;
	43479	:	933;
	43480	:	933;
	43481	:	933;
	43482	:	933;
	43483	:	933;
	43484	:	832;
	43485	:	933;
	43486	:	933;
	43487	:	933;
	43488	:	933;
	43489	:	933;
	43490	:	933;
	43491	:	832;
	43492	:	833;
	43493	:	833;
	43494	:	733;
	43495	:	833;
	43496	:	833;
	43497	:	933;
	43498	:	933;
	43499	:	833;
	43500	:	833;
	43501	:	833;
	43502	:	733;
	43503	:	733;
	43504	:	743;
	43505	:	633;
	43506	:	633;
	43507	:	744;
	43508	:	643;
	43509	:	743;
	43510	:	743;
	43511	:	633;
	43512	:	633;
	43513	:	644;
	43514	:	644;
	43515	:	433;
	43516	:	544;
	43517	:	544;
	43518	:	533;
	43519	:	522;
	43520	:	664;
	43521	:	654;
	43522	:	654;
	43523	:	654;
	43524	:	654;
	43525	:	654;
	43526	:	654;
	43527	:	664;
	43528	:	554;
	43529	:	664;
	43530	:	664;
	43531	:	664;
	43532	:	554;
	43533	:	554;
	43534	:	654;
	43535	:	654;
	43536	:	654;
	43537	:	654;
	43538	:	654;
	43539	:	554;
	43540	:	664;
	43541	:	664;
	43542	:	564;
	43543	:	664;
	43544	:	664;
	43545	:	664;
	43546	:	664;
	43547	:	564;
	43548	:	664;
	43549	:	664;
	43550	:	664;
	43551	:	664;
	43552	:	564;
	43553	:	564;
	43554	:	564;
	43555	:	564;
	43556	:	564;
	43557	:	554;
	43558	:	554;
	43559	:	675;
	43560	:	443;
	43561	:	222;
	43562	:	332;
	43563	:	332;
	43564	:	332;
	43565	:	332;
	43566	:	332;
	43567	:	333;
	43568	:	332;
	43569	:	332;
	43570	:	332;
	43571	:	332;
	43572	:	332;
	43573	:	332;
	43574	:	433;
	43575	:	222;
	43576	:	332;
	43577	:	322;
	43578	:	222;
	43579	:	222;
	43580	:	332;
	43581	:	332;
	43582	:	232;
	43583	:	332;
	43584	:	343;
	43585	:	332;
	43586	:	332;
	43587	:	332;
	43588	:	332;
	43589	:	332;
	43590	:	332;
	43591	:	332;
	43592	:	443;
	43593	:	332;
	43594	:	553;
	43595	:	563;
	43596	:	453;
	43597	:	443;
	43598	:	552;
	43599	:	773;
	43600	:	a83;
	43601	:	b92;
	43602	:	da2;
	43603	:	eb0;
	43604	:	fc0;
	43605	:	fc0;
	43606	:	fc0;
	43607	:	fd0;
	43608	:	fd0;
	43609	:	fc0;
	43610	:	fc0;
	43611	:	ec0;
	43612	:	eb0;
	43613	:	db0;
	43614	:	ba3;
	43615	:	995;
	43616	:	688;
	43617	:	699;
	43618	:	699;
	43619	:	699;
	43620	:	688;
	43621	:	699;
	43622	:	7aa;
	43623	:	abb;
	43624	:	fff;
	43625	:	fff;
	43626	:	fef;
	43627	:	eee;
	43628	:	fef;
	43629	:	eee;
	43630	:	eee;
	43631	:	ddd;
	43632	:	ddd;
	43633	:	ddd;
	43634	:	ccc;
	43635	:	ccc;
	43636	:	bbb;
	43637	:	bba;
	43638	:	aaa;
	43639	:	aa9;
	43640	:	9a9;
	43641	:	998;
	43642	:	898;
	43643	:	897;
	43644	:	897;
	43645	:	797;
	43646	:	786;
	43647	:	786;
	43648	:	786;
	43649	:	786;
	43650	:	686;
	43651	:	685;
	43652	:	685;
	43653	:	785;
	43654	:	685;
	43655	:	685;
	43656	:	685;
	43657	:	684;
	43658	:	684;
	43659	:	684;
	43660	:	684;
	43661	:	684;
	43662	:	694;
	43663	:	684;
	43664	:	694;
	43665	:	694;
	43666	:	694;
	43667	:	694;
	43668	:	694;
	43669	:	694;
	43670	:	694;
	43671	:	694;
	43672	:	694;
	43673	:	694;
	43674	:	684;
	43675	:	694;
	43676	:	694;
	43677	:	684;
	43678	:	694;
	43679	:	684;
	43680	:	684;
	43681	:	683;
	43682	:	583;
	43683	:	583;
	43684	:	683;
	43685	:	583;
	43686	:	583;
	43687	:	583;
	43688	:	583;
	43689	:	583;
	43690	:	583;
	43691	:	583;
	43692	:	583;
	43693	:	583;
	43694	:	583;
	43695	:	583;
	43696	:	683;
	43697	:	583;
	43698	:	683;
	43699	:	683;
	43700	:	684;
	43701	:	674;
	43702	:	674;
	43703	:	674;
	43704	:	674;
	43705	:	797;
	43706	:	687;
	43707	:	463;
	43708	:	774;
	43709	:	653;
	43710	:	554;
	43711	:	654;
	43712	:	643;
	43713	:	632;
	43714	:	943;
	43715	:	a44;
	43716	:	a54;
	43717	:	a44;
	43718	:	933;
	43719	:	833;
	43720	:	833;
	43721	:	733;
	43722	:	743;
	43723	:	833;
	43724	:	833;
	43725	:	833;
	43726	:	832;
	43727	:	833;
	43728	:	833;
	43729	:	833;
	43730	:	833;
	43731	:	933;
	43732	:	933;
	43733	:	933;
	43734	:	933;
	43735	:	833;
	43736	:	933;
	43737	:	833;
	43738	:	933;
	43739	:	933;
	43740	:	833;
	43741	:	933;
	43742	:	933;
	43743	:	933;
	43744	:	933;
	43745	:	933;
	43746	:	933;
	43747	:	833;
	43748	:	833;
	43749	:	832;
	43750	:	833;
	43751	:	833;
	43752	:	833;
	43753	:	833;
	43754	:	933;
	43755	:	933;
	43756	:	833;
	43757	:	833;
	43758	:	633;
	43759	:	633;
	43760	:	743;
	43761	:	633;
	43762	:	643;
	43763	:	744;
	43764	:	743;
	43765	:	733;
	43766	:	733;
	43767	:	733;
	43768	:	733;
	43769	:	643;
	43770	:	533;
	43771	:	533;
	43772	:	544;
	43773	:	433;
	43774	:	533;
	43775	:	532;
	43776	:	664;
	43777	:	654;
	43778	:	654;
	43779	:	654;
	43780	:	664;
	43781	:	554;
	43782	:	654;
	43783	:	554;
	43784	:	665;
	43785	:	654;
	43786	:	554;
	43787	:	654;
	43788	:	664;
	43789	:	654;
	43790	:	654;
	43791	:	654;
	43792	:	554;
	43793	:	665;
	43794	:	654;
	43795	:	654;
	43796	:	554;
	43797	:	664;
	43798	:	664;
	43799	:	664;
	43800	:	564;
	43801	:	564;
	43802	:	564;
	43803	:	664;
	43804	:	564;
	43805	:	664;
	43806	:	664;
	43807	:	564;
	43808	:	564;
	43809	:	564;
	43810	:	564;
	43811	:	554;
	43812	:	554;
	43813	:	554;
	43814	:	554;
	43815	:	675;
	43816	:	442;
	43817	:	332;
	43818	:	332;
	43819	:	332;
	43820	:	332;
	43821	:	343;
	43822	:	343;
	43823	:	343;
	43824	:	332;
	43825	:	333;
	43826	:	332;
	43827	:	332;
	43828	:	332;
	43829	:	333;
	43830	:	443;
	43831	:	222;
	43832	:	332;
	43833	:	232;
	43834	:	222;
	43835	:	222;
	43836	:	332;
	43837	:	332;
	43838	:	222;
	43839	:	332;
	43840	:	332;
	43841	:	332;
	43842	:	232;
	43843	:	333;
	43844	:	343;
	43845	:	333;
	43846	:	332;
	43847	:	443;
	43848	:	453;
	43849	:	453;
	43850	:	663;
	43851	:	553;
	43852	:	453;
	43853	:	443;
	43854	:	552;
	43855	:	873;
	43856	:	b93;
	43857	:	da2;
	43858	:	eb1;
	43859	:	eb0;
	43860	:	fb0;
	43861	:	fc0;
	43862	:	fc0;
	43863	:	fc0;
	43864	:	fc0;
	43865	:	fc0;
	43866	:	fc0;
	43867	:	eb0;
	43868	:	db0;
	43869	:	db0;
	43870	:	ba3;
	43871	:	995;
	43872	:	798;
	43873	:	7aa;
	43874	:	699;
	43875	:	799;
	43876	:	688;
	43877	:	698;
	43878	:	7aa;
	43879	:	79a;
	43880	:	fff;
	43881	:	fff;
	43882	:	fef;
	43883	:	fee;
	43884	:	eee;
	43885	:	eee;
	43886	:	ddd;
	43887	:	ddd;
	43888	:	ddd;
	43889	:	ccc;
	43890	:	ccc;
	43891	:	bbb;
	43892	:	bbb;
	43893	:	aaa;
	43894	:	aaa;
	43895	:	9a9;
	43896	:	9a8;
	43897	:	9a8;
	43898	:	897;
	43899	:	797;
	43900	:	797;
	43901	:	786;
	43902	:	786;
	43903	:	786;
	43904	:	786;
	43905	:	786;
	43906	:	685;
	43907	:	685;
	43908	:	685;
	43909	:	685;
	43910	:	685;
	43911	:	685;
	43912	:	684;
	43913	:	684;
	43914	:	694;
	43915	:	684;
	43916	:	684;
	43917	:	694;
	43918	:	694;
	43919	:	694;
	43920	:	694;
	43921	:	694;
	43922	:	694;
	43923	:	694;
	43924	:	694;
	43925	:	694;
	43926	:	694;
	43927	:	694;
	43928	:	684;
	43929	:	684;
	43930	:	684;
	43931	:	694;
	43932	:	694;
	43933	:	684;
	43934	:	684;
	43935	:	694;
	43936	:	684;
	43937	:	694;
	43938	:	683;
	43939	:	583;
	43940	:	583;
	43941	:	583;
	43942	:	583;
	43943	:	583;
	43944	:	583;
	43945	:	583;
	43946	:	583;
	43947	:	583;
	43948	:	583;
	43949	:	583;
	43950	:	683;
	43951	:	583;
	43952	:	683;
	43953	:	683;
	43954	:	683;
	43955	:	683;
	43956	:	684;
	43957	:	674;
	43958	:	674;
	43959	:	674;
	43960	:	685;
	43961	:	798;
	43962	:	576;
	43963	:	564;
	43964	:	774;
	43965	:	663;
	43966	:	664;
	43967	:	765;
	43968	:	643;
	43969	:	744;
	43970	:	954;
	43971	:	a44;
	43972	:	a44;
	43973	:	a44;
	43974	:	833;
	43975	:	833;
	43976	:	833;
	43977	:	843;
	43978	:	833;
	43979	:	833;
	43980	:	833;
	43981	:	933;
	43982	:	933;
	43983	:	832;
	43984	:	833;
	43985	:	832;
	43986	:	833;
	43987	:	933;
	43988	:	943;
	43989	:	943;
	43990	:	933;
	43991	:	933;
	43992	:	833;
	43993	:	833;
	43994	:	933;
	43995	:	933;
	43996	:	933;
	43997	:	833;
	43998	:	832;
	43999	:	933;
	44000	:	933;
	44001	:	832;
	44002	:	833;
	44003	:	833;
	44004	:	833;
	44005	:	833;
	44006	:	833;
	44007	:	833;
	44008	:	833;
	44009	:	833;
	44010	:	833;
	44011	:	833;
	44012	:	833;
	44013	:	733;
	44014	:	633;
	44015	:	533;
	44016	:	532;
	44017	:	643;
	44018	:	633;
	44019	:	743;
	44020	:	733;
	44021	:	733;
	44022	:	733;
	44023	:	733;
	44024	:	633;
	44025	:	633;
	44026	:	643;
	44027	:	433;
	44028	:	433;
	44029	:	433;
	44030	:	433;
	44031	:	633;
	44032	:	654;
	44033	:	554;
	44034	:	654;
	44035	:	654;
	44036	:	554;
	44037	:	654;
	44038	:	654;
	44039	:	654;
	44040	:	654;
	44041	:	654;
	44042	:	654;
	44043	:	654;
	44044	:	654;
	44045	:	554;
	44046	:	654;
	44047	:	654;
	44048	:	654;
	44049	:	554;
	44050	:	655;
	44051	:	664;
	44052	:	554;
	44053	:	654;
	44054	:	554;
	44055	:	664;
	44056	:	664;
	44057	:	564;
	44058	:	664;
	44059	:	664;
	44060	:	664;
	44061	:	664;
	44062	:	564;
	44063	:	664;
	44064	:	664;
	44065	:	564;
	44066	:	564;
	44067	:	564;
	44068	:	554;
	44069	:	554;
	44070	:	554;
	44071	:	675;
	44072	:	453;
	44073	:	553;
	44074	:	332;
	44075	:	332;
	44076	:	343;
	44077	:	342;
	44078	:	343;
	44079	:	343;
	44080	:	343;
	44081	:	232;
	44082	:	343;
	44083	:	333;
	44084	:	332;
	44085	:	443;
	44086	:	443;
	44087	:	232;
	44088	:	332;
	44089	:	332;
	44090	:	222;
	44091	:	332;
	44092	:	332;
	44093	:	332;
	44094	:	332;
	44095	:	332;
	44096	:	332;
	44097	:	332;
	44098	:	332;
	44099	:	343;
	44100	:	343;
	44101	:	343;
	44102	:	343;
	44103	:	453;
	44104	:	564;
	44105	:	664;
	44106	:	664;
	44107	:	563;
	44108	:	553;
	44109	:	553;
	44110	:	873;
	44111	:	a83;
	44112	:	ca2;
	44113	:	eb1;
	44114	:	eb0;
	44115	:	eb0;
	44116	:	fb0;
	44117	:	fc0;
	44118	:	fc0;
	44119	:	fc0;
	44120	:	fc0;
	44121	:	fc0;
	44122	:	fc0;
	44123	:	fc0;
	44124	:	db0;
	44125	:	cb1;
	44126	:	a92;
	44127	:	aa7;
	44128	:	798;
	44129	:	699;
	44130	:	7aa;
	44131	:	699;
	44132	:	699;
	44133	:	699;
	44134	:	7aa;
	44135	:	7ab;
	44136	:	bcd;
	44137	:	fff;
	44138	:	eee;
	44139	:	eee;
	44140	:	ede;
	44141	:	ede;
	44142	:	ddd;
	44143	:	ddc;
	44144	:	ddc;
	44145	:	ccc;
	44146	:	bbb;
	44147	:	bbb;
	44148	:	aba;
	44149	:	aaa;
	44150	:	aa9;
	44151	:	9a8;
	44152	:	998;
	44153	:	897;
	44154	:	897;
	44155	:	786;
	44156	:	786;
	44157	:	786;
	44158	:	786;
	44159	:	786;
	44160	:	685;
	44161	:	685;
	44162	:	685;
	44163	:	685;
	44164	:	685;
	44165	:	685;
	44166	:	685;
	44167	:	684;
	44168	:	684;
	44169	:	684;
	44170	:	684;
	44171	:	684;
	44172	:	694;
	44173	:	694;
	44174	:	694;
	44175	:	684;
	44176	:	694;
	44177	:	694;
	44178	:	694;
	44179	:	795;
	44180	:	694;
	44181	:	795;
	44182	:	795;
	44183	:	694;
	44184	:	694;
	44185	:	694;
	44186	:	694;
	44187	:	694;
	44188	:	694;
	44189	:	694;
	44190	:	694;
	44191	:	684;
	44192	:	684;
	44193	:	684;
	44194	:	684;
	44195	:	583;
	44196	:	684;
	44197	:	583;
	44198	:	583;
	44199	:	583;
	44200	:	583;
	44201	:	583;
	44202	:	583;
	44203	:	583;
	44204	:	583;
	44205	:	583;
	44206	:	683;
	44207	:	583;
	44208	:	583;
	44209	:	583;
	44210	:	683;
	44211	:	684;
	44212	:	674;
	44213	:	684;
	44214	:	674;
	44215	:	674;
	44216	:	685;
	44217	:	7a9;
	44218	:	575;
	44219	:	574;
	44220	:	774;
	44221	:	663;
	44222	:	653;
	44223	:	865;
	44224	:	644;
	44225	:	755;
	44226	:	854;
	44227	:	944;
	44228	:	944;
	44229	:	943;
	44230	:	832;
	44231	:	833;
	44232	:	833;
	44233	:	844;
	44234	:	843;
	44235	:	833;
	44236	:	833;
	44237	:	933;
	44238	:	832;
	44239	:	832;
	44240	:	833;
	44241	:	832;
	44242	:	832;
	44243	:	933;
	44244	:	933;
	44245	:	933;
	44246	:	833;
	44247	:	933;
	44248	:	832;
	44249	:	833;
	44250	:	833;
	44251	:	833;
	44252	:	833;
	44253	:	722;
	44254	:	832;
	44255	:	933;
	44256	:	933;
	44257	:	832;
	44258	:	832;
	44259	:	832;
	44260	:	833;
	44261	:	832;
	44262	:	833;
	44263	:	833;
	44264	:	833;
	44265	:	932;
	44266	:	822;
	44267	:	833;
	44268	:	833;
	44269	:	633;
	44270	:	533;
	44271	:	533;
	44272	:	543;
	44273	:	643;
	44274	:	633;
	44275	:	733;
	44276	:	733;
	44277	:	733;
	44278	:	733;
	44279	:	733;
	44280	:	733;
	44281	:	632;
	44282	:	633;
	44283	:	533;
	44284	:	533;
	44285	:	533;
	44286	:	533;
	44287	:	533;
	44288	:	554;
	44289	:	654;
	44290	:	654;
	44291	:	654;
	44292	:	654;
	44293	:	654;
	44294	:	654;
	44295	:	654;
	44296	:	654;
	44297	:	554;
	44298	:	654;
	44299	:	654;
	44300	:	654;
	44301	:	554;
	44302	:	655;
	44303	:	654;
	44304	:	655;
	44305	:	655;
	44306	:	654;
	44307	:	554;
	44308	:	654;
	44309	:	654;
	44310	:	554;
	44311	:	654;
	44312	:	654;
	44313	:	664;
	44314	:	664;
	44315	:	664;
	44316	:	564;
	44317	:	564;
	44318	:	564;
	44319	:	664;
	44320	:	564;
	44321	:	564;
	44322	:	554;
	44323	:	554;
	44324	:	554;
	44325	:	554;
	44326	:	554;
	44327	:	664;
	44328	:	553;
	44329	:	563;
	44330	:	332;
	44331	:	332;
	44332	:	443;
	44333	:	342;
	44334	:	343;
	44335	:	342;
	44336	:	443;
	44337	:	332;
	44338	:	343;
	44339	:	332;
	44340	:	343;
	44341	:	554;
	44342	:	343;
	44343	:	332;
	44344	:	332;
	44345	:	332;
	44346	:	332;
	44347	:	232;
	44348	:	232;
	44349	:	332;
	44350	:	332;
	44351	:	332;
	44352	:	332;
	44353	:	332;
	44354	:	343;
	44355	:	343;
	44356	:	343;
	44357	:	443;
	44358	:	453;
	44359	:	453;
	44360	:	664;
	44361	:	664;
	44362	:	663;
	44363	:	663;
	44364	:	873;
	44365	:	872;
	44366	:	b93;
	44367	:	c92;
	44368	:	da1;
	44369	:	eb0;
	44370	:	eb0;
	44371	:	eb0;
	44372	:	fb0;
	44373	:	fc0;
	44374	:	fc0;
	44375	:	fc0;
	44376	:	fc0;
	44377	:	fc0;
	44378	:	fc0;
	44379	:	ec0;
	44380	:	db0;
	44381	:	ba2;
	44382	:	a93;
	44383	:	9a7;
	44384	:	799;
	44385	:	699;
	44386	:	7aa;
	44387	:	699;
	44388	:	699;
	44389	:	699;
	44390	:	7aa;
	44391	:	7ab;
	44392	:	8ab;
	44393	:	eef;
	44394	:	eee;
	44395	:	edd;
	44396	:	eee;
	44397	:	edd;
	44398	:	ddd;
	44399	:	ccc;
	44400	:	ccb;
	44401	:	ccb;
	44402	:	bbb;
	44403	:	aba;
	44404	:	aaa;
	44405	:	9a9;
	44406	:	9a9;
	44407	:	8a8;
	44408	:	897;
	44409	:	897;
	44410	:	796;
	44411	:	786;
	44412	:	786;
	44413	:	786;
	44414	:	685;
	44415	:	785;
	44416	:	685;
	44417	:	685;
	44418	:	685;
	44419	:	684;
	44420	:	685;
	44421	:	684;
	44422	:	684;
	44423	:	684;
	44424	:	684;
	44425	:	684;
	44426	:	684;
	44427	:	694;
	44428	:	694;
	44429	:	694;
	44430	:	694;
	44431	:	695;
	44432	:	695;
	44433	:	795;
	44434	:	695;
	44435	:	795;
	44436	:	794;
	44437	:	795;
	44438	:	694;
	44439	:	694;
	44440	:	694;
	44441	:	694;
	44442	:	694;
	44443	:	694;
	44444	:	684;
	44445	:	694;
	44446	:	694;
	44447	:	694;
	44448	:	684;
	44449	:	684;
	44450	:	684;
	44451	:	583;
	44452	:	584;
	44453	:	583;
	44454	:	583;
	44455	:	583;
	44456	:	583;
	44457	:	583;
	44458	:	583;
	44459	:	583;
	44460	:	583;
	44461	:	583;
	44462	:	583;
	44463	:	583;
	44464	:	683;
	44465	:	683;
	44466	:	684;
	44467	:	684;
	44468	:	684;
	44469	:	684;
	44470	:	674;
	44471	:	674;
	44472	:	685;
	44473	:	7a9;
	44474	:	465;
	44475	:	675;
	44476	:	674;
	44477	:	653;
	44478	:	754;
	44479	:	854;
	44480	:	643;
	44481	:	755;
	44482	:	854;
	44483	:	944;
	44484	:	954;
	44485	:	944;
	44486	:	833;
	44487	:	833;
	44488	:	833;
	44489	:	843;
	44490	:	944;
	44491	:	833;
	44492	:	833;
	44493	:	933;
	44494	:	933;
	44495	:	832;
	44496	:	832;
	44497	:	832;
	44498	:	832;
	44499	:	832;
	44500	:	933;
	44501	:	933;
	44502	:	832;
	44503	:	833;
	44504	:	832;
	44505	:	833;
	44506	:	833;
	44507	:	833;
	44508	:	833;
	44509	:	732;
	44510	:	832;
	44511	:	833;
	44512	:	933;
	44513	:	833;
	44514	:	722;
	44515	:	832;
	44516	:	833;
	44517	:	832;
	44518	:	722;
	44519	:	833;
	44520	:	832;
	44521	:	832;
	44522	:	832;
	44523	:	833;
	44524	:	833;
	44525	:	633;
	44526	:	544;
	44527	:	544;
	44528	:	644;
	44529	:	644;
	44530	:	533;
	44531	:	733;
	44532	:	733;
	44533	:	733;
	44534	:	733;
	44535	:	733;
	44536	:	733;
	44537	:	633;
	44538	:	633;
	44539	:	533;
	44540	:	533;
	44541	:	533;
	44542	:	523;
	44543	:	633;
	44544	:	664;
	44545	:	654;
	44546	:	654;
	44547	:	654;
	44548	:	654;
	44549	:	554;
	44550	:	654;
	44551	:	654;
	44552	:	654;
	44553	:	654;
	44554	:	554;
	44555	:	655;
	44556	:	654;
	44557	:	654;
	44558	:	554;
	44559	:	554;
	44560	:	554;
	44561	:	655;
	44562	:	554;
	44563	:	654;
	44564	:	554;
	44565	:	554;
	44566	:	554;
	44567	:	655;
	44568	:	655;
	44569	:	554;
	44570	:	665;
	44571	:	664;
	44572	:	664;
	44573	:	664;
	44574	:	554;
	44575	:	664;
	44576	:	664;
	44577	:	554;
	44578	:	554;
	44579	:	664;
	44580	:	554;
	44581	:	554;
	44582	:	554;
	44583	:	554;
	44584	:	664;
	44585	:	664;
	44586	:	443;
	44587	:	443;
	44588	:	443;
	44589	:	333;
	44590	:	333;
	44591	:	332;
	44592	:	343;
	44593	:	332;
	44594	:	332;
	44595	:	221;
	44596	:	554;
	44597	:	554;
	44598	:	343;
	44599	:	232;
	44600	:	332;
	44601	:	332;
	44602	:	332;
	44603	:	332;
	44604	:	332;
	44605	:	332;
	44606	:	343;
	44607	:	332;
	44608	:	332;
	44609	:	343;
	44610	:	343;
	44611	:	343;
	44612	:	453;
	44613	:	343;
	44614	:	453;
	44615	:	564;
	44616	:	664;
	44617	:	773;
	44618	:	773;
	44619	:	872;
	44620	:	b92;
	44621	:	b92;
	44622	:	da1;
	44623	:	da1;
	44624	:	ea0;
	44625	:	eb0;
	44626	:	eb0;
	44627	:	eb0;
	44628	:	fb0;
	44629	:	fc0;
	44630	:	fc0;
	44631	:	fc0;
	44632	:	fc0;
	44633	:	fc0;
	44634	:	fc0;
	44635	:	fc0;
	44636	:	db1;
	44637	:	ca3;
	44638	:	a95;
	44639	:	9a7;
	44640	:	688;
	44641	:	688;
	44642	:	699;
	44643	:	7aa;
	44644	:	699;
	44645	:	688;
	44646	:	699;
	44647	:	7aa;
	44648	:	7ab;
	44649	:	cdd;
	44650	:	eed;
	44651	:	eee;
	44652	:	edd;
	44653	:	ddd;
	44654	:	dcc;
	44655	:	ccc;
	44656	:	ccb;
	44657	:	bbb;
	44658	:	bba;
	44659	:	aaa;
	44660	:	aa9;
	44661	:	9a8;
	44662	:	998;
	44663	:	897;
	44664	:	897;
	44665	:	786;
	44666	:	796;
	44667	:	796;
	44668	:	685;
	44669	:	685;
	44670	:	685;
	44671	:	685;
	44672	:	685;
	44673	:	684;
	44674	:	684;
	44675	:	684;
	44676	:	684;
	44677	:	684;
	44678	:	684;
	44679	:	684;
	44680	:	684;
	44681	:	684;
	44682	:	694;
	44683	:	684;
	44684	:	694;
	44685	:	694;
	44686	:	694;
	44687	:	695;
	44688	:	695;
	44689	:	694;
	44690	:	795;
	44691	:	695;
	44692	:	795;
	44693	:	795;
	44694	:	795;
	44695	:	694;
	44696	:	694;
	44697	:	694;
	44698	:	684;
	44699	:	694;
	44700	:	694;
	44701	:	694;
	44702	:	694;
	44703	:	694;
	44704	:	684;
	44705	:	684;
	44706	:	684;
	44707	:	584;
	44708	:	684;
	44709	:	583;
	44710	:	583;
	44711	:	583;
	44712	:	583;
	44713	:	583;
	44714	:	583;
	44715	:	583;
	44716	:	583;
	44717	:	583;
	44718	:	583;
	44719	:	683;
	44720	:	683;
	44721	:	684;
	44722	:	684;
	44723	:	684;
	44724	:	674;
	44725	:	674;
	44726	:	674;
	44727	:	674;
	44728	:	685;
	44729	:	7a9;
	44730	:	464;
	44731	:	685;
	44732	:	675;
	44733	:	653;
	44734	:	754;
	44735	:	744;
	44736	:	643;
	44737	:	866;
	44738	:	754;
	44739	:	854;
	44740	:	743;
	44741	:	943;
	44742	:	833;
	44743	:	933;
	44744	:	833;
	44745	:	833;
	44746	:	833;
	44747	:	833;
	44748	:	833;
	44749	:	933;
	44750	:	832;
	44751	:	832;
	44752	:	832;
	44753	:	832;
	44754	:	832;
	44755	:	832;
	44756	:	832;
	44757	:	833;
	44758	:	832;
	44759	:	833;
	44760	:	833;
	44761	:	832;
	44762	:	833;
	44763	:	833;
	44764	:	833;
	44765	:	833;
	44766	:	833;
	44767	:	833;
	44768	:	832;
	44769	:	833;
	44770	:	722;
	44771	:	833;
	44772	:	832;
	44773	:	833;
	44774	:	732;
	44775	:	732;
	44776	:	833;
	44777	:	933;
	44778	:	833;
	44779	:	832;
	44780	:	733;
	44781	:	643;
	44782	:	644;
	44783	:	644;
	44784	:	644;
	44785	:	533;
	44786	:	644;
	44787	:	533;
	44788	:	733;
	44789	:	733;
	44790	:	733;
	44791	:	733;
	44792	:	733;
	44793	:	622;
	44794	:	633;
	44795	:	533;
	44796	:	633;
	44797	:	633;
	44798	:	522;
	44799	:	733;
	44800	:	664;
	44801	:	554;
	44802	:	554;
	44803	:	554;
	44804	:	654;
	44805	:	665;
	44806	:	654;
	44807	:	554;
	44808	:	554;
	44809	:	554;
	44810	:	654;
	44811	:	554;
	44812	:	554;
	44813	:	654;
	44814	:	655;
	44815	:	554;
	44816	:	655;
	44817	:	655;
	44818	:	655;
	44819	:	655;
	44820	:	655;
	44821	:	654;
	44822	:	554;
	44823	:	554;
	44824	:	554;
	44825	:	654;
	44826	:	554;
	44827	:	554;
	44828	:	664;
	44829	:	665;
	44830	:	664;
	44831	:	564;
	44832	:	554;
	44833	:	554;
	44834	:	554;
	44835	:	554;
	44836	:	554;
	44837	:	554;
	44838	:	554;
	44839	:	554;
	44840	:	554;
	44841	:	675;
	44842	:	553;
	44843	:	443;
	44844	:	443;
	44845	:	332;
	44846	:	332;
	44847	:	332;
	44848	:	443;
	44849	:	332;
	44850	:	342;
	44851	:	332;
	44852	:	564;
	44853	:	453;
	44854	:	332;
	44855	:	332;
	44856	:	232;
	44857	:	332;
	44858	:	342;
	44859	:	332;
	44860	:	332;
	44861	:	332;
	44862	:	343;
	44863	:	332;
	44864	:	342;
	44865	:	343;
	44866	:	353;
	44867	:	343;
	44868	:	343;
	44869	:	453;
	44870	:	553;
	44871	:	663;
	44872	:	773;
	44873	:	873;
	44874	:	983;
	44875	:	a82;
	44876	:	ca1;
	44877	:	da0;
	44878	:	eb0;
	44879	:	eb1;
	44880	:	eb1;
	44881	:	eb0;
	44882	:	eb0;
	44883	:	fb0;
	44884	:	fc0;
	44885	:	fc0;
	44886	:	fc0;
	44887	:	fc0;
	44888	:	fc0;
	44889	:	fc0;
	44890	:	fc0;
	44891	:	eb0;
	44892	:	cb2;
	44893	:	ba4;
	44894	:	996;
	44895	:	797;
	44896	:	799;
	44897	:	689;
	44898	:	699;
	44899	:	7aa;
	44900	:	7aa;
	44901	:	688;
	44902	:	699;
	44903	:	7aa;
	44904	:	7bb;
	44905	:	8aa;
	44906	:	eee;
	44907	:	ddd;
	44908	:	ddc;
	44909	:	dcc;
	44910	:	ccb;
	44911	:	cbb;
	44912	:	bba;
	44913	:	aba;
	44914	:	aba;
	44915	:	aa9;
	44916	:	9a8;
	44917	:	898;
	44918	:	897;
	44919	:	897;
	44920	:	796;
	44921	:	786;
	44922	:	786;
	44923	:	685;
	44924	:	685;
	44925	:	685;
	44926	:	685;
	44927	:	685;
	44928	:	684;
	44929	:	684;
	44930	:	684;
	44931	:	684;
	44932	:	684;
	44933	:	684;
	44934	:	684;
	44935	:	684;
	44936	:	684;
	44937	:	684;
	44938	:	684;
	44939	:	694;
	44940	:	694;
	44941	:	694;
	44942	:	694;
	44943	:	694;
	44944	:	694;
	44945	:	795;
	44946	:	795;
	44947	:	795;
	44948	:	795;
	44949	:	795;
	44950	:	795;
	44951	:	694;
	44952	:	694;
	44953	:	694;
	44954	:	694;
	44955	:	694;
	44956	:	694;
	44957	:	694;
	44958	:	694;
	44959	:	694;
	44960	:	684;
	44961	:	684;
	44962	:	684;
	44963	:	684;
	44964	:	583;
	44965	:	583;
	44966	:	684;
	44967	:	584;
	44968	:	583;
	44969	:	583;
	44970	:	583;
	44971	:	683;
	44972	:	683;
	44973	:	583;
	44974	:	583;
	44975	:	684;
	44976	:	683;
	44977	:	684;
	44978	:	684;
	44979	:	684;
	44980	:	674;
	44981	:	674;
	44982	:	674;
	44983	:	674;
	44984	:	686;
	44985	:	799;
	44986	:	464;
	44987	:	686;
	44988	:	664;
	44989	:	654;
	44990	:	754;
	44991	:	643;
	44992	:	854;
	44993	:	966;
	44994	:	754;
	44995	:	754;
	44996	:	533;
	44997	:	944;
	44998	:	933;
	44999	:	933;
	45000	:	833;
	45001	:	833;
	45002	:	833;
	45003	:	833;
	45004	:	833;
	45005	:	943;
	45006	:	933;
	45007	:	833;
	45008	:	832;
	45009	:	832;
	45010	:	832;
	45011	:	832;
	45012	:	832;
	45013	:	832;
	45014	:	832;
	45015	:	732;
	45016	:	833;
	45017	:	832;
	45018	:	833;
	45019	:	833;
	45020	:	833;
	45021	:	733;
	45022	:	622;
	45023	:	833;
	45024	:	832;
	45025	:	732;
	45026	:	722;
	45027	:	732;
	45028	:	732;
	45029	:	732;
	45030	:	833;
	45031	:	732;
	45032	:	722;
	45033	:	833;
	45034	:	833;
	45035	:	733;
	45036	:	733;
	45037	:	633;
	45038	:	744;
	45039	:	633;
	45040	:	643;
	45041	:	643;
	45042	:	643;
	45043	:	633;
	45044	:	633;
	45045	:	633;
	45046	:	733;
	45047	:	733;
	45048	:	732;
	45049	:	733;
	45050	:	632;
	45051	:	632;
	45052	:	533;
	45053	:	533;
	45054	:	522;
	45055	:	743;
	45056	:	564;
	45057	:	654;
	45058	:	654;
	45059	:	654;
	45060	:	654;
	45061	:	654;
	45062	:	654;
	45063	:	554;
	45064	:	654;
	45065	:	665;
	45066	:	554;
	45067	:	654;
	45068	:	654;
	45069	:	554;
	45070	:	554;
	45071	:	665;
	45072	:	655;
	45073	:	655;
	45074	:	655;
	45075	:	654;
	45076	:	554;
	45077	:	655;
	45078	:	655;
	45079	:	654;
	45080	:	654;
	45081	:	655;
	45082	:	665;
	45083	:	655;
	45084	:	654;
	45085	:	554;
	45086	:	664;
	45087	:	564;
	45088	:	664;
	45089	:	654;
	45090	:	554;
	45091	:	554;
	45092	:	554;
	45093	:	554;
	45094	:	554;
	45095	:	554;
	45096	:	554;
	45097	:	674;
	45098	:	774;
	45099	:	664;
	45100	:	553;
	45101	:	443;
	45102	:	443;
	45103	:	443;
	45104	:	342;
	45105	:	453;
	45106	:	553;
	45107	:	443;
	45108	:	564;
	45109	:	443;
	45110	:	343;
	45111	:	343;
	45112	:	333;
	45113	:	343;
	45114	:	342;
	45115	:	332;
	45116	:	332;
	45117	:	332;
	45118	:	342;
	45119	:	332;
	45120	:	342;
	45121	:	342;
	45122	:	343;
	45123	:	343;
	45124	:	343;
	45125	:	564;
	45126	:	563;
	45127	:	663;
	45128	:	773;
	45129	:	982;
	45130	:	b92;
	45131	:	ca1;
	45132	:	da1;
	45133	:	eb0;
	45134	:	eb1;
	45135	:	eb1;
	45136	:	eb1;
	45137	:	eb1;
	45138	:	eb0;
	45139	:	fb0;
	45140	:	fb0;
	45141	:	fb0;
	45142	:	fb0;
	45143	:	fc0;
	45144	:	fc0;
	45145	:	fc0;
	45146	:	fc0;
	45147	:	ec0;
	45148	:	db2;
	45149	:	a95;
	45150	:	9a7;
	45151	:	798;
	45152	:	688;
	45153	:	688;
	45154	:	688;
	45155	:	599;
	45156	:	7ab;
	45157	:	699;
	45158	:	699;
	45159	:	69a;
	45160	:	7bb;
	45161	:	7ab;
	45162	:	ddd;
	45163	:	ddd;
	45164	:	dcc;
	45165	:	ccc;
	45166	:	cbb;
	45167	:	bba;
	45168	:	bba;
	45169	:	aa9;
	45170	:	aa9;
	45171	:	9a8;
	45172	:	9a8;
	45173	:	897;
	45174	:	897;
	45175	:	796;
	45176	:	786;
	45177	:	785;
	45178	:	685;
	45179	:	685;
	45180	:	685;
	45181	:	685;
	45182	:	684;
	45183	:	684;
	45184	:	684;
	45185	:	684;
	45186	:	584;
	45187	:	583;
	45188	:	684;
	45189	:	684;
	45190	:	684;
	45191	:	684;
	45192	:	684;
	45193	:	684;
	45194	:	694;
	45195	:	694;
	45196	:	694;
	45197	:	694;
	45198	:	795;
	45199	:	694;
	45200	:	795;
	45201	:	795;
	45202	:	795;
	45203	:	795;
	45204	:	795;
	45205	:	795;
	45206	:	695;
	45207	:	694;
	45208	:	694;
	45209	:	694;
	45210	:	694;
	45211	:	694;
	45212	:	694;
	45213	:	684;
	45214	:	694;
	45215	:	694;
	45216	:	684;
	45217	:	684;
	45218	:	684;
	45219	:	684;
	45220	:	684;
	45221	:	683;
	45222	:	683;
	45223	:	684;
	45224	:	583;
	45225	:	584;
	45226	:	583;
	45227	:	683;
	45228	:	583;
	45229	:	583;
	45230	:	683;
	45231	:	683;
	45232	:	683;
	45233	:	684;
	45234	:	684;
	45235	:	684;
	45236	:	674;
	45237	:	684;
	45238	:	674;
	45239	:	674;
	45240	:	686;
	45241	:	799;
	45242	:	464;
	45243	:	786;
	45244	:	554;
	45245	:	654;
	45246	:	644;
	45247	:	533;
	45248	:	965;
	45249	:	965;
	45250	:	754;
	45251	:	644;
	45252	:	643;
	45253	:	843;
	45254	:	933;
	45255	:	933;
	45256	:	943;
	45257	:	833;
	45258	:	833;
	45259	:	833;
	45260	:	833;
	45261	:	943;
	45262	:	933;
	45263	:	933;
	45264	:	832;
	45265	:	832;
	45266	:	832;
	45267	:	832;
	45268	:	832;
	45269	:	732;
	45270	:	832;
	45271	:	732;
	45272	:	732;
	45273	:	732;
	45274	:	833;
	45275	:	833;
	45276	:	833;
	45277	:	733;
	45278	:	521;
	45279	:	833;
	45280	:	732;
	45281	:	732;
	45282	:	722;
	45283	:	722;
	45284	:	732;
	45285	:	722;
	45286	:	832;
	45287	:	832;
	45288	:	722;
	45289	:	732;
	45290	:	833;
	45291	:	733;
	45292	:	733;
	45293	:	633;
	45294	:	744;
	45295	:	744;
	45296	:	633;
	45297	:	733;
	45298	:	743;
	45299	:	633;
	45300	:	643;
	45301	:	633;
	45302	:	733;
	45303	:	732;
	45304	:	833;
	45305	:	732;
	45306	:	633;
	45307	:	632;
	45308	:	632;
	45309	:	632;
	45310	:	622;
	45311	:	733;
	45312	:	564;
	45313	:	664;
	45314	:	654;
	45315	:	554;
	45316	:	654;
	45317	:	654;
	45318	:	554;
	45319	:	654;
	45320	:	554;
	45321	:	554;
	45322	:	654;
	45323	:	654;
	45324	:	554;
	45325	:	554;
	45326	:	554;
	45327	:	554;
	45328	:	655;
	45329	:	554;
	45330	:	654;
	45331	:	554;
	45332	:	654;
	45333	:	655;
	45334	:	554;
	45335	:	655;
	45336	:	554;
	45337	:	655;
	45338	:	655;
	45339	:	554;
	45340	:	655;
	45341	:	665;
	45342	:	655;
	45343	:	554;
	45344	:	654;
	45345	:	554;
	45346	:	554;
	45347	:	554;
	45348	:	554;
	45349	:	554;
	45350	:	554;
	45351	:	554;
	45352	:	554;
	45353	:	563;
	45354	:	884;
	45355	:	884;
	45356	:	774;
	45357	:	653;
	45358	:	553;
	45359	:	553;
	45360	:	442;
	45361	:	553;
	45362	:	563;
	45363	:	453;
	45364	:	554;
	45365	:	342;
	45366	:	343;
	45367	:	343;
	45368	:	343;
	45369	:	343;
	45370	:	453;
	45371	:	342;
	45372	:	332;
	45373	:	332;
	45374	:	332;
	45375	:	332;
	45376	:	342;
	45377	:	332;
	45378	:	342;
	45379	:	343;
	45380	:	453;
	45381	:	664;
	45382	:	664;
	45383	:	663;
	45384	:	873;
	45385	:	a82;
	45386	:	ca2;
	45387	:	ca1;
	45388	:	eb1;
	45389	:	eb1;
	45390	:	eb1;
	45391	:	eb1;
	45392	:	eb0;
	45393	:	eb0;
	45394	:	eb0;
	45395	:	eb0;
	45396	:	fb0;
	45397	:	fc0;
	45398	:	fc0;
	45399	:	fc0;
	45400	:	fc0;
	45401	:	fc0;
	45402	:	fc1;
	45403	:	ec1;
	45404	:	db2;
	45405	:	ba6;
	45406	:	997;
	45407	:	898;
	45408	:	798;
	45409	:	688;
	45410	:	688;
	45411	:	699;
	45412	:	7aa;
	45413	:	699;
	45414	:	699;
	45415	:	69a;
	45416	:	7bb;
	45417	:	7bc;
	45418	:	ccc;
	45419	:	ccc;
	45420	:	ccb;
	45421	:	ccb;
	45422	:	bba;
	45423	:	aa9;
	45424	:	aa9;
	45425	:	9a8;
	45426	:	9a8;
	45427	:	897;
	45428	:	897;
	45429	:	796;
	45430	:	796;
	45431	:	795;
	45432	:	785;
	45433	:	685;
	45434	:	685;
	45435	:	684;
	45436	:	684;
	45437	:	684;
	45438	:	684;
	45439	:	684;
	45440	:	684;
	45441	:	684;
	45442	:	584;
	45443	:	584;
	45444	:	684;
	45445	:	684;
	45446	:	684;
	45447	:	694;
	45448	:	684;
	45449	:	694;
	45450	:	694;
	45451	:	694;
	45452	:	694;
	45453	:	694;
	45454	:	694;
	45455	:	795;
	45456	:	795;
	45457	:	794;
	45458	:	795;
	45459	:	795;
	45460	:	795;
	45461	:	795;
	45462	:	795;
	45463	:	694;
	45464	:	694;
	45465	:	694;
	45466	:	694;
	45467	:	694;
	45468	:	694;
	45469	:	694;
	45470	:	694;
	45471	:	684;
	45472	:	694;
	45473	:	684;
	45474	:	684;
	45475	:	684;
	45476	:	684;
	45477	:	684;
	45478	:	684;
	45479	:	684;
	45480	:	684;
	45481	:	684;
	45482	:	683;
	45483	:	683;
	45484	:	583;
	45485	:	684;
	45486	:	684;
	45487	:	684;
	45488	:	684;
	45489	:	684;
	45490	:	684;
	45491	:	684;
	45492	:	684;
	45493	:	674;
	45494	:	674;
	45495	:	674;
	45496	:	686;
	45497	:	799;
	45498	:	463;
	45499	:	686;
	45500	:	455;
	45501	:	666;
	45502	:	555;
	45503	:	544;
	45504	:	955;
	45505	:	954;
	45506	:	854;
	45507	:	644;
	45508	:	633;
	45509	:	833;
	45510	:	933;
	45511	:	933;
	45512	:	933;
	45513	:	833;
	45514	:	832;
	45515	:	833;
	45516	:	833;
	45517	:	933;
	45518	:	933;
	45519	:	933;
	45520	:	833;
	45521	:	832;
	45522	:	832;
	45523	:	732;
	45524	:	732;
	45525	:	732;
	45526	:	732;
	45527	:	732;
	45528	:	722;
	45529	:	833;
	45530	:	833;
	45531	:	833;
	45532	:	943;
	45533	:	733;
	45534	:	521;
	45535	:	833;
	45536	:	733;
	45537	:	722;
	45538	:	622;
	45539	:	732;
	45540	:	722;
	45541	:	622;
	45542	:	732;
	45543	:	833;
	45544	:	732;
	45545	:	622;
	45546	:	733;
	45547	:	622;
	45548	:	633;
	45549	:	533;
	45550	:	744;
	45551	:	843;
	45552	:	733;
	45553	:	743;
	45554	:	733;
	45555	:	633;
	45556	:	643;
	45557	:	644;
	45558	:	633;
	45559	:	833;
	45560	:	832;
	45561	:	732;
	45562	:	733;
	45563	:	632;
	45564	:	632;
	45565	:	632;
	45566	:	622;
	45567	:	733;
	45568	:	564;
	45569	:	564;
	45570	:	564;
	45571	:	554;
	45572	:	654;
	45573	:	654;
	45574	:	554;
	45575	:	654;
	45576	:	554;
	45577	:	654;
	45578	:	554;
	45579	:	554;
	45580	:	654;
	45581	:	655;
	45582	:	654;
	45583	:	554;
	45584	:	655;
	45585	:	655;
	45586	:	554;
	45587	:	655;
	45588	:	654;
	45589	:	554;
	45590	:	654;
	45591	:	655;
	45592	:	655;
	45593	:	655;
	45594	:	655;
	45595	:	655;
	45596	:	654;
	45597	:	654;
	45598	:	554;
	45599	:	655;
	45600	:	554;
	45601	:	554;
	45602	:	554;
	45603	:	554;
	45604	:	554;
	45605	:	554;
	45606	:	554;
	45607	:	554;
	45608	:	554;
	45609	:	553;
	45610	:	884;
	45611	:	994;
	45612	:	984;
	45613	:	873;
	45614	:	773;
	45615	:	773;
	45616	:	663;
	45617	:	663;
	45618	:	674;
	45619	:	553;
	45620	:	453;
	45621	:	453;
	45622	:	342;
	45623	:	343;
	45624	:	343;
	45625	:	343;
	45626	:	342;
	45627	:	453;
	45628	:	342;
	45629	:	332;
	45630	:	332;
	45631	:	342;
	45632	:	443;
	45633	:	342;
	45634	:	343;
	45635	:	343;
	45636	:	553;
	45637	:	663;
	45638	:	763;
	45639	:	773;
	45640	:	982;
	45641	:	b91;
	45642	:	ca1;
	45643	:	da1;
	45644	:	eb1;
	45645	:	eb1;
	45646	:	eb1;
	45647	:	eb0;
	45648	:	ea0;
	45649	:	eb0;
	45650	:	eb0;
	45651	:	fb1;
	45652	:	fc1;
	45653	:	fc0;
	45654	:	fc0;
	45655	:	fc0;
	45656	:	fc0;
	45657	:	fc1;
	45658	:	fc1;
	45659	:	eb0;
	45660	:	db2;
	45661	:	ba5;
	45662	:	bb7;
	45663	:	ba6;
	45664	:	aa7;
	45665	:	787;
	45666	:	688;
	45667	:	688;
	45668	:	699;
	45669	:	699;
	45670	:	69a;
	45671	:	699;
	45672	:	6aa;
	45673	:	7bc;
	45674	:	9aa;
	45675	:	ccc;
	45676	:	bba;
	45677	:	bba;
	45678	:	ab9;
	45679	:	ab9;
	45680	:	9a8;
	45681	:	9a8;
	45682	:	897;
	45683	:	896;
	45684	:	796;
	45685	:	795;
	45686	:	785;
	45687	:	685;
	45688	:	685;
	45689	:	684;
	45690	:	684;
	45691	:	684;
	45692	:	684;
	45693	:	684;
	45694	:	684;
	45695	:	684;
	45696	:	584;
	45697	:	684;
	45698	:	584;
	45699	:	584;
	45700	:	684;
	45701	:	684;
	45702	:	684;
	45703	:	684;
	45704	:	684;
	45705	:	694;
	45706	:	694;
	45707	:	694;
	45708	:	694;
	45709	:	795;
	45710	:	795;
	45711	:	795;
	45712	:	795;
	45713	:	795;
	45714	:	795;
	45715	:	795;
	45716	:	795;
	45717	:	795;
	45718	:	795;
	45719	:	694;
	45720	:	694;
	45721	:	694;
	45722	:	694;
	45723	:	694;
	45724	:	694;
	45725	:	694;
	45726	:	694;
	45727	:	694;
	45728	:	694;
	45729	:	684;
	45730	:	684;
	45731	:	684;
	45732	:	694;
	45733	:	684;
	45734	:	684;
	45735	:	684;
	45736	:	684;
	45737	:	683;
	45738	:	683;
	45739	:	684;
	45740	:	684;
	45741	:	684;
	45742	:	684;
	45743	:	684;
	45744	:	684;
	45745	:	684;
	45746	:	684;
	45747	:	684;
	45748	:	684;
	45749	:	674;
	45750	:	674;
	45751	:	674;
	45752	:	686;
	45753	:	799;
	45754	:	463;
	45755	:	687;
	45756	:	466;
	45757	:	689;
	45758	:	577;
	45759	:	555;
	45760	:	955;
	45761	:	965;
	45762	:	754;
	45763	:	643;
	45764	:	643;
	45765	:	833;
	45766	:	943;
	45767	:	933;
	45768	:	933;
	45769	:	833;
	45770	:	833;
	45771	:	832;
	45772	:	832;
	45773	:	933;
	45774	:	933;
	45775	:	832;
	45776	:	933;
	45777	:	833;
	45778	:	833;
	45779	:	732;
	45780	:	732;
	45781	:	722;
	45782	:	732;
	45783	:	732;
	45784	:	722;
	45785	:	833;
	45786	:	833;
	45787	:	933;
	45788	:	933;
	45789	:	732;
	45790	:	521;
	45791	:	832;
	45792	:	733;
	45793	:	622;
	45794	:	622;
	45795	:	622;
	45796	:	722;
	45797	:	722;
	45798	:	722;
	45799	:	832;
	45800	:	832;
	45801	:	722;
	45802	:	622;
	45803	:	744;
	45804	:	643;
	45805	:	533;
	45806	:	743;
	45807	:	843;
	45808	:	733;
	45809	:	833;
	45810	:	833;
	45811	:	833;
	45812	:	733;
	45813	:	744;
	45814	:	733;
	45815	:	722;
	45816	:	832;
	45817	:	732;
	45818	:	733;
	45819	:	633;
	45820	:	633;
	45821	:	633;
	45822	:	622;
	45823	:	733;
	45824	:	564;
	45825	:	564;
	45826	:	554;
	45827	:	654;
	45828	:	654;
	45829	:	554;
	45830	:	654;
	45831	:	554;
	45832	:	554;
	45833	:	554;
	45834	:	554;
	45835	:	554;
	45836	:	554;
	45837	:	554;
	45838	:	554;
	45839	:	655;
	45840	:	654;
	45841	:	655;
	45842	:	655;
	45843	:	654;
	45844	:	655;
	45845	:	655;
	45846	:	655;
	45847	:	655;
	45848	:	655;
	45849	:	554;
	45850	:	665;
	45851	:	655;
	45852	:	654;
	45853	:	655;
	45854	:	554;
	45855	:	554;
	45856	:	655;
	45857	:	554;
	45858	:	554;
	45859	:	554;
	45860	:	554;
	45861	:	554;
	45862	:	554;
	45863	:	554;
	45864	:	554;
	45865	:	554;
	45866	:	ba5;
	45867	:	a94;
	45868	:	b93;
	45869	:	b92;
	45870	:	982;
	45871	:	a83;
	45872	:	873;
	45873	:	773;
	45874	:	663;
	45875	:	563;
	45876	:	553;
	45877	:	453;
	45878	:	342;
	45879	:	332;
	45880	:	342;
	45881	:	343;
	45882	:	342;
	45883	:	342;
	45884	:	443;
	45885	:	443;
	45886	:	342;
	45887	:	453;
	45888	:	453;
	45889	:	453;
	45890	:	453;
	45891	:	553;
	45892	:	663;
	45893	:	773;
	45894	:	872;
	45895	:	a82;
	45896	:	a82;
	45897	:	c91;
	45898	:	db1;
	45899	:	db1;
	45900	:	eb1;
	45901	:	eb0;
	45902	:	ea0;
	45903	:	eb0;
	45904	:	eb0;
	45905	:	fb1;
	45906	:	fb1;
	45907	:	fc0;
	45908	:	fc0;
	45909	:	fc0;
	45910	:	fc0;
	45911	:	fd1;
	45912	:	fc1;
	45913	:	fc1;
	45914	:	fc1;
	45915	:	fc1;
	45916	:	ec2;
	45917	:	db3;
	45918	:	db5;
	45919	:	ec4;
	45920	:	cb3;
	45921	:	aa5;
	45922	:	787;
	45923	:	698;
	45924	:	698;
	45925	:	699;
	45926	:	689;
	45927	:	69a;
	45928	:	69a;
	45929	:	7ab;
	45930	:	7aa;
	45931	:	bcb;
	45932	:	bba;
	45933	:	aa9;
	45934	:	aa8;
	45935	:	9a8;
	45936	:	9a8;
	45937	:	897;
	45938	:	896;
	45939	:	796;
	45940	:	785;
	45941	:	685;
	45942	:	685;
	45943	:	684;
	45944	:	684;
	45945	:	684;
	45946	:	684;
	45947	:	684;
	45948	:	684;
	45949	:	684;
	45950	:	684;
	45951	:	684;
	45952	:	684;
	45953	:	584;
	45954	:	684;
	45955	:	584;
	45956	:	684;
	45957	:	684;
	45958	:	684;
	45959	:	694;
	45960	:	684;
	45961	:	694;
	45962	:	695;
	45963	:	694;
	45964	:	795;
	45965	:	695;
	45966	:	795;
	45967	:	695;
	45968	:	795;
	45969	:	795;
	45970	:	795;
	45971	:	795;
	45972	:	795;
	45973	:	795;
	45974	:	695;
	45975	:	694;
	45976	:	684;
	45977	:	694;
	45978	:	694;
	45979	:	694;
	45980	:	694;
	45981	:	694;
	45982	:	694;
	45983	:	694;
	45984	:	694;
	45985	:	694;
	45986	:	684;
	45987	:	684;
	45988	:	684;
	45989	:	684;
	45990	:	684;
	45991	:	684;
	45992	:	684;
	45993	:	684;
	45994	:	684;
	45995	:	683;
	45996	:	684;
	45997	:	684;
	45998	:	684;
	45999	:	684;
	46000	:	684;
	46001	:	684;
	46002	:	684;
	46003	:	684;
	46004	:	684;
	46005	:	674;
	46006	:	674;
	46007	:	674;
	46008	:	787;
	46009	:	799;
	46010	:	463;
	46011	:	687;
	46012	:	467;
	46013	:	69a;
	46014	:	578;
	46015	:	666;
	46016	:	965;
	46017	:	965;
	46018	:	754;
	46019	:	644;
	46020	:	643;
	46021	:	843;
	46022	:	833;
	46023	:	833;
	46024	:	933;
	46025	:	833;
	46026	:	833;
	46027	:	833;
	46028	:	832;
	46029	:	832;
	46030	:	933;
	46031	:	933;
	46032	:	832;
	46033	:	833;
	46034	:	833;
	46035	:	732;
	46036	:	722;
	46037	:	832;
	46038	:	832;
	46039	:	832;
	46040	:	832;
	46041	:	833;
	46042	:	933;
	46043	:	933;
	46044	:	933;
	46045	:	732;
	46046	:	521;
	46047	:	833;
	46048	:	732;
	46049	:	632;
	46050	:	521;
	46051	:	732;
	46052	:	732;
	46053	:	732;
	46054	:	722;
	46055	:	722;
	46056	:	933;
	46057	:	832;
	46058	:	733;
	46059	:	633;
	46060	:	633;
	46061	:	633;
	46062	:	632;
	46063	:	833;
	46064	:	833;
	46065	:	833;
	46066	:	833;
	46067	:	833;
	46068	:	733;
	46069	:	733;
	46070	:	733;
	46071	:	732;
	46072	:	832;
	46073	:	832;
	46074	:	732;
	46075	:	733;
	46076	:	733;
	46077	:	633;
	46078	:	622;
	46079	:	733;
	46080	:	564;
	46081	:	564;
	46082	:	564;
	46083	:	664;
	46084	:	554;
	46085	:	554;
	46086	:	654;
	46087	:	554;
	46088	:	554;
	46089	:	554;
	46090	:	554;
	46091	:	554;
	46092	:	654;
	46093	:	654;
	46094	:	554;
	46095	:	654;
	46096	:	665;
	46097	:	655;
	46098	:	655;
	46099	:	654;
	46100	:	654;
	46101	:	655;
	46102	:	655;
	46103	:	655;
	46104	:	665;
	46105	:	655;
	46106	:	655;
	46107	:	655;
	46108	:	655;
	46109	:	655;
	46110	:	554;
	46111	:	554;
	46112	:	554;
	46113	:	554;
	46114	:	554;
	46115	:	554;
	46116	:	554;
	46117	:	554;
	46118	:	554;
	46119	:	554;
	46120	:	554;
	46121	:	554;
	46122	:	cb6;
	46123	:	ca3;
	46124	:	ca1;
	46125	:	ca1;
	46126	:	ca2;
	46127	:	ca1;
	46128	:	b92;
	46129	:	a82;
	46130	:	883;
	46131	:	663;
	46132	:	663;
	46133	:	663;
	46134	:	442;
	46135	:	443;
	46136	:	342;
	46137	:	342;
	46138	:	453;
	46139	:	342;
	46140	:	443;
	46141	:	563;
	46142	:	553;
	46143	:	553;
	46144	:	563;
	46145	:	563;
	46146	:	663;
	46147	:	662;
	46148	:	873;
	46149	:	972;
	46150	:	a82;
	46151	:	b92;
	46152	:	b81;
	46153	:	da1;
	46154	:	eb1;
	46155	:	eb1;
	46156	:	eb1;
	46157	:	ea1;
	46158	:	eb0;
	46159	:	eb0;
	46160	:	eb0;
	46161	:	fb1;
	46162	:	fc1;
	46163	:	fc1;
	46164	:	fc1;
	46165	:	fc1;
	46166	:	fc1;
	46167	:	fc1;
	46168	:	fc1;
	46169	:	fc1;
	46170	:	fc1;
	46171	:	fc1;
	46172	:	fc1;
	46173	:	fc2;
	46174	:	fc2;
	46175	:	fc1;
	46176	:	eb1;
	46177	:	cb3;
	46178	:	994;
	46179	:	797;
	46180	:	798;
	46181	:	798;
	46182	:	689;
	46183	:	699;
	46184	:	69a;
	46185	:	69a;
	46186	:	7aa;
	46187	:	9ba;
	46188	:	aa9;
	46189	:	aa9;
	46190	:	9a8;
	46191	:	9a7;
	46192	:	897;
	46193	:	796;
	46194	:	796;
	46195	:	685;
	46196	:	684;
	46197	:	685;
	46198	:	684;
	46199	:	684;
	46200	:	684;
	46201	:	684;
	46202	:	684;
	46203	:	684;
	46204	:	684;
	46205	:	684;
	46206	:	684;
	46207	:	684;
	46208	:	684;
	46209	:	684;
	46210	:	684;
	46211	:	684;
	46212	:	684;
	46213	:	684;
	46214	:	684;
	46215	:	684;
	46216	:	694;
	46217	:	694;
	46218	:	694;
	46219	:	694;
	46220	:	695;
	46221	:	694;
	46222	:	795;
	46223	:	795;
	46224	:	794;
	46225	:	795;
	46226	:	795;
	46227	:	795;
	46228	:	795;
	46229	:	795;
	46230	:	795;
	46231	:	694;
	46232	:	684;
	46233	:	694;
	46234	:	694;
	46235	:	694;
	46236	:	684;
	46237	:	694;
	46238	:	694;
	46239	:	694;
	46240	:	694;
	46241	:	694;
	46242	:	694;
	46243	:	684;
	46244	:	694;
	46245	:	684;
	46246	:	684;
	46247	:	684;
	46248	:	684;
	46249	:	684;
	46250	:	684;
	46251	:	684;
	46252	:	684;
	46253	:	684;
	46254	:	684;
	46255	:	684;
	46256	:	684;
	46257	:	684;
	46258	:	684;
	46259	:	684;
	46260	:	684;
	46261	:	674;
	46262	:	674;
	46263	:	674;
	46264	:	787;
	46265	:	798;
	46266	:	464;
	46267	:	687;
	46268	:	477;
	46269	:	699;
	46270	:	678;
	46271	:	877;
	46272	:	965;
	46273	:	955;
	46274	:	754;
	46275	:	544;
	46276	:	643;
	46277	:	843;
	46278	:	833;
	46279	:	833;
	46280	:	833;
	46281	:	833;
	46282	:	933;
	46283	:	933;
	46284	:	832;
	46285	:	933;
	46286	:	933;
	46287	:	933;
	46288	:	832;
	46289	:	833;
	46290	:	833;
	46291	:	722;
	46292	:	833;
	46293	:	832;
	46294	:	832;
	46295	:	832;
	46296	:	832;
	46297	:	832;
	46298	:	933;
	46299	:	933;
	46300	:	943;
	46301	:	732;
	46302	:	722;
	46303	:	833;
	46304	:	732;
	46305	:	521;
	46306	:	732;
	46307	:	722;
	46308	:	833;
	46309	:	832;
	46310	:	832;
	46311	:	822;
	46312	:	832;
	46313	:	933;
	46314	:	733;
	46315	:	733;
	46316	:	533;
	46317	:	633;
	46318	:	632;
	46319	:	733;
	46320	:	933;
	46321	:	833;
	46322	:	833;
	46323	:	833;
	46324	:	833;
	46325	:	833;
	46326	:	833;
	46327	:	833;
	46328	:	732;
	46329	:	833;
	46330	:	732;
	46331	:	733;
	46332	:	732;
	46333	:	622;
	46334	:	632;
	46335	:	733;
	46336	:	564;
	46337	:	564;
	46338	:	564;
	46339	:	564;
	46340	:	554;
	46341	:	554;
	46342	:	554;
	46343	:	654;
	46344	:	554;
	46345	:	554;
	46346	:	654;
	46347	:	554;
	46348	:	554;
	46349	:	554;
	46350	:	554;
	46351	:	654;
	46352	:	655;
	46353	:	655;
	46354	:	655;
	46355	:	655;
	46356	:	554;
	46357	:	655;
	46358	:	665;
	46359	:	655;
	46360	:	655;
	46361	:	655;
	46362	:	655;
	46363	:	655;
	46364	:	655;
	46365	:	555;
	46366	:	555;
	46367	:	654;
	46368	:	554;
	46369	:	554;
	46370	:	554;
	46371	:	554;
	46372	:	554;
	46373	:	554;
	46374	:	554;
	46375	:	554;
	46376	:	554;
	46377	:	554;
	46378	:	dc5;
	46379	:	db2;
	46380	:	db1;
	46381	:	da0;
	46382	:	db0;
	46383	:	da0;
	46384	:	ca0;
	46385	:	ca1;
	46386	:	ca3;
	46387	:	872;
	46388	:	773;
	46389	:	763;
	46390	:	774;
	46391	:	453;
	46392	:	453;
	46393	:	453;
	46394	:	564;
	46395	:	553;
	46396	:	563;
	46397	:	664;
	46398	:	664;
	46399	:	663;
	46400	:	673;
	46401	:	663;
	46402	:	772;
	46403	:	982;
	46404	:	983;
	46405	:	b91;
	46406	:	b91;
	46407	:	ca1;
	46408	:	b91;
	46409	:	da1;
	46410	:	eb2;
	46411	:	eb1;
	46412	:	da1;
	46413	:	eb0;
	46414	:	eb1;
	46415	:	eb1;
	46416	:	eb1;
	46417	:	fc1;
	46418	:	fc1;
	46419	:	fd2;
	46420	:	fc0;
	46421	:	fc1;
	46422	:	fc1;
	46423	:	fc1;
	46424	:	fc0;
	46425	:	fc1;
	46426	:	fc1;
	46427	:	fc1;
	46428	:	fc1;
	46429	:	fc1;
	46430	:	fc0;
	46431	:	ec0;
	46432	:	eb0;
	46433	:	db1;
	46434	:	ba3;
	46435	:	9a5;
	46436	:	797;
	46437	:	698;
	46438	:	699;
	46439	:	699;
	46440	:	7aa;
	46441	:	699;
	46442	:	7ab;
	46443	:	799;
	46444	:	9a9;
	46445	:	9a8;
	46446	:	897;
	46447	:	896;
	46448	:	796;
	46449	:	785;
	46450	:	685;
	46451	:	685;
	46452	:	684;
	46453	:	684;
	46454	:	684;
	46455	:	684;
	46456	:	684;
	46457	:	694;
	46458	:	684;
	46459	:	684;
	46460	:	694;
	46461	:	684;
	46462	:	684;
	46463	:	684;
	46464	:	684;
	46465	:	684;
	46466	:	684;
	46467	:	684;
	46468	:	684;
	46469	:	684;
	46470	:	694;
	46471	:	694;
	46472	:	694;
	46473	:	795;
	46474	:	795;
	46475	:	694;
	46476	:	795;
	46477	:	694;
	46478	:	795;
	46479	:	694;
	46480	:	795;
	46481	:	795;
	46482	:	795;
	46483	:	795;
	46484	:	795;
	46485	:	795;
	46486	:	694;
	46487	:	694;
	46488	:	684;
	46489	:	694;
	46490	:	684;
	46491	:	694;
	46492	:	694;
	46493	:	684;
	46494	:	694;
	46495	:	684;
	46496	:	694;
	46497	:	694;
	46498	:	694;
	46499	:	684;
	46500	:	684;
	46501	:	694;
	46502	:	684;
	46503	:	684;
	46504	:	684;
	46505	:	684;
	46506	:	684;
	46507	:	684;
	46508	:	684;
	46509	:	684;
	46510	:	684;
	46511	:	684;
	46512	:	684;
	46513	:	684;
	46514	:	684;
	46515	:	684;
	46516	:	684;
	46517	:	674;
	46518	:	674;
	46519	:	675;
	46520	:	687;
	46521	:	799;
	46522	:	465;
	46523	:	588;
	46524	:	578;
	46525	:	69a;
	46526	:	678;
	46527	:	665;
	46528	:	954;
	46529	:	855;
	46530	:	654;
	46531	:	544;
	46532	:	544;
	46533	:	733;
	46534	:	732;
	46535	:	943;
	46536	:	933;
	46537	:	833;
	46538	:	833;
	46539	:	933;
	46540	:	832;
	46541	:	933;
	46542	:	933;
	46543	:	933;
	46544	:	832;
	46545	:	832;
	46546	:	832;
	46547	:	722;
	46548	:	833;
	46549	:	833;
	46550	:	833;
	46551	:	833;
	46552	:	833;
	46553	:	832;
	46554	:	833;
	46555	:	933;
	46556	:	944;
	46557	:	621;
	46558	:	732;
	46559	:	833;
	46560	:	732;
	46561	:	622;
	46562	:	732;
	46563	:	832;
	46564	:	833;
	46565	:	832;
	46566	:	832;
	46567	:	832;
	46568	:	822;
	46569	:	832;
	46570	:	833;
	46571	:	844;
	46572	:	633;
	46573	:	644;
	46574	:	633;
	46575	:	622;
	46576	:	833;
	46577	:	933;
	46578	:	933;
	46579	:	833;
	46580	:	833;
	46581	:	833;
	46582	:	833;
	46583	:	833;
	46584	:	833;
	46585	:	832;
	46586	:	833;
	46587	:	732;
	46588	:	622;
	46589	:	622;
	46590	:	622;
	46591	:	733;
	46592	:	564;
	46593	:	564;
	46594	:	564;
	46595	:	564;
	46596	:	554;
	46597	:	554;
	46598	:	654;
	46599	:	654;
	46600	:	554;
	46601	:	654;
	46602	:	554;
	46603	:	554;
	46604	:	554;
	46605	:	655;
	46606	:	655;
	46607	:	554;
	46608	:	655;
	46609	:	655;
	46610	:	655;
	46611	:	554;
	46612	:	655;
	46613	:	655;
	46614	:	665;
	46615	:	655;
	46616	:	655;
	46617	:	655;
	46618	:	665;
	46619	:	655;
	46620	:	655;
	46621	:	655;
	46622	:	655;
	46623	:	654;
	46624	:	554;
	46625	:	554;
	46626	:	554;
	46627	:	554;
	46628	:	554;
	46629	:	554;
	46630	:	554;
	46631	:	554;
	46632	:	554;
	46633	:	554;
	46634	:	db5;
	46635	:	db1;
	46636	:	db1;
	46637	:	db1;
	46638	:	db0;
	46639	:	db0;
	46640	:	db0;
	46641	:	db1;
	46642	:	ca2;
	46643	:	a81;
	46644	:	972;
	46645	:	873;
	46646	:	873;
	46647	:	673;
	46648	:	663;
	46649	:	664;
	46650	:	674;
	46651	:	664;
	46652	:	664;
	46653	:	774;
	46654	:	774;
	46655	:	674;
	46656	:	773;
	46657	:	873;
	46658	:	872;
	46659	:	982;
	46660	:	b93;
	46661	:	ca1;
	46662	:	c91;
	46663	:	da1;
	46664	:	da2;
	46665	:	da1;
	46666	:	eb1;
	46667	:	eb1;
	46668	:	ea1;
	46669	:	ea1;
	46670	:	eb1;
	46671	:	fb1;
	46672	:	fc1;
	46673	:	fc1;
	46674	:	fc1;
	46675	:	fc1;
	46676	:	fd1;
	46677	:	fc0;
	46678	:	fc1;
	46679	:	fc1;
	46680	:	fc1;
	46681	:	fc1;
	46682	:	fc1;
	46683	:	fb0;
	46684	:	fc0;
	46685	:	fb0;
	46686	:	fc0;
	46687	:	eb0;
	46688	:	eb0;
	46689	:	db1;
	46690	:	cb2;
	46691	:	a94;
	46692	:	896;
	46693	:	688;
	46694	:	699;
	46695	:	689;
	46696	:	699;
	46697	:	699;
	46698	:	7bb;
	46699	:	7aa;
	46700	:	8a8;
	46701	:	897;
	46702	:	796;
	46703	:	796;
	46704	:	685;
	46705	:	685;
	46706	:	684;
	46707	:	684;
	46708	:	684;
	46709	:	684;
	46710	:	684;
	46711	:	684;
	46712	:	684;
	46713	:	684;
	46714	:	684;
	46715	:	694;
	46716	:	684;
	46717	:	694;
	46718	:	694;
	46719	:	694;
	46720	:	694;
	46721	:	694;
	46722	:	684;
	46723	:	684;
	46724	:	684;
	46725	:	684;
	46726	:	694;
	46727	:	694;
	46728	:	694;
	46729	:	694;
	46730	:	795;
	46731	:	795;
	46732	:	795;
	46733	:	795;
	46734	:	795;
	46735	:	795;
	46736	:	795;
	46737	:	795;
	46738	:	795;
	46739	:	795;
	46740	:	795;
	46741	:	795;
	46742	:	694;
	46743	:	694;
	46744	:	684;
	46745	:	694;
	46746	:	694;
	46747	:	684;
	46748	:	694;
	46749	:	684;
	46750	:	684;
	46751	:	694;
	46752	:	684;
	46753	:	694;
	46754	:	694;
	46755	:	694;
	46756	:	684;
	46757	:	584;
	46758	:	684;
	46759	:	684;
	46760	:	684;
	46761	:	684;
	46762	:	684;
	46763	:	684;
	46764	:	684;
	46765	:	684;
	46766	:	684;
	46767	:	694;
	46768	:	684;
	46769	:	684;
	46770	:	684;
	46771	:	684;
	46772	:	674;
	46773	:	674;
	46774	:	674;
	46775	:	675;
	46776	:	798;
	46777	:	699;
	46778	:	466;
	46779	:	588;
	46780	:	588;
	46781	:	699;
	46782	:	577;
	46783	:	655;
	46784	:	954;
	46785	:	854;
	46786	:	654;
	46787	:	544;
	46788	:	544;
	46789	:	633;
	46790	:	732;
	46791	:	943;
	46792	:	933;
	46793	:	933;
	46794	:	933;
	46795	:	932;
	46796	:	933;
	46797	:	933;
	46798	:	933;
	46799	:	933;
	46800	:	933;
	46801	:	832;
	46802	:	833;
	46803	:	732;
	46804	:	833;
	46805	:	933;
	46806	:	933;
	46807	:	933;
	46808	:	933;
	46809	:	833;
	46810	:	832;
	46811	:	933;
	46812	:	933;
	46813	:	832;
	46814	:	832;
	46815	:	933;
	46816	:	722;
	46817	:	833;
	46818	:	833;
	46819	:	832;
	46820	:	832;
	46821	:	832;
	46822	:	832;
	46823	:	832;
	46824	:	832;
	46825	:	832;
	46826	:	833;
	46827	:	833;
	46828	:	844;
	46829	:	744;
	46830	:	733;
	46831	:	733;
	46832	:	832;
	46833	:	933;
	46834	:	933;
	46835	:	933;
	46836	:	833;
	46837	:	833;
	46838	:	833;
	46839	:	833;
	46840	:	833;
	46841	:	833;
	46842	:	832;
	46843	:	732;
	46844	:	622;
	46845	:	622;
	46846	:	622;
	46847	:	622;
	46848	:	563;
	46849	:	564;
	46850	:	564;
	46851	:	564;
	46852	:	564;
	46853	:	554;
	46854	:	654;
	46855	:	554;
	46856	:	554;
	46857	:	554;
	46858	:	554;
	46859	:	554;
	46860	:	554;
	46861	:	554;
	46862	:	654;
	46863	:	654;
	46864	:	654;
	46865	:	554;
	46866	:	665;
	46867	:	655;
	46868	:	655;
	46869	:	655;
	46870	:	664;
	46871	:	665;
	46872	:	655;
	46873	:	665;
	46874	:	655;
	46875	:	554;
	46876	:	555;
	46877	:	665;
	46878	:	554;
	46879	:	554;
	46880	:	655;
	46881	:	554;
	46882	:	554;
	46883	:	554;
	46884	:	554;
	46885	:	554;
	46886	:	554;
	46887	:	554;
	46888	:	554;
	46889	:	554;
	46890	:	cb5;
	46891	:	db2;
	46892	:	db1;
	46893	:	db0;
	46894	:	db0;
	46895	:	db0;
	46896	:	db0;
	46897	:	db1;
	46898	:	c91;
	46899	:	a80;
	46900	:	a81;
	46901	:	a82;
	46902	:	982;
	46903	:	883;
	46904	:	873;
	46905	:	774;
	46906	:	774;
	46907	:	774;
	46908	:	774;
	46909	:	874;
	46910	:	984;
	46911	:	874;
	46912	:	983;
	46913	:	983;
	46914	:	a93;
	46915	:	b92;
	46916	:	da1;
	46917	:	da1;
	46918	:	da1;
	46919	:	da1;
	46920	:	da1;
	46921	:	db1;
	46922	:	da1;
	46923	:	eb1;
	46924	:	eb1;
	46925	:	eb1;
	46926	:	eb1;
	46927	:	fc1;
	46928	:	fb0;
	46929	:	fc1;
	46930	:	fc1;
	46931	:	fd1;
	46932	:	fc0;
	46933	:	fc0;
	46934	:	fc0;
	46935	:	fb1;
	46936	:	fc1;
	46937	:	fc1;
	46938	:	fc1;
	46939	:	fb0;
	46940	:	fc0;
	46941	:	eb0;
	46942	:	eb0;
	46943	:	eb0;
	46944	:	eb0;
	46945	:	db1;
	46946	:	ba3;
	46947	:	994;
	46948	:	786;
	46949	:	689;
	46950	:	699;
	46951	:	589;
	46952	:	599;
	46953	:	599;
	46954	:	6ab;
	46955	:	7ab;
	46956	:	798;
	46957	:	796;
	46958	:	795;
	46959	:	685;
	46960	:	685;
	46961	:	684;
	46962	:	684;
	46963	:	684;
	46964	:	684;
	46965	:	684;
	46966	:	684;
	46967	:	684;
	46968	:	684;
	46969	:	684;
	46970	:	694;
	46971	:	694;
	46972	:	694;
	46973	:	694;
	46974	:	694;
	46975	:	694;
	46976	:	684;
	46977	:	684;
	46978	:	684;
	46979	:	684;
	46980	:	684;
	46981	:	684;
	46982	:	684;
	46983	:	694;
	46984	:	695;
	46985	:	694;
	46986	:	694;
	46987	:	694;
	46988	:	795;
	46989	:	795;
	46990	:	795;
	46991	:	795;
	46992	:	795;
	46993	:	795;
	46994	:	694;
	46995	:	694;
	46996	:	795;
	46997	:	795;
	46998	:	694;
	46999	:	694;
	47000	:	684;
	47001	:	694;
	47002	:	694;
	47003	:	684;
	47004	:	694;
	47005	:	694;
	47006	:	694;
	47007	:	694;
	47008	:	694;
	47009	:	694;
	47010	:	694;
	47011	:	694;
	47012	:	684;
	47013	:	684;
	47014	:	684;
	47015	:	684;
	47016	:	684;
	47017	:	684;
	47018	:	684;
	47019	:	684;
	47020	:	684;
	47021	:	694;
	47022	:	684;
	47023	:	684;
	47024	:	684;
	47025	:	684;
	47026	:	684;
	47027	:	684;
	47028	:	684;
	47029	:	674;
	47030	:	674;
	47031	:	675;
	47032	:	798;
	47033	:	699;
	47034	:	476;
	47035	:	578;
	47036	:	689;
	47037	:	79a;
	47038	:	677;
	47039	:	765;
	47040	:	954;
	47041	:	854;
	47042	:	654;
	47043	:	554;
	47044	:	544;
	47045	:	643;
	47046	:	733;
	47047	:	a44;
	47048	:	943;
	47049	:	943;
	47050	:	933;
	47051	:	933;
	47052	:	933;
	47053	:	933;
	47054	:	933;
	47055	:	933;
	47056	:	833;
	47057	:	833;
	47058	:	833;
	47059	:	833;
	47060	:	833;
	47061	:	933;
	47062	:	933;
	47063	:	833;
	47064	:	933;
	47065	:	833;
	47066	:	833;
	47067	:	833;
	47068	:	833;
	47069	:	832;
	47070	:	832;
	47071	:	933;
	47072	:	832;
	47073	:	833;
	47074	:	833;
	47075	:	833;
	47076	:	833;
	47077	:	832;
	47078	:	832;
	47079	:	832;
	47080	:	832;
	47081	:	932;
	47082	:	933;
	47083	:	933;
	47084	:	944;
	47085	:	733;
	47086	:	744;
	47087	:	733;
	47088	:	732;
	47089	:	932;
	47090	:	933;
	47091	:	933;
	47092	:	832;
	47093	:	933;
	47094	:	933;
	47095	:	933;
	47096	:	833;
	47097	:	833;
	47098	:	833;
	47099	:	722;
	47100	:	622;
	47101	:	622;
	47102	:	622;
	47103	:	622;
	47104	:	563;
	47105	:	564;
	47106	:	564;
	47107	:	564;
	47108	:	554;
	47109	:	554;
	47110	:	554;
	47111	:	554;
	47112	:	554;
	47113	:	554;
	47114	:	554;
	47115	:	554;
	47116	:	554;
	47117	:	554;
	47118	:	654;
	47119	:	654;
	47120	:	655;
	47121	:	655;
	47122	:	655;
	47123	:	654;
	47124	:	655;
	47125	:	655;
	47126	:	665;
	47127	:	655;
	47128	:	555;
	47129	:	655;
	47130	:	655;
	47131	:	655;
	47132	:	655;
	47133	:	655;
	47134	:	654;
	47135	:	554;
	47136	:	554;
	47137	:	655;
	47138	:	554;
	47139	:	554;
	47140	:	554;
	47141	:	554;
	47142	:	554;
	47143	:	554;
	47144	:	554;
	47145	:	554;
	47146	:	ba4;
	47147	:	db2;
	47148	:	db1;
	47149	:	db1;
	47150	:	db0;
	47151	:	eb1;
	47152	:	db1;
	47153	:	ca1;
	47154	:	ca1;
	47155	:	b80;
	47156	:	b90;
	47157	:	b91;
	47158	:	a92;
	47159	:	983;
	47160	:	983;
	47161	:	983;
	47162	:	983;
	47163	:	983;
	47164	:	983;
	47165	:	a83;
	47166	:	a83;
	47167	:	983;
	47168	:	a83;
	47169	:	b92;
	47170	:	ca2;
	47171	:	da2;
	47172	:	db1;
	47173	:	db1;
	47174	:	da0;
	47175	:	eb1;
	47176	:	da1;
	47177	:	eb1;
	47178	:	eb1;
	47179	:	eb1;
	47180	:	eb1;
	47181	:	eb1;
	47182	:	fb1;
	47183	:	fc1;
	47184	:	fb1;
	47185	:	fc1;
	47186	:	fc1;
	47187	:	fb0;
	47188	:	fc0;
	47189	:	fb0;
	47190	:	fc0;
	47191	:	fc0;
	47192	:	ea0;
	47193	:	fb1;
	47194	:	eb0;
	47195	:	fb1;
	47196	:	eb0;
	47197	:	fc0;
	47198	:	db0;
	47199	:	db0;
	47200	:	db1;
	47201	:	ca2;
	47202	:	ba4;
	47203	:	885;
	47204	:	797;
	47205	:	699;
	47206	:	689;
	47207	:	699;
	47208	:	588;
	47209	:	599;
	47210	:	6ab;
	47211	:	7bc;
	47212	:	799;
	47213	:	686;
	47214	:	685;
	47215	:	684;
	47216	:	584;
	47217	:	684;
	47218	:	584;
	47219	:	684;
	47220	:	684;
	47221	:	684;
	47222	:	684;
	47223	:	684;
	47224	:	694;
	47225	:	694;
	47226	:	694;
	47227	:	694;
	47228	:	694;
	47229	:	795;
	47230	:	694;
	47231	:	694;
	47232	:	694;
	47233	:	694;
	47234	:	684;
	47235	:	694;
	47236	:	684;
	47237	:	694;
	47238	:	694;
	47239	:	694;
	47240	:	694;
	47241	:	694;
	47242	:	795;
	47243	:	795;
	47244	:	795;
	47245	:	695;
	47246	:	795;
	47247	:	795;
	47248	:	795;
	47249	:	795;
	47250	:	795;
	47251	:	795;
	47252	:	694;
	47253	:	694;
	47254	:	684;
	47255	:	684;
	47256	:	694;
	47257	:	694;
	47258	:	694;
	47259	:	694;
	47260	:	684;
	47261	:	694;
	47262	:	694;
	47263	:	695;
	47264	:	694;
	47265	:	694;
	47266	:	694;
	47267	:	684;
	47268	:	684;
	47269	:	684;
	47270	:	684;
	47271	:	684;
	47272	:	684;
	47273	:	684;
	47274	:	684;
	47275	:	684;
	47276	:	684;
	47277	:	684;
	47278	:	684;
	47279	:	684;
	47280	:	684;
	47281	:	684;
	47282	:	684;
	47283	:	684;
	47284	:	684;
	47285	:	684;
	47286	:	674;
	47287	:	675;
	47288	:	798;
	47289	:	799;
	47290	:	577;
	47291	:	577;
	47292	:	689;
	47293	:	689;
	47294	:	566;
	47295	:	876;
	47296	:	943;
	47297	:	854;
	47298	:	644;
	47299	:	544;
	47300	:	544;
	47301	:	643;
	47302	:	943;
	47303	:	a43;
	47304	:	a44;
	47305	:	943;
	47306	:	933;
	47307	:	933;
	47308	:	933;
	47309	:	933;
	47310	:	933;
	47311	:	933;
	47312	:	933;
	47313	:	933;
	47314	:	833;
	47315	:	833;
	47316	:	833;
	47317	:	933;
	47318	:	833;
	47319	:	833;
	47320	:	933;
	47321	:	933;
	47322	:	833;
	47323	:	833;
	47324	:	832;
	47325	:	832;
	47326	:	822;
	47327	:	833;
	47328	:	833;
	47329	:	833;
	47330	:	833;
	47331	:	833;
	47332	:	833;
	47333	:	832;
	47334	:	832;
	47335	:	832;
	47336	:	932;
	47337	:	933;
	47338	:	933;
	47339	:	933;
	47340	:	933;
	47341	:	843;
	47342	:	844;
	47343	:	833;
	47344	:	832;
	47345	:	822;
	47346	:	933;
	47347	:	933;
	47348	:	932;
	47349	:	933;
	47350	:	933;
	47351	:	932;
	47352	:	832;
	47353	:	832;
	47354	:	832;
	47355	:	732;
	47356	:	722;
	47357	:	622;
	47358	:	622;
	47359	:	622;
	47360	:	563;
	47361	:	564;
	47362	:	564;
	47363	:	564;
	47364	:	564;
	47365	:	554;
	47366	:	554;
	47367	:	554;
	47368	:	554;
	47369	:	554;
	47370	:	554;
	47371	:	554;
	47372	:	554;
	47373	:	554;
	47374	:	554;
	47375	:	554;
	47376	:	655;
	47377	:	665;
	47378	:	655;
	47379	:	655;
	47380	:	654;
	47381	:	655;
	47382	:	655;
	47383	:	655;
	47384	:	655;
	47385	:	655;
	47386	:	655;
	47387	:	655;
	47388	:	655;
	47389	:	554;
	47390	:	554;
	47391	:	655;
	47392	:	554;
	47393	:	554;
	47394	:	554;
	47395	:	554;
	47396	:	554;
	47397	:	554;
	47398	:	554;
	47399	:	554;
	47400	:	554;
	47401	:	554;
	47402	:	984;
	47403	:	db3;
	47404	:	db2;
	47405	:	db1;
	47406	:	eb2;
	47407	:	eb2;
	47408	:	db1;
	47409	:	c90;
	47410	:	da2;
	47411	:	b90;
	47412	:	c90;
	47413	:	c91;
	47414	:	b91;
	47415	:	b92;
	47416	:	b92;
	47417	:	a82;
	47418	:	a81;
	47419	:	a82;
	47420	:	a82;
	47421	:	b92;
	47422	:	b92;
	47423	:	b92;
	47424	:	b91;
	47425	:	da1;
	47426	:	db1;
	47427	:	da0;
	47428	:	da1;
	47429	:	ea1;
	47430	:	da0;
	47431	:	da0;
	47432	:	da0;
	47433	:	da0;
	47434	:	eb1;
	47435	:	db1;
	47436	:	eb1;
	47437	:	eb1;
	47438	:	fb1;
	47439	:	fb1;
	47440	:	fc1;
	47441	:	fc1;
	47442	:	fc1;
	47443	:	fc1;
	47444	:	fb0;
	47445	:	fc0;
	47446	:	fb0;
	47447	:	fc0;
	47448	:	fc0;
	47449	:	da0;
	47450	:	eb0;
	47451	:	eb0;
	47452	:	eb0;
	47453	:	ec0;
	47454	:	eb0;
	47455	:	db0;
	47456	:	cb2;
	47457	:	ba2;
	47458	:	aa5;
	47459	:	786;
	47460	:	688;
	47461	:	69a;
	47462	:	699;
	47463	:	699;
	47464	:	589;
	47465	:	589;
	47466	:	59a;
	47467	:	6ab;
	47468	:	7aa;
	47469	:	686;
	47470	:	684;
	47471	:	584;
	47472	:	584;
	47473	:	584;
	47474	:	684;
	47475	:	684;
	47476	:	684;
	47477	:	684;
	47478	:	694;
	47479	:	694;
	47480	:	694;
	47481	:	694;
	47482	:	694;
	47483	:	694;
	47484	:	694;
	47485	:	694;
	47486	:	795;
	47487	:	795;
	47488	:	694;
	47489	:	694;
	47490	:	694;
	47491	:	694;
	47492	:	694;
	47493	:	694;
	47494	:	694;
	47495	:	694;
	47496	:	694;
	47497	:	694;
	47498	:	795;
	47499	:	795;
	47500	:	795;
	47501	:	795;
	47502	:	694;
	47503	:	795;
	47504	:	795;
	47505	:	795;
	47506	:	795;
	47507	:	795;
	47508	:	694;
	47509	:	694;
	47510	:	694;
	47511	:	694;
	47512	:	694;
	47513	:	694;
	47514	:	694;
	47515	:	694;
	47516	:	694;
	47517	:	694;
	47518	:	694;
	47519	:	694;
	47520	:	695;
	47521	:	684;
	47522	:	694;
	47523	:	684;
	47524	:	684;
	47525	:	684;
	47526	:	684;
	47527	:	684;
	47528	:	684;
	47529	:	684;
	47530	:	684;
	47531	:	684;
	47532	:	694;
	47533	:	684;
	47534	:	684;
	47535	:	684;
	47536	:	684;
	47537	:	684;
	47538	:	684;
	47539	:	684;
	47540	:	684;
	47541	:	674;
	47542	:	674;
	47543	:	685;
	47544	:	798;
	47545	:	699;
	47546	:	588;
	47547	:	577;
	47548	:	689;
	47549	:	689;
	47550	:	667;
	47551	:	766;
	47552	:	943;
	47553	:	743;
	47554	:	644;
	47555	:	544;
	47556	:	544;
	47557	:	633;
	47558	:	943;
	47559	:	943;
	47560	:	943;
	47561	:	a44;
	47562	:	943;
	47563	:	943;
	47564	:	933;
	47565	:	943;
	47566	:	943;
	47567	:	933;
	47568	:	833;
	47569	:	833;
	47570	:	833;
	47571	:	833;
	47572	:	832;
	47573	:	832;
	47574	:	833;
	47575	:	933;
	47576	:	933;
	47577	:	933;
	47578	:	833;
	47579	:	833;
	47580	:	933;
	47581	:	932;
	47582	:	832;
	47583	:	722;
	47584	:	832;
	47585	:	932;
	47586	:	933;
	47587	:	932;
	47588	:	933;
	47589	:	832;
	47590	:	832;
	47591	:	832;
	47592	:	933;
	47593	:	932;
	47594	:	933;
	47595	:	933;
	47596	:	933;
	47597	:	933;
	47598	:	844;
	47599	:	843;
	47600	:	833;
	47601	:	832;
	47602	:	932;
	47603	:	933;
	47604	:	932;
	47605	:	933;
	47606	:	932;
	47607	:	932;
	47608	:	832;
	47609	:	832;
	47610	:	832;
	47611	:	832;
	47612	:	722;
	47613	:	622;
	47614	:	622;
	47615	:	522;
	47616	:	573;
	47617	:	564;
	47618	:	564;
	47619	:	564;
	47620	:	564;
	47621	:	554;
	47622	:	554;
	47623	:	554;
	47624	:	554;
	47625	:	554;
	47626	:	554;
	47627	:	554;
	47628	:	554;
	47629	:	554;
	47630	:	654;
	47631	:	655;
	47632	:	655;
	47633	:	655;
	47634	:	665;
	47635	:	654;
	47636	:	655;
	47637	:	655;
	47638	:	655;
	47639	:	665;
	47640	:	655;
	47641	:	655;
	47642	:	554;
	47643	:	655;
	47644	:	655;
	47645	:	655;
	47646	:	554;
	47647	:	554;
	47648	:	554;
	47649	:	554;
	47650	:	554;
	47651	:	554;
	47652	:	554;
	47653	:	554;
	47654	:	554;
	47655	:	554;
	47656	:	554;
	47657	:	554;
	47658	:	652;
	47659	:	cb5;
	47660	:	db2;
	47661	:	db2;
	47662	:	eb2;
	47663	:	db2;
	47664	:	db1;
	47665	:	ca1;
	47666	:	c91;
	47667	:	c90;
	47668	:	c90;
	47669	:	c90;
	47670	:	c90;
	47671	:	b91;
	47672	:	c91;
	47673	:	b91;
	47674	:	b91;
	47675	:	b91;
	47676	:	b91;
	47677	:	c91;
	47678	:	c91;
	47679	:	ca1;
	47680	:	da1;
	47681	:	da1;
	47682	:	da1;
	47683	:	da0;
	47684	:	da0;
	47685	:	da0;
	47686	:	da0;
	47687	:	da0;
	47688	:	da1;
	47689	:	eb1;
	47690	:	eb1;
	47691	:	db0;
	47692	:	eb0;
	47693	:	eb0;
	47694	:	eb1;
	47695	:	fc2;
	47696	:	fc1;
	47697	:	fc1;
	47698	:	fc1;
	47699	:	fc1;
	47700	:	fb0;
	47701	:	fc0;
	47702	:	fb0;
	47703	:	fb0;
	47704	:	eb0;
	47705	:	eb0;
	47706	:	eb0;
	47707	:	eb0;
	47708	:	eb0;
	47709	:	eb0;
	47710	:	db1;
	47711	:	db1;
	47712	:	ba2;
	47713	:	ba3;
	47714	:	aa6;
	47715	:	787;
	47716	:	689;
	47717	:	6aa;
	47718	:	599;
	47719	:	699;
	47720	:	699;
	47721	:	699;
	47722	:	699;
	47723	:	69a;
	47724	:	7aa;
	47725	:	697;
	47726	:	573;
	47727	:	584;
	47728	:	583;
	47729	:	584;
	47730	:	584;
	47731	:	684;
	47732	:	684;
	47733	:	684;
	47734	:	684;
	47735	:	684;
	47736	:	694;
	47737	:	694;
	47738	:	694;
	47739	:	694;
	47740	:	794;
	47741	:	795;
	47742	:	795;
	47743	:	795;
	47744	:	794;
	47745	:	795;
	47746	:	794;
	47747	:	694;
	47748	:	694;
	47749	:	694;
	47750	:	694;
	47751	:	694;
	47752	:	694;
	47753	:	795;
	47754	:	795;
	47755	:	795;
	47756	:	795;
	47757	:	795;
	47758	:	795;
	47759	:	695;
	47760	:	795;
	47761	:	694;
	47762	:	695;
	47763	:	795;
	47764	:	795;
	47765	:	694;
	47766	:	694;
	47767	:	694;
	47768	:	695;
	47769	:	684;
	47770	:	694;
	47771	:	694;
	47772	:	694;
	47773	:	694;
	47774	:	694;
	47775	:	694;
	47776	:	694;
	47777	:	694;
	47778	:	684;
	47779	:	684;
	47780	:	684;
	47781	:	684;
	47782	:	684;
	47783	:	684;
	47784	:	684;
	47785	:	684;
	47786	:	684;
	47787	:	684;
	47788	:	694;
	47789	:	694;
	47790	:	684;
	47791	:	684;
	47792	:	684;
	47793	:	684;
	47794	:	684;
	47795	:	684;
	47796	:	684;
	47797	:	674;
	47798	:	674;
	47799	:	675;
	47800	:	798;
	47801	:	69a;
	47802	:	699;
	47803	:	477;
	47804	:	689;
	47805	:	689;
	47806	:	667;
	47807	:	754;
	47808	:	943;
	47809	:	843;
	47810	:	643;
	47811	:	543;
	47812	:	543;
	47813	:	633;
	47814	:	833;
	47815	:	943;
	47816	:	a43;
	47817	:	a43;
	47818	:	944;
	47819	:	943;
	47820	:	a43;
	47821	:	943;
	47822	:	933;
	47823	:	933;
	47824	:	832;
	47825	:	933;
	47826	:	832;
	47827	:	933;
	47828	:	932;
	47829	:	933;
	47830	:	832;
	47831	:	933;
	47832	:	933;
	47833	:	933;
	47834	:	833;
	47835	:	833;
	47836	:	932;
	47837	:	932;
	47838	:	832;
	47839	:	722;
	47840	:	932;
	47841	:	932;
	47842	:	932;
	47843	:	932;
	47844	:	932;
	47845	:	932;
	47846	:	832;
	47847	:	833;
	47848	:	933;
	47849	:	932;
	47850	:	933;
	47851	:	933;
	47852	:	933;
	47853	:	933;
	47854	:	944;
	47855	:	944;
	47856	:	933;
	47857	:	933;
	47858	:	922;
	47859	:	932;
	47860	:	932;
	47861	:	932;
	47862	:	932;
	47863	:	932;
	47864	:	932;
	47865	:	832;
	47866	:	832;
	47867	:	832;
	47868	:	722;
	47869	:	622;
	47870	:	622;
	47871	:	622;
	47872	:	573;
	47873	:	563;
	47874	:	564;
	47875	:	564;
	47876	:	564;
	47877	:	554;
	47878	:	554;
	47879	:	554;
	47880	:	554;
	47881	:	554;
	47882	:	554;
	47883	:	554;
	47884	:	554;
	47885	:	554;
	47886	:	554;
	47887	:	554;
	47888	:	655;
	47889	:	554;
	47890	:	655;
	47891	:	654;
	47892	:	665;
	47893	:	665;
	47894	:	655;
	47895	:	655;
	47896	:	665;
	47897	:	655;
	47898	:	655;
	47899	:	554;
	47900	:	655;
	47901	:	555;
	47902	:	655;
	47903	:	554;
	47904	:	554;
	47905	:	554;
	47906	:	554;
	47907	:	554;
	47908	:	554;
	47909	:	554;
	47910	:	554;
	47911	:	554;
	47912	:	554;
	47913	:	554;
	47914	:	553;
	47915	:	a94;
	47916	:	ec4;
	47917	:	eb2;
	47918	:	db1;
	47919	:	eb1;
	47920	:	da1;
	47921	:	c91;
	47922	:	c90;
	47923	:	c90;
	47924	:	ca0;
	47925	:	ca0;
	47926	:	c90;
	47927	:	ca0;
	47928	:	c90;
	47929	:	c90;
	47930	:	ca0;
	47931	:	c90;
	47932	:	c91;
	47933	:	da1;
	47934	:	da1;
	47935	:	da0;
	47936	:	da0;
	47937	:	da0;
	47938	:	da0;
	47939	:	da1;
	47940	:	da0;
	47941	:	da1;
	47942	:	eb1;
	47943	:	db1;
	47944	:	eb1;
	47945	:	eb0;
	47946	:	eb0;
	47947	:	eb1;
	47948	:	eb1;
	47949	:	eb1;
	47950	:	eb2;
	47951	:	fb1;
	47952	:	fb1;
	47953	:	fb1;
	47954	:	fc0;
	47955	:	fb0;
	47956	:	fb0;
	47957	:	eb0;
	47958	:	fb0;
	47959	:	fb1;
	47960	:	eb0;
	47961	:	fb0;
	47962	:	fb0;
	47963	:	fb0;
	47964	:	eb0;
	47965	:	db1;
	47966	:	ca1;
	47967	:	ca2;
	47968	:	ba3;
	47969	:	994;
	47970	:	996;
	47971	:	688;
	47972	:	689;
	47973	:	69a;
	47974	:	69a;
	47975	:	589;
	47976	:	69a;
	47977	:	599;
	47978	:	59a;
	47979	:	599;
	47980	:	7ab;
	47981	:	7a9;
	47982	:	584;
	47983	:	584;
	47984	:	584;
	47985	:	584;
	47986	:	584;
	47987	:	684;
	47988	:	684;
	47989	:	684;
	47990	:	684;
	47991	:	694;
	47992	:	694;
	47993	:	694;
	47994	:	794;
	47995	:	694;
	47996	:	795;
	47997	:	795;
	47998	:	795;
	47999	:	794;
	48000	:	795;
	48001	:	795;
	48002	:	694;
	48003	:	795;
	48004	:	694;
	48005	:	694;
	48006	:	694;
	48007	:	694;
	48008	:	694;
	48009	:	694;
	48010	:	795;
	48011	:	795;
	48012	:	795;
	48013	:	795;
	48014	:	694;
	48015	:	795;
	48016	:	694;
	48017	:	795;
	48018	:	795;
	48019	:	795;
	48020	:	694;
	48021	:	795;
	48022	:	694;
	48023	:	694;
	48024	:	694;
	48025	:	795;
	48026	:	694;
	48027	:	795;
	48028	:	695;
	48029	:	694;
	48030	:	694;
	48031	:	694;
	48032	:	694;
	48033	:	694;
	48034	:	694;
	48035	:	684;
	48036	:	684;
	48037	:	684;
	48038	:	684;
	48039	:	684;
	48040	:	684;
	48041	:	684;
	48042	:	694;
	48043	:	684;
	48044	:	684;
	48045	:	684;
	48046	:	684;
	48047	:	684;
	48048	:	684;
	48049	:	684;
	48050	:	684;
	48051	:	684;
	48052	:	684;
	48053	:	684;
	48054	:	674;
	48055	:	675;
	48056	:	798;
	48057	:	69a;
	48058	:	589;
	48059	:	476;
	48060	:	699;
	48061	:	688;
	48062	:	566;
	48063	:	644;
	48064	:	943;
	48065	:	732;
	48066	:	643;
	48067	:	533;
	48068	:	543;
	48069	:	632;
	48070	:	833;
	48071	:	943;
	48072	:	a43;
	48073	:	943;
	48074	:	943;
	48075	:	943;
	48076	:	943;
	48077	:	a43;
	48078	:	933;
	48079	:	933;
	48080	:	832;
	48081	:	933;
	48082	:	933;
	48083	:	933;
	48084	:	933;
	48085	:	933;
	48086	:	832;
	48087	:	833;
	48088	:	933;
	48089	:	933;
	48090	:	833;
	48091	:	933;
	48092	:	933;
	48093	:	932;
	48094	:	932;
	48095	:	822;
	48096	:	932;
	48097	:	932;
	48098	:	932;
	48099	:	932;
	48100	:	932;
	48101	:	832;
	48102	:	832;
	48103	:	832;
	48104	:	933;
	48105	:	933;
	48106	:	933;
	48107	:	933;
	48108	:	933;
	48109	:	933;
	48110	:	943;
	48111	:	944;
	48112	:	944;
	48113	:	933;
	48114	:	933;
	48115	:	932;
	48116	:	932;
	48117	:	932;
	48118	:	932;
	48119	:	932;
	48120	:	932;
	48121	:	832;
	48122	:	832;
	48123	:	832;
	48124	:	722;
	48125	:	622;
	48126	:	622;
	48127	:	622;
	48128	:	563;
	48129	:	563;
	48130	:	563;
	48131	:	564;
	48132	:	564;
	48133	:	564;
	48134	:	554;
	48135	:	554;
	48136	:	554;
	48137	:	554;
	48138	:	554;
	48139	:	554;
	48140	:	554;
	48141	:	554;
	48142	:	655;
	48143	:	655;
	48144	:	554;
	48145	:	654;
	48146	:	665;
	48147	:	665;
	48148	:	665;
	48149	:	655;
	48150	:	654;
	48151	:	655;
	48152	:	654;
	48153	:	655;
	48154	:	655;
	48155	:	655;
	48156	:	554;
	48157	:	655;
	48158	:	554;
	48159	:	554;
	48160	:	655;
	48161	:	554;
	48162	:	554;
	48163	:	554;
	48164	:	554;
	48165	:	554;
	48166	:	554;
	48167	:	554;
	48168	:	554;
	48169	:	554;
	48170	:	553;
	48171	:	984;
	48172	:	ec4;
	48173	:	eb3;
	48174	:	eb2;
	48175	:	eb2;
	48176	:	ca1;
	48177	:	c90;
	48178	:	c90;
	48179	:	da0;
	48180	:	da0;
	48181	:	da0;
	48182	:	ca0;
	48183	:	da0;
	48184	:	ca0;
	48185	:	da0;
	48186	:	da0;
	48187	:	da0;
	48188	:	da0;
	48189	:	da0;
	48190	:	da0;
	48191	:	da0;
	48192	:	da0;
	48193	:	da0;
	48194	:	da0;
	48195	:	da1;
	48196	:	da1;
	48197	:	da1;
	48198	:	eb1;
	48199	:	eb1;
	48200	:	da0;
	48201	:	eb1;
	48202	:	eb0;
	48203	:	eb1;
	48204	:	eb1;
	48205	:	eb1;
	48206	:	eb1;
	48207	:	fb1;
	48208	:	fb1;
	48209	:	fb1;
	48210	:	fb0;
	48211	:	fb0;
	48212	:	eb0;
	48213	:	fb0;
	48214	:	fb0;
	48215	:	fc0;
	48216	:	fc1;
	48217	:	fc0;
	48218	:	fc0;
	48219	:	ec0;
	48220	:	eb0;
	48221	:	db1;
	48222	:	b91;
	48223	:	ba2;
	48224	:	a94;
	48225	:	885;
	48226	:	787;
	48227	:	577;
	48228	:	699;
	48229	:	59a;
	48230	:	69a;
	48231	:	589;
	48232	:	599;
	48233	:	599;
	48234	:	699;
	48235	:	69a;
	48236	:	6ab;
	48237	:	7bb;
	48238	:	584;
	48239	:	584;
	48240	:	584;
	48241	:	584;
	48242	:	584;
	48243	:	684;
	48244	:	684;
	48245	:	684;
	48246	:	684;
	48247	:	684;
	48248	:	694;
	48249	:	694;
	48250	:	794;
	48251	:	794;
	48252	:	794;
	48253	:	795;
	48254	:	794;
	48255	:	795;
	48256	:	795;
	48257	:	795;
	48258	:	795;
	48259	:	694;
	48260	:	795;
	48261	:	795;
	48262	:	694;
	48263	:	694;
	48264	:	694;
	48265	:	795;
	48266	:	694;
	48267	:	794;
	48268	:	795;
	48269	:	795;
	48270	:	795;
	48271	:	795;
	48272	:	694;
	48273	:	695;
	48274	:	795;
	48275	:	795;
	48276	:	795;
	48277	:	795;
	48278	:	795;
	48279	:	795;
	48280	:	795;
	48281	:	795;
	48282	:	795;
	48283	:	795;
	48284	:	694;
	48285	:	694;
	48286	:	695;
	48287	:	694;
	48288	:	694;
	48289	:	694;
	48290	:	694;
	48291	:	684;
	48292	:	684;
	48293	:	694;
	48294	:	694;
	48295	:	694;
	48296	:	684;
	48297	:	684;
	48298	:	684;
	48299	:	684;
	48300	:	684;
	48301	:	694;
	48302	:	684;
	48303	:	684;
	48304	:	684;
	48305	:	684;
	48306	:	684;
	48307	:	684;
	48308	:	674;
	48309	:	675;
	48310	:	674;
	48311	:	685;
	48312	:	798;
	48313	:	69a;
	48314	:	589;
	48315	:	466;
	48316	:	69a;
	48317	:	588;
	48318	:	455;
	48319	:	543;
	48320	:	843;
	48321	:	732;
	48322	:	632;
	48323	:	633;
	48324	:	533;
	48325	:	632;
	48326	:	833;
	48327	:	943;
	48328	:	943;
	48329	:	943;
	48330	:	943;
	48331	:	943;
	48332	:	943;
	48333	:	a43;
	48334	:	933;
	48335	:	933;
	48336	:	933;
	48337	:	933;
	48338	:	933;
	48339	:	932;
	48340	:	933;
	48341	:	933;
	48342	:	822;
	48343	:	933;
	48344	:	932;
	48345	:	933;
	48346	:	933;
	48347	:	933;
	48348	:	933;
	48349	:	933;
	48350	:	832;
	48351	:	822;
	48352	:	932;
	48353	:	932;
	48354	:	932;
	48355	:	932;
	48356	:	932;
	48357	:	822;
	48358	:	832;
	48359	:	832;
	48360	:	832;
	48361	:	932;
	48362	:	933;
	48363	:	933;
	48364	:	933;
	48365	:	933;
	48366	:	a43;
	48367	:	943;
	48368	:	a44;
	48369	:	943;
	48370	:	932;
	48371	:	932;
	48372	:	932;
	48373	:	922;
	48374	:	932;
	48375	:	822;
	48376	:	822;
	48377	:	832;
	48378	:	822;
	48379	:	832;
	48380	:	722;
	48381	:	622;
	48382	:	622;
	48383	:	622;
	48384	:	573;
	48385	:	563;
	48386	:	563;
	48387	:	564;
	48388	:	564;
	48389	:	564;
	48390	:	554;
	48391	:	554;
	48392	:	554;
	48393	:	554;
	48394	:	554;
	48395	:	554;
	48396	:	554;
	48397	:	554;
	48398	:	554;
	48399	:	554;
	48400	:	655;
	48401	:	554;
	48402	:	655;
	48403	:	655;
	48404	:	654;
	48405	:	665;
	48406	:	665;
	48407	:	554;
	48408	:	665;
	48409	:	655;
	48410	:	655;
	48411	:	655;
	48412	:	554;
	48413	:	655;
	48414	:	655;
	48415	:	554;
	48416	:	554;
	48417	:	554;
	48418	:	554;
	48419	:	554;
	48420	:	554;
	48421	:	554;
	48422	:	554;
	48423	:	554;
	48424	:	554;
	48425	:	554;
	48426	:	553;
	48427	:	984;
	48428	:	ec5;
	48429	:	db3;
	48430	:	eb2;
	48431	:	eb3;
	48432	:	c90;
	48433	:	c90;
	48434	:	ca0;
	48435	:	da0;
	48436	:	ca0;
	48437	:	da0;
	48438	:	da0;
	48439	:	da0;
	48440	:	da0;
	48441	:	da0;
	48442	:	da0;
	48443	:	db0;
	48444	:	db0;
	48445	:	da0;
	48446	:	da0;
	48447	:	da0;
	48448	:	da0;
	48449	:	da1;
	48450	:	da1;
	48451	:	da1;
	48452	:	da1;
	48453	:	eb1;
	48454	:	ea1;
	48455	:	da0;
	48456	:	eb0;
	48457	:	eb0;
	48458	:	eb0;
	48459	:	eb1;
	48460	:	ec1;
	48461	:	eb1;
	48462	:	eb1;
	48463	:	eb1;
	48464	:	eb0;
	48465	:	fb1;
	48466	:	fb0;
	48467	:	fb0;
	48468	:	fb0;
	48469	:	fb0;
	48470	:	fb0;
	48471	:	fc1;
	48472	:	fc0;
	48473	:	fc0;
	48474	:	fc0;
	48475	:	eb0;
	48476	:	db1;
	48477	:	ca1;
	48478	:	ba3;
	48479	:	883;
	48480	:	885;
	48481	:	686;
	48482	:	577;
	48483	:	588;
	48484	:	589;
	48485	:	69a;
	48486	:	69a;
	48487	:	59a;
	48488	:	59a;
	48489	:	588;
	48490	:	677;
	48491	:	689;
	48492	:	59a;
	48493	:	7ab;
	48494	:	584;
	48495	:	583;
	48496	:	584;
	48497	:	584;
	48498	:	584;
	48499	:	684;
	48500	:	684;
	48501	:	684;
	48502	:	684;
	48503	:	694;
	48504	:	694;
	48505	:	794;
	48506	:	794;
	48507	:	794;
	48508	:	794;
	48509	:	794;
	48510	:	795;
	48511	:	795;
	48512	:	794;
	48513	:	795;
	48514	:	795;
	48515	:	795;
	48516	:	795;
	48517	:	795;
	48518	:	694;
	48519	:	694;
	48520	:	694;
	48521	:	694;
	48522	:	694;
	48523	:	794;
	48524	:	795;
	48525	:	795;
	48526	:	795;
	48527	:	795;
	48528	:	795;
	48529	:	795;
	48530	:	795;
	48531	:	795;
	48532	:	795;
	48533	:	795;
	48534	:	795;
	48535	:	795;
	48536	:	795;
	48537	:	795;
	48538	:	695;
	48539	:	795;
	48540	:	795;
	48541	:	694;
	48542	:	694;
	48543	:	684;
	48544	:	694;
	48545	:	694;
	48546	:	694;
	48547	:	694;
	48548	:	694;
	48549	:	684;
	48550	:	694;
	48551	:	684;
	48552	:	684;
	48553	:	694;
	48554	:	684;
	48555	:	694;
	48556	:	694;
	48557	:	684;
	48558	:	684;
	48559	:	684;
	48560	:	684;
	48561	:	684;
	48562	:	684;
	48563	:	684;
	48564	:	674;
	48565	:	685;
	48566	:	675;
	48567	:	675;
	48568	:	687;
	48569	:	699;
	48570	:	588;
	48571	:	466;
	48572	:	69a;
	48573	:	578;
	48574	:	455;
	48575	:	544;
	48576	:	943;
	48577	:	843;
	48578	:	732;
	48579	:	632;
	48580	:	632;
	48581	:	622;
	48582	:	943;
	48583	:	943;
	48584	:	a43;
	48585	:	943;
	48586	:	943;
	48587	:	943;
	48588	:	a44;
	48589	:	a43;
	48590	:	933;
	48591	:	933;
	48592	:	933;
	48593	:	a33;
	48594	:	a33;
	48595	:	933;
	48596	:	a33;
	48597	:	a33;
	48598	:	932;
	48599	:	933;
	48600	:	933;
	48601	:	933;
	48602	:	933;
	48603	:	933;
	48604	:	932;
	48605	:	933;
	48606	:	822;
	48607	:	932;
	48608	:	932;
	48609	:	932;
	48610	:	932;
	48611	:	932;
	48612	:	932;
	48613	:	932;
	48614	:	932;
	48615	:	832;
	48616	:	932;
	48617	:	932;
	48618	:	933;
	48619	:	932;
	48620	:	933;
	48621	:	933;
	48622	:	a33;
	48623	:	933;
	48624	:	a44;
	48625	:	a44;
	48626	:	a43;
	48627	:	932;
	48628	:	932;
	48629	:	932;
	48630	:	932;
	48631	:	822;
	48632	:	932;
	48633	:	832;
	48634	:	822;
	48635	:	822;
	48636	:	722;
	48637	:	722;
	48638	:	622;
	48639	:	622;
	48640	:	573;
	48641	:	563;
	48642	:	563;
	48643	:	564;
	48644	:	564;
	48645	:	564;
	48646	:	554;
	48647	:	554;
	48648	:	554;
	48649	:	554;
	48650	:	554;
	48651	:	554;
	48652	:	554;
	48653	:	554;
	48654	:	554;
	48655	:	554;
	48656	:	655;
	48657	:	554;
	48658	:	655;
	48659	:	655;
	48660	:	654;
	48661	:	665;
	48662	:	665;
	48663	:	554;
	48664	:	665;
	48665	:	655;
	48666	:	655;
	48667	:	655;
	48668	:	554;
	48669	:	655;
	48670	:	655;
	48671	:	554;
	48672	:	554;
	48673	:	554;
	48674	:	554;
	48675	:	554;
	48676	:	554;
	48677	:	554;
	48678	:	554;
	48679	:	554;
	48680	:	554;
	48681	:	554;
	48682	:	553;
	48683	:	984;
	48684	:	ec5;
	48685	:	db3;
	48686	:	eb2;
	48687	:	eb3;
	48688	:	c90;
	48689	:	c90;
	48690	:	ca0;
	48691	:	da0;
	48692	:	ca0;
	48693	:	da0;
	48694	:	da0;
	48695	:	da0;
	48696	:	da0;
	48697	:	da0;
	48698	:	da0;
	48699	:	db0;
	48700	:	db0;
	48701	:	da0;
	48702	:	da0;
	48703	:	da0;
	48704	:	da0;
	48705	:	da1;
	48706	:	da1;
	48707	:	da1;
	48708	:	da1;
	48709	:	eb1;
	48710	:	ea1;
	48711	:	da0;
	48712	:	eb0;
	48713	:	eb0;
	48714	:	eb0;
	48715	:	eb1;
	48716	:	ec1;
	48717	:	eb1;
	48718	:	eb1;
	48719	:	eb1;
	48720	:	eb0;
	48721	:	fb1;
	48722	:	fb0;
	48723	:	fb0;
	48724	:	fb0;
	48725	:	fb0;
	48726	:	fb0;
	48727	:	fc1;
	48728	:	fc0;
	48729	:	fc0;
	48730	:	fc0;
	48731	:	eb0;
	48732	:	db1;
	48733	:	ca1;
	48734	:	ba3;
	48735	:	883;
	48736	:	885;
	48737	:	686;
	48738	:	577;
	48739	:	588;
	48740	:	589;
	48741	:	69a;
	48742	:	69a;
	48743	:	59a;
	48744	:	59a;
	48745	:	588;
	48746	:	677;
	48747	:	689;
	48748	:	59a;
	48749	:	7ab;
	48750	:	584;
	48751	:	583;
	48752	:	584;
	48753	:	584;
	48754	:	584;
	48755	:	684;
	48756	:	684;
	48757	:	684;
	48758	:	684;
	48759	:	694;
	48760	:	694;
	48761	:	794;
	48762	:	794;
	48763	:	794;
	48764	:	794;
	48765	:	794;
	48766	:	795;
	48767	:	795;
	48768	:	794;
	48769	:	795;
	48770	:	795;
	48771	:	795;
	48772	:	795;
	48773	:	795;
	48774	:	694;
	48775	:	694;
	48776	:	694;
	48777	:	694;
	48778	:	694;
	48779	:	794;
	48780	:	795;
	48781	:	795;
	48782	:	795;
	48783	:	795;
	48784	:	795;
	48785	:	795;
	48786	:	795;
	48787	:	795;
	48788	:	795;
	48789	:	795;
	48790	:	795;
	48791	:	795;
	48792	:	795;
	48793	:	795;
	48794	:	695;
	48795	:	795;
	48796	:	795;
	48797	:	694;
	48798	:	694;
	48799	:	684;
	48800	:	694;
	48801	:	694;
	48802	:	694;
	48803	:	694;
	48804	:	694;
	48805	:	684;
	48806	:	694;
	48807	:	684;
	48808	:	684;
	48809	:	694;
	48810	:	684;
	48811	:	694;
	48812	:	694;
	48813	:	684;
	48814	:	684;
	48815	:	684;
	48816	:	684;
	48817	:	684;
	48818	:	684;
	48819	:	684;
	48820	:	674;
	48821	:	685;
	48822	:	675;
	48823	:	675;
	48824	:	687;
	48825	:	699;
	48826	:	588;
	48827	:	466;
	48828	:	69a;
	48829	:	578;
	48830	:	455;
	48831	:	544;
	48832	:	943;
	48833	:	843;
	48834	:	732;
	48835	:	632;
	48836	:	632;
	48837	:	622;
	48838	:	943;
	48839	:	943;
	48840	:	a43;
	48841	:	943;
	48842	:	943;
	48843	:	943;
	48844	:	a44;
	48845	:	a43;
	48846	:	933;
	48847	:	933;
	48848	:	933;
	48849	:	a33;
	48850	:	a33;
	48851	:	933;
	48852	:	a33;
	48853	:	a33;
	48854	:	932;
	48855	:	933;
	48856	:	933;
	48857	:	933;
	48858	:	933;
	48859	:	933;
	48860	:	932;
	48861	:	933;
	48862	:	822;
	48863	:	932;
	48864	:	932;
	48865	:	932;
	48866	:	932;
	48867	:	932;
	48868	:	932;
	48869	:	932;
	48870	:	932;
	48871	:	832;
	48872	:	932;
	48873	:	932;
	48874	:	933;
	48875	:	932;
	48876	:	933;
	48877	:	933;
	48878	:	a33;
	48879	:	933;
	48880	:	a44;
	48881	:	a44;
	48882	:	a43;
	48883	:	932;
	48884	:	932;
	48885	:	932;
	48886	:	932;
	48887	:	822;
	48888	:	932;
	48889	:	832;
	48890	:	822;
	48891	:	822;
	48892	:	722;
	48893	:	722;
	48894	:	622;
	48895	:	622;
	48896	:	573;
	48897	:	573;
	48898	:	563;
	48899	:	563;
	48900	:	563;
	48901	:	564;
	48902	:	564;
	48903	:	554;
	48904	:	554;
	48905	:	554;
	48906	:	554;
	48907	:	554;
	48908	:	554;
	48909	:	554;
	48910	:	655;
	48911	:	654;
	48912	:	654;
	48913	:	655;
	48914	:	655;
	48915	:	554;
	48916	:	655;
	48917	:	654;
	48918	:	555;
	48919	:	655;
	48920	:	655;
	48921	:	554;
	48922	:	655;
	48923	:	554;
	48924	:	555;
	48925	:	554;
	48926	:	554;
	48927	:	554;
	48928	:	554;
	48929	:	554;
	48930	:	554;
	48931	:	554;
	48932	:	554;
	48933	:	554;
	48934	:	554;
	48935	:	554;
	48936	:	554;
	48937	:	554;
	48938	:	553;
	48939	:	a94;
	48940	:	eb3;
	48941	:	eb3;
	48942	:	ec2;
	48943	:	db1;
	48944	:	c90;
	48945	:	ca0;
	48946	:	da0;
	48947	:	da0;
	48948	:	da0;
	48949	:	da0;
	48950	:	db0;
	48951	:	eb0;
	48952	:	eb0;
	48953	:	db0;
	48954	:	db0;
	48955	:	db0;
	48956	:	da0;
	48957	:	eb0;
	48958	:	da0;
	48959	:	da0;
	48960	:	da0;
	48961	:	da0;
	48962	:	da0;
	48963	:	da0;
	48964	:	da0;
	48965	:	da0;
	48966	:	da0;
	48967	:	db0;
	48968	:	da0;
	48969	:	da0;
	48970	:	eb1;
	48971	:	eb1;
	48972	:	eb0;
	48973	:	eb0;
	48974	:	eb0;
	48975	:	eb0;
	48976	:	eb0;
	48977	:	eb0;
	48978	:	ea0;
	48979	:	fb0;
	48980	:	fb0;
	48981	:	fb0;
	48982	:	fb0;
	48983	:	fb0;
	48984	:	fc0;
	48985	:	eb0;
	48986	:	eb0;
	48987	:	fc1;
	48988	:	b92;
	48989	:	a94;
	48990	:	885;
	48991	:	786;
	48992	:	577;
	48993	:	355;
	48994	:	587;
	48995	:	599;
	48996	:	589;
	48997	:	59a;
	48998	:	69a;
	48999	:	59a;
	49000	:	59a;
	49001	:	7aa;
	49002	:	676;
	49003	:	565;
	49004	:	677;
	49005	:	8aa;
	49006	:	7aa;
	49007	:	8aa;
	49008	:	7a9;
	49009	:	685;
	49010	:	674;
	49011	:	684;
	49012	:	684;
	49013	:	684;
	49014	:	795;
	49015	:	694;
	49016	:	795;
	49017	:	795;
	49018	:	794;
	49019	:	795;
	49020	:	795;
	49021	:	795;
	49022	:	795;
	49023	:	795;
	49024	:	795;
	49025	:	795;
	49026	:	795;
	49027	:	795;
	49028	:	794;
	49029	:	694;
	49030	:	694;
	49031	:	694;
	49032	:	694;
	49033	:	694;
	49034	:	794;
	49035	:	795;
	49036	:	795;
	49037	:	794;
	49038	:	795;
	49039	:	795;
	49040	:	795;
	49041	:	795;
	49042	:	795;
	49043	:	795;
	49044	:	795;
	49045	:	795;
	49046	:	795;
	49047	:	795;
	49048	:	795;
	49049	:	694;
	49050	:	795;
	49051	:	795;
	49052	:	795;
	49053	:	694;
	49054	:	694;
	49055	:	694;
	49056	:	694;
	49057	:	684;
	49058	:	684;
	49059	:	684;
	49060	:	694;
	49061	:	694;
	49062	:	694;
	49063	:	694;
	49064	:	684;
	49065	:	684;
	49066	:	684;
	49067	:	684;
	49068	:	684;
	49069	:	694;
	49070	:	684;
	49071	:	684;
	49072	:	684;
	49073	:	684;
	49074	:	684;
	49075	:	684;
	49076	:	684;
	49077	:	685;
	49078	:	675;
	49079	:	675;
	49080	:	686;
	49081	:	688;
	49082	:	588;
	49083	:	355;
	49084	:	689;
	49085	:	477;
	49086	:	455;
	49087	:	533;
	49088	:	954;
	49089	:	843;
	49090	:	743;
	49091	:	633;
	49092	:	633;
	49093	:	732;
	49094	:	832;
	49095	:	943;
	49096	:	a43;
	49097	:	a43;
	49098	:	933;
	49099	:	932;
	49100	:	a44;
	49101	:	a43;
	49102	:	933;
	49103	:	933;
	49104	:	933;
	49105	:	a44;
	49106	:	a33;
	49107	:	a33;
	49108	:	a33;
	49109	:	a33;
	49110	:	933;
	49111	:	a33;
	49112	:	a33;
	49113	:	933;
	49114	:	933;
	49115	:	933;
	49116	:	932;
	49117	:	932;
	49118	:	932;
	49119	:	832;
	49120	:	832;
	49121	:	932;
	49122	:	922;
	49123	:	922;
	49124	:	932;
	49125	:	932;
	49126	:	932;
	49127	:	932;
	49128	:	822;
	49129	:	932;
	49130	:	932;
	49131	:	932;
	49132	:	933;
	49133	:	933;
	49134	:	933;
	49135	:	a43;
	49136	:	933;
	49137	:	a43;
	49138	:	a43;
	49139	:	a33;
	49140	:	933;
	49141	:	932;
	49142	:	922;
	49143	:	822;
	49144	:	822;
	49145	:	832;
	49146	:	822;
	49147	:	822;
	49148	:	722;
	49149	:	722;
	49150	:	622;
	49151	:	622;
	49152	:	573;
	49153	:	573;
	49154	:	563;
	49155	:	563;
	49156	:	564;
	49157	:	564;
	49158	:	564;
	49159	:	564;
	49160	:	554;
	49161	:	554;
	49162	:	554;
	49163	:	554;
	49164	:	554;
	49165	:	554;
	49166	:	554;
	49167	:	654;
	49168	:	655;
	49169	:	655;
	49170	:	655;
	49171	:	655;
	49172	:	655;
	49173	:	655;
	49174	:	665;
	49175	:	665;
	49176	:	665;
	49177	:	655;
	49178	:	554;
	49179	:	554;
	49180	:	554;
	49181	:	554;
	49182	:	554;
	49183	:	554;
	49184	:	554;
	49185	:	554;
	49186	:	554;
	49187	:	554;
	49188	:	554;
	49189	:	554;
	49190	:	554;
	49191	:	554;
	49192	:	554;
	49193	:	554;
	49194	:	553;
	49195	:	a94;
	49196	:	eb3;
	49197	:	ec3;
	49198	:	eb2;
	49199	:	da1;
	49200	:	c90;
	49201	:	ca0;
	49202	:	da0;
	49203	:	da0;
	49204	:	db0;
	49205	:	db0;
	49206	:	eb0;
	49207	:	db0;
	49208	:	eb0;
	49209	:	eb0;
	49210	:	db0;
	49211	:	db0;
	49212	:	da0;
	49213	:	da0;
	49214	:	ea0;
	49215	:	da0;
	49216	:	da0;
	49217	:	da0;
	49218	:	da0;
	49219	:	da0;
	49220	:	da0;
	49221	:	da1;
	49222	:	da1;
	49223	:	eb1;
	49224	:	da0;
	49225	:	eb0;
	49226	:	eb0;
	49227	:	eb0;
	49228	:	eb0;
	49229	:	eb0;
	49230	:	eb0;
	49231	:	eb0;
	49232	:	eb0;
	49233	:	eb0;
	49234	:	eb0;
	49235	:	fb0;
	49236	:	fc0;
	49237	:	fb0;
	49238	:	fb0;
	49239	:	fc0;
	49240	:	fb0;
	49241	:	fc0;
	49242	:	ec0;
	49243	:	eb0;
	49244	:	fd3;
	49245	:	994;
	49246	:	675;
	49247	:	687;
	49248	:	588;
	49249	:	477;
	49250	:	355;
	49251	:	589;
	49252	:	59a;
	49253	:	59a;
	49254	:	59a;
	49255	:	599;
	49256	:	8aa;
	49257	:	565;
	49258	:	676;
	49259	:	899;
	49260	:	688;
	49261	:	689;
	49262	:	688;
	49263	:	689;
	49264	:	799;
	49265	:	788;
	49266	:	676;
	49267	:	685;
	49268	:	684;
	49269	:	694;
	49270	:	684;
	49271	:	795;
	49272	:	794;
	49273	:	795;
	49274	:	795;
	49275	:	794;
	49276	:	794;
	49277	:	795;
	49278	:	795;
	49279	:	795;
	49280	:	795;
	49281	:	795;
	49282	:	795;
	49283	:	795;
	49284	:	794;
	49285	:	694;
	49286	:	694;
	49287	:	694;
	49288	:	695;
	49289	:	795;
	49290	:	794;
	49291	:	795;
	49292	:	795;
	49293	:	794;
	49294	:	795;
	49295	:	795;
	49296	:	795;
	49297	:	795;
	49298	:	795;
	49299	:	795;
	49300	:	795;
	49301	:	795;
	49302	:	795;
	49303	:	795;
	49304	:	795;
	49305	:	795;
	49306	:	795;
	49307	:	795;
	49308	:	795;
	49309	:	795;
	49310	:	694;
	49311	:	694;
	49312	:	694;
	49313	:	694;
	49314	:	694;
	49315	:	694;
	49316	:	684;
	49317	:	694;
	49318	:	694;
	49319	:	694;
	49320	:	694;
	49321	:	684;
	49322	:	684;
	49323	:	694;
	49324	:	694;
	49325	:	684;
	49326	:	684;
	49327	:	684;
	49328	:	684;
	49329	:	684;
	49330	:	684;
	49331	:	684;
	49332	:	684;
	49333	:	675;
	49334	:	675;
	49335	:	674;
	49336	:	675;
	49337	:	688;
	49338	:	578;
	49339	:	354;
	49340	:	699;
	49341	:	477;
	49342	:	444;
	49343	:	432;
	49344	:	a54;
	49345	:	854;
	49346	:	743;
	49347	:	643;
	49348	:	632;
	49349	:	632;
	49350	:	732;
	49351	:	a43;
	49352	:	933;
	49353	:	943;
	49354	:	933;
	49355	:	932;
	49356	:	a44;
	49357	:	a33;
	49358	:	933;
	49359	:	933;
	49360	:	933;
	49361	:	a33;
	49362	:	a33;
	49363	:	a33;
	49364	:	a33;
	49365	:	a33;
	49366	:	a33;
	49367	:	a33;
	49368	:	a33;
	49369	:	a33;
	49370	:	933;
	49371	:	933;
	49372	:	932;
	49373	:	932;
	49374	:	932;
	49375	:	832;
	49376	:	832;
	49377	:	932;
	49378	:	932;
	49379	:	932;
	49380	:	932;
	49381	:	932;
	49382	:	932;
	49383	:	932;
	49384	:	822;
	49385	:	933;
	49386	:	932;
	49387	:	933;
	49388	:	933;
	49389	:	933;
	49390	:	933;
	49391	:	a43;
	49392	:	933;
	49393	:	a43;
	49394	:	a33;
	49395	:	933;
	49396	:	933;
	49397	:	932;
	49398	:	933;
	49399	:	932;
	49400	:	822;
	49401	:	832;
	49402	:	832;
	49403	:	832;
	49404	:	722;
	49405	:	722;
	49406	:	722;
	49407	:	622;
	49408	:	573;
	49409	:	573;
	49410	:	573;
	49411	:	563;
	49412	:	563;
	49413	:	564;
	49414	:	564;
	49415	:	564;
	49416	:	554;
	49417	:	554;
	49418	:	554;
	49419	:	554;
	49420	:	554;
	49421	:	554;
	49422	:	655;
	49423	:	655;
	49424	:	655;
	49425	:	655;
	49426	:	655;
	49427	:	655;
	49428	:	654;
	49429	:	664;
	49430	:	554;
	49431	:	655;
	49432	:	555;
	49433	:	665;
	49434	:	555;
	49435	:	555;
	49436	:	554;
	49437	:	554;
	49438	:	554;
	49439	:	554;
	49440	:	554;
	49441	:	554;
	49442	:	554;
	49443	:	554;
	49444	:	554;
	49445	:	554;
	49446	:	554;
	49447	:	554;
	49448	:	554;
	49449	:	554;
	49450	:	553;
	49451	:	b94;
	49452	:	db2;
	49453	:	eb2;
	49454	:	eb2;
	49455	:	ca1;
	49456	:	c90;
	49457	:	da0;
	49458	:	da0;
	49459	:	da0;
	49460	:	da0;
	49461	:	da0;
	49462	:	eb0;
	49463	:	db0;
	49464	:	eb0;
	49465	:	da0;
	49466	:	eb0;
	49467	:	eb0;
	49468	:	eb0;
	49469	:	ea0;
	49470	:	ea0;
	49471	:	da0;
	49472	:	da0;
	49473	:	da0;
	49474	:	da0;
	49475	:	da0;
	49476	:	eb1;
	49477	:	eb2;
	49478	:	db1;
	49479	:	eb1;
	49480	:	eb1;
	49481	:	eb0;
	49482	:	eb1;
	49483	:	eb0;
	49484	:	eb0;
	49485	:	eb0;
	49486	:	eb0;
	49487	:	eb0;
	49488	:	eb0;
	49489	:	fb0;
	49490	:	fc1;
	49491	:	fc0;
	49492	:	fc0;
	49493	:	fc0;
	49494	:	fc0;
	49495	:	fb0;
	49496	:	fc0;
	49497	:	fc0;
	49498	:	fc1;
	49499	:	fc2;
	49500	:	ec1;
	49501	:	dc3;
	49502	:	aa5;
	49503	:	676;
	49504	:	588;
	49505	:	588;
	49506	:	466;
	49507	:	466;
	49508	:	589;
	49509	:	599;
	49510	:	599;
	49511	:	7a9;
	49512	:	465;
	49513	:	9bb;
	49514	:	799;
	49515	:	688;
	49516	:	577;
	49517	:	799;
	49518	:	466;
	49519	:	577;
	49520	:	577;
	49521	:	799;
	49522	:	788;
	49523	:	676;
	49524	:	796;
	49525	:	685;
	49526	:	795;
	49527	:	795;
	49528	:	795;
	49529	:	794;
	49530	:	794;
	49531	:	795;
	49532	:	795;
	49533	:	795;
	49534	:	795;
	49535	:	795;
	49536	:	795;
	49537	:	795;
	49538	:	795;
	49539	:	794;
	49540	:	794;
	49541	:	694;
	49542	:	694;
	49543	:	694;
	49544	:	694;
	49545	:	795;
	49546	:	794;
	49547	:	794;
	49548	:	794;
	49549	:	795;
	49550	:	795;
	49551	:	795;
	49552	:	795;
	49553	:	795;
	49554	:	795;
	49555	:	795;
	49556	:	795;
	49557	:	795;
	49558	:	795;
	49559	:	795;
	49560	:	795;
	49561	:	795;
	49562	:	795;
	49563	:	795;
	49564	:	795;
	49565	:	694;
	49566	:	695;
	49567	:	694;
	49568	:	694;
	49569	:	694;
	49570	:	694;
	49571	:	694;
	49572	:	694;
	49573	:	694;
	49574	:	694;
	49575	:	694;
	49576	:	684;
	49577	:	684;
	49578	:	684;
	49579	:	694;
	49580	:	694;
	49581	:	684;
	49582	:	684;
	49583	:	684;
	49584	:	684;
	49585	:	684;
	49586	:	684;
	49587	:	684;
	49588	:	675;
	49589	:	675;
	49590	:	675;
	49591	:	675;
	49592	:	676;
	49593	:	699;
	49594	:	578;
	49595	:	354;
	49596	:	69a;
	49597	:	467;
	49598	:	444;
	49599	:	422;
	49600	:	a54;
	49601	:	854;
	49602	:	754;
	49603	:	744;
	49604	:	633;
	49605	:	632;
	49606	:	732;
	49607	:	a44;
	49608	:	933;
	49609	:	943;
	49610	:	933;
	49611	:	933;
	49612	:	a43;
	49613	:	a43;
	49614	:	933;
	49615	:	933;
	49616	:	933;
	49617	:	a33;
	49618	:	a33;
	49619	:	a33;
	49620	:	a33;
	49621	:	a33;
	49622	:	933;
	49623	:	933;
	49624	:	a33;
	49625	:	a33;
	49626	:	933;
	49627	:	933;
	49628	:	932;
	49629	:	932;
	49630	:	932;
	49631	:	832;
	49632	:	832;
	49633	:	932;
	49634	:	932;
	49635	:	932;
	49636	:	932;
	49637	:	932;
	49638	:	932;
	49639	:	932;
	49640	:	832;
	49641	:	933;
	49642	:	933;
	49643	:	933;
	49644	:	933;
	49645	:	933;
	49646	:	933;
	49647	:	932;
	49648	:	a43;
	49649	:	a43;
	49650	:	a33;
	49651	:	932;
	49652	:	933;
	49653	:	932;
	49654	:	933;
	49655	:	832;
	49656	:	832;
	49657	:	832;
	49658	:	832;
	49659	:	832;
	49660	:	732;
	49661	:	732;
	49662	:	722;
	49663	:	622;
	49664	:	573;
	49665	:	573;
	49666	:	573;
	49667	:	563;
	49668	:	563;
	49669	:	564;
	49670	:	564;
	49671	:	564;
	49672	:	564;
	49673	:	554;
	49674	:	554;
	49675	:	554;
	49676	:	554;
	49677	:	554;
	49678	:	554;
	49679	:	665;
	49680	:	655;
	49681	:	665;
	49682	:	655;
	49683	:	665;
	49684	:	665;
	49685	:	665;
	49686	:	655;
	49687	:	655;
	49688	:	655;
	49689	:	554;
	49690	:	554;
	49691	:	554;
	49692	:	554;
	49693	:	554;
	49694	:	655;
	49695	:	554;
	49696	:	554;
	49697	:	554;
	49698	:	554;
	49699	:	554;
	49700	:	554;
	49701	:	554;
	49702	:	554;
	49703	:	554;
	49704	:	554;
	49705	:	554;
	49706	:	553;
	49707	:	b93;
	49708	:	ec2;
	49709	:	eb2;
	49710	:	da1;
	49711	:	ca0;
	49712	:	ca0;
	49713	:	da0;
	49714	:	da0;
	49715	:	da0;
	49716	:	da0;
	49717	:	eb0;
	49718	:	eb0;
	49719	:	db0;
	49720	:	eb0;
	49721	:	eb0;
	49722	:	eb0;
	49723	:	ea0;
	49724	:	da0;
	49725	:	eb0;
	49726	:	ea0;
	49727	:	da0;
	49728	:	eb0;
	49729	:	eb0;
	49730	:	db0;
	49731	:	eb1;
	49732	:	eb1;
	49733	:	eb2;
	49734	:	eb2;
	49735	:	ec2;
	49736	:	eb1;
	49737	:	eb0;
	49738	:	eb1;
	49739	:	eb1;
	49740	:	eb1;
	49741	:	eb1;
	49742	:	eb1;
	49743	:	eb0;
	49744	:	fb0;
	49745	:	fc1;
	49746	:	fc1;
	49747	:	fd1;
	49748	:	fc0;
	49749	:	fc0;
	49750	:	fc0;
	49751	:	fc0;
	49752	:	fc0;
	49753	:	fc0;
	49754	:	fd1;
	49755	:	ec2;
	49756	:	ec2;
	49757	:	ec2;
	49758	:	cb3;
	49759	:	aa6;
	49760	:	577;
	49761	:	588;
	49762	:	477;
	49763	:	365;
	49764	:	588;
	49765	:	589;
	49766	:	699;
	49767	:	79a;
	49768	:	8bc;
	49769	:	699;
	49770	:	688;
	49771	:	688;
	49772	:	799;
	49773	:	799;
	49774	:	799;
	49775	:	688;
	49776	:	677;
	49777	:	566;
	49778	:	688;
	49779	:	677;
	49780	:	565;
	49781	:	797;
	49782	:	796;
	49783	:	795;
	49784	:	795;
	49785	:	795;
	49786	:	795;
	49787	:	795;
	49788	:	795;
	49789	:	795;
	49790	:	795;
	49791	:	795;
	49792	:	795;
	49793	:	795;
	49794	:	794;
	49795	:	794;
	49796	:	694;
	49797	:	795;
	49798	:	694;
	49799	:	694;
	49800	:	694;
	49801	:	694;
	49802	:	794;
	49803	:	795;
	49804	:	794;
	49805	:	795;
	49806	:	795;
	49807	:	795;
	49808	:	794;
	49809	:	795;
	49810	:	795;
	49811	:	795;
	49812	:	795;
	49813	:	795;
	49814	:	795;
	49815	:	795;
	49816	:	795;
	49817	:	795;
	49818	:	795;
	49819	:	795;
	49820	:	795;
	49821	:	794;
	49822	:	795;
	49823	:	695;
	49824	:	694;
	49825	:	694;
	49826	:	694;
	49827	:	694;
	49828	:	694;
	49829	:	694;
	49830	:	694;
	49831	:	694;
	49832	:	684;
	49833	:	684;
	49834	:	684;
	49835	:	694;
	49836	:	684;
	49837	:	684;
	49838	:	684;
	49839	:	684;
	49840	:	684;
	49841	:	684;
	49842	:	684;
	49843	:	684;
	49844	:	674;
	49845	:	675;
	49846	:	675;
	49847	:	675;
	49848	:	675;
	49849	:	699;
	49850	:	577;
	49851	:	344;
	49852	:	69a;
	49853	:	467;
	49854	:	444;
	49855	:	422;
	49856	:	954;
	49857	:	854;
	49858	:	754;
	49859	:	754;
	49860	:	643;
	49861	:	733;
	49862	:	732;
	49863	:	944;
	49864	:	943;
	49865	:	a43;
	49866	:	933;
	49867	:	933;
	49868	:	933;
	49869	:	a43;
	49870	:	a33;
	49871	:	933;
	49872	:	933;
	49873	:	933;
	49874	:	a33;
	49875	:	933;
	49876	:	a33;
	49877	:	933;
	49878	:	922;
	49879	:	932;
	49880	:	933;
	49881	:	a33;
	49882	:	933;
	49883	:	a33;
	49884	:	932;
	49885	:	932;
	49886	:	932;
	49887	:	832;
	49888	:	832;
	49889	:	932;
	49890	:	932;
	49891	:	932;
	49892	:	932;
	49893	:	932;
	49894	:	932;
	49895	:	932;
	49896	:	933;
	49897	:	832;
	49898	:	932;
	49899	:	933;
	49900	:	933;
	49901	:	832;
	49902	:	a43;
	49903	:	933;
	49904	:	a43;
	49905	:	a33;
	49906	:	a33;
	49907	:	933;
	49908	:	933;
	49909	:	933;
	49910	:	933;
	49911	:	832;
	49912	:	832;
	49913	:	832;
	49914	:	832;
	49915	:	832;
	49916	:	722;
	49917	:	722;
	49918	:	732;
	49919	:	732;
	49920	:	573;
	49921	:	573;
	49922	:	573;
	49923	:	563;
	49924	:	563;
	49925	:	563;
	49926	:	564;
	49927	:	564;
	49928	:	564;
	49929	:	554;
	49930	:	554;
	49931	:	554;
	49932	:	554;
	49933	:	554;
	49934	:	554;
	49935	:	655;
	49936	:	654;
	49937	:	654;
	49938	:	554;
	49939	:	655;
	49940	:	655;
	49941	:	654;
	49942	:	654;
	49943	:	655;
	49944	:	665;
	49945	:	554;
	49946	:	554;
	49947	:	554;
	49948	:	554;
	49949	:	554;
	49950	:	554;
	49951	:	554;
	49952	:	554;
	49953	:	554;
	49954	:	554;
	49955	:	554;
	49956	:	554;
	49957	:	554;
	49958	:	554;
	49959	:	554;
	49960	:	554;
	49961	:	554;
	49962	:	652;
	49963	:	ca4;
	49964	:	eb2;
	49965	:	eb2;
	49966	:	da1;
	49967	:	c90;
	49968	:	da0;
	49969	:	da1;
	49970	:	db1;
	49971	:	da0;
	49972	:	db0;
	49973	:	da0;
	49974	:	db0;
	49975	:	db0;
	49976	:	da0;
	49977	:	eb0;
	49978	:	db0;
	49979	:	eb0;
	49980	:	eb0;
	49981	:	da0;
	49982	:	eb0;
	49983	:	eb0;
	49984	:	eb0;
	49985	:	eb0;
	49986	:	eb0;
	49987	:	eb1;
	49988	:	eb1;
	49989	:	eb2;
	49990	:	eb2;
	49991	:	eb1;
	49992	:	eb1;
	49993	:	eb1;
	49994	:	ec1;
	49995	:	eb1;
	49996	:	fc2;
	49997	:	eb1;
	49998	:	fc1;
	49999	:	eb1;
	50000	:	fc1;
	50001	:	fb1;
	50002	:	fc1;
	50003	:	fc0;
	50004	:	fc0;
	50005	:	fc0;
	50006	:	fc0;
	50007	:	fc0;
	50008	:	fc0;
	50009	:	fd0;
	50010	:	fc0;
	50011	:	fc1;
	50012	:	ec2;
	50013	:	db2;
	50014	:	cb2;
	50015	:	bb5;
	50016	:	687;
	50017	:	588;
	50018	:	578;
	50019	:	466;
	50020	:	365;
	50021	:	79a;
	50022	:	8ab;
	50023	:	678;
	50024	:	689;
	50025	:	688;
	50026	:	689;
	50027	:	79a;
	50028	:	699;
	50029	:	699;
	50030	:	689;
	50031	:	688;
	50032	:	688;
	50033	:	566;
	50034	:	688;
	50035	:	688;
	50036	:	677;
	50037	:	687;
	50038	:	797;
	50039	:	795;
	50040	:	795;
	50041	:	795;
	50042	:	795;
	50043	:	795;
	50044	:	795;
	50045	:	795;
	50046	:	795;
	50047	:	795;
	50048	:	795;
	50049	:	794;
	50050	:	794;
	50051	:	794;
	50052	:	694;
	50053	:	795;
	50054	:	694;
	50055	:	694;
	50056	:	694;
	50057	:	694;
	50058	:	694;
	50059	:	694;
	50060	:	795;
	50061	:	795;
	50062	:	794;
	50063	:	795;
	50064	:	795;
	50065	:	795;
	50066	:	795;
	50067	:	795;
	50068	:	795;
	50069	:	795;
	50070	:	795;
	50071	:	795;
	50072	:	795;
	50073	:	795;
	50074	:	795;
	50075	:	795;
	50076	:	795;
	50077	:	795;
	50078	:	795;
	50079	:	694;
	50080	:	694;
	50081	:	694;
	50082	:	694;
	50083	:	694;
	50084	:	694;
	50085	:	694;
	50086	:	684;
	50087	:	694;
	50088	:	684;
	50089	:	694;
	50090	:	684;
	50091	:	684;
	50092	:	684;
	50093	:	684;
	50094	:	684;
	50095	:	684;
	50096	:	684;
	50097	:	684;
	50098	:	684;
	50099	:	684;
	50100	:	674;
	50101	:	675;
	50102	:	675;
	50103	:	675;
	50104	:	676;
	50105	:	799;
	50106	:	577;
	50107	:	344;
	50108	:	699;
	50109	:	467;
	50110	:	444;
	50111	:	422;
	50112	:	943;
	50113	:	843;
	50114	:	743;
	50115	:	743;
	50116	:	743;
	50117	:	732;
	50118	:	732;
	50119	:	943;
	50120	:	a43;
	50121	:	a43;
	50122	:	a44;
	50123	:	933;
	50124	:	a44;
	50125	:	933;
	50126	:	933;
	50127	:	933;
	50128	:	933;
	50129	:	933;
	50130	:	933;
	50131	:	933;
	50132	:	a33;
	50133	:	932;
	50134	:	932;
	50135	:	932;
	50136	:	932;
	50137	:	a33;
	50138	:	933;
	50139	:	933;
	50140	:	932;
	50141	:	932;
	50142	:	932;
	50143	:	832;
	50144	:	832;
	50145	:	832;
	50146	:	932;
	50147	:	932;
	50148	:	932;
	50149	:	932;
	50150	:	932;
	50151	:	932;
	50152	:	933;
	50153	:	832;
	50154	:	933;
	50155	:	933;
	50156	:	933;
	50157	:	943;
	50158	:	a43;
	50159	:	933;
	50160	:	933;
	50161	:	933;
	50162	:	932;
	50163	:	933;
	50164	:	932;
	50165	:	932;
	50166	:	932;
	50167	:	932;
	50168	:	822;
	50169	:	832;
	50170	:	832;
	50171	:	832;
	50172	:	722;
	50173	:	722;
	50174	:	722;
	50175	:	732;
	50176	:	473;
	50177	:	573;
	50178	:	573;
	50179	:	573;
	50180	:	563;
	50181	:	563;
	50182	:	564;
	50183	:	564;
	50184	:	564;
	50185	:	564;
	50186	:	554;
	50187	:	554;
	50188	:	554;
	50189	:	655;
	50190	:	554;
	50191	:	655;
	50192	:	654;
	50193	:	654;
	50194	:	655;
	50195	:	654;
	50196	:	654;
	50197	:	554;
	50198	:	664;
	50199	:	654;
	50200	:	554;
	50201	:	655;
	50202	:	554;
	50203	:	655;
	50204	:	554;
	50205	:	554;
	50206	:	554;
	50207	:	554;
	50208	:	554;
	50209	:	554;
	50210	:	554;
	50211	:	554;
	50212	:	554;
	50213	:	554;
	50214	:	554;
	50215	:	554;
	50216	:	554;
	50217	:	554;
	50218	:	762;
	50219	:	dc4;
	50220	:	eb1;
	50221	:	db1;
	50222	:	da0;
	50223	:	da0;
	50224	:	da0;
	50225	:	db1;
	50226	:	eb1;
	50227	:	da0;
	50228	:	da0;
	50229	:	da0;
	50230	:	da0;
	50231	:	db0;
	50232	:	da0;
	50233	:	db0;
	50234	:	db0;
	50235	:	da0;
	50236	:	da0;
	50237	:	eb0;
	50238	:	eb0;
	50239	:	eb0;
	50240	:	db0;
	50241	:	eb0;
	50242	:	eb1;
	50243	:	eb1;
	50244	:	eb2;
	50245	:	eb1;
	50246	:	eb1;
	50247	:	fc1;
	50248	:	fc1;
	50249	:	fc2;
	50250	:	eb2;
	50251	:	ec2;
	50252	:	eb2;
	50253	:	eb1;
	50254	:	fc1;
	50255	:	fc1;
	50256	:	fc1;
	50257	:	fd1;
	50258	:	fc1;
	50259	:	fc0;
	50260	:	fc0;
	50261	:	fc0;
	50262	:	fc0;
	50263	:	fc0;
	50264	:	fc0;
	50265	:	fc0;
	50266	:	fc0;
	50267	:	fc1;
	50268	:	eb2;
	50269	:	db2;
	50270	:	cb3;
	50271	:	ba4;
	50272	:	896;
	50273	:	688;
	50274	:	588;
	50275	:	477;
	50276	:	467;
	50277	:	79a;
	50278	:	79a;
	50279	:	689;
	50280	:	688;
	50281	:	699;
	50282	:	799;
	50283	:	689;
	50284	:	699;
	50285	:	689;
	50286	:	689;
	50287	:	688;
	50288	:	688;
	50289	:	688;
	50290	:	688;
	50291	:	789;
	50292	:	677;
	50293	:	788;
	50294	:	677;
	50295	:	787;
	50296	:	795;
	50297	:	795;
	50298	:	795;
	50299	:	795;
	50300	:	795;
	50301	:	795;
	50302	:	795;
	50303	:	795;
	50304	:	795;
	50305	:	794;
	50306	:	795;
	50307	:	694;
	50308	:	795;
	50309	:	794;
	50310	:	694;
	50311	:	694;
	50312	:	794;
	50313	:	694;
	50314	:	694;
	50315	:	694;
	50316	:	795;
	50317	:	795;
	50318	:	795;
	50319	:	795;
	50320	:	795;
	50321	:	795;
	50322	:	795;
	50323	:	795;
	50324	:	795;
	50325	:	795;
	50326	:	795;
	50327	:	795;
	50328	:	795;
	50329	:	795;
	50330	:	795;
	50331	:	795;
	50332	:	795;
	50333	:	694;
	50334	:	795;
	50335	:	795;
	50336	:	694;
	50337	:	694;
	50338	:	695;
	50339	:	694;
	50340	:	694;
	50341	:	694;
	50342	:	684;
	50343	:	684;
	50344	:	684;
	50345	:	684;
	50346	:	684;
	50347	:	684;
	50348	:	684;
	50349	:	684;
	50350	:	684;
	50351	:	684;
	50352	:	684;
	50353	:	684;
	50354	:	674;
	50355	:	674;
	50356	:	674;
	50357	:	675;
	50358	:	675;
	50359	:	675;
	50360	:	676;
	50361	:	79a;
	50362	:	577;
	50363	:	344;
	50364	:	699;
	50365	:	466;
	50366	:	444;
	50367	:	522;
	50368	:	943;
	50369	:	843;
	50370	:	743;
	50371	:	743;
	50372	:	733;
	50373	:	732;
	50374	:	732;
	50375	:	943;
	50376	:	a33;
	50377	:	933;
	50378	:	a44;
	50379	:	a44;
	50380	:	a33;
	50381	:	933;
	50382	:	933;
	50383	:	933;
	50384	:	933;
	50385	:	a44;
	50386	:	933;
	50387	:	933;
	50388	:	932;
	50389	:	932;
	50390	:	932;
	50391	:	932;
	50392	:	932;
	50393	:	933;
	50394	:	933;
	50395	:	933;
	50396	:	932;
	50397	:	932;
	50398	:	932;
	50399	:	832;
	50400	:	832;
	50401	:	932;
	50402	:	932;
	50403	:	932;
	50404	:	932;
	50405	:	932;
	50406	:	933;
	50407	:	932;
	50408	:	933;
	50409	:	832;
	50410	:	933;
	50411	:	933;
	50412	:	933;
	50413	:	933;
	50414	:	933;
	50415	:	933;
	50416	:	933;
	50417	:	933;
	50418	:	932;
	50419	:	932;
	50420	:	932;
	50421	:	932;
	50422	:	932;
	50423	:	832;
	50424	:	832;
	50425	:	822;
	50426	:	832;
	50427	:	832;
	50428	:	722;
	50429	:	732;
	50430	:	722;
	50431	:	722;
	50432	:	472;
	50433	:	573;
	50434	:	573;
	50435	:	573;
	50436	:	563;
	50437	:	563;
	50438	:	563;
	50439	:	564;
	50440	:	564;
	50441	:	564;
	50442	:	554;
	50443	:	554;
	50444	:	554;
	50445	:	554;
	50446	:	554;
	50447	:	655;
	50448	:	554;
	50449	:	655;
	50450	:	655;
	50451	:	654;
	50452	:	654;
	50453	:	665;
	50454	:	655;
	50455	:	655;
	50456	:	655;
	50457	:	554;
	50458	:	554;
	50459	:	554;
	50460	:	554;
	50461	:	554;
	50462	:	554;
	50463	:	554;
	50464	:	555;
	50465	:	554;
	50466	:	554;
	50467	:	554;
	50468	:	554;
	50469	:	554;
	50470	:	554;
	50471	:	554;
	50472	:	554;
	50473	:	554;
	50474	:	873;
	50475	:	ec3;
	50476	:	ec1;
	50477	:	eb1;
	50478	:	db0;
	50479	:	da0;
	50480	:	da0;
	50481	:	da1;
	50482	:	eb2;
	50483	:	da0;
	50484	:	da0;
	50485	:	da0;
	50486	:	da0;
	50487	:	db0;
	50488	:	da0;
	50489	:	db0;
	50490	:	da0;
	50491	:	db0;
	50492	:	db0;
	50493	:	eb0;
	50494	:	eb0;
	50495	:	eb0;
	50496	:	db0;
	50497	:	eb0;
	50498	:	eb1;
	50499	:	eb1;
	50500	:	eb1;
	50501	:	eb1;
	50502	:	eb1;
	50503	:	eb1;
	50504	:	eb1;
	50505	:	fc2;
	50506	:	ec2;
	50507	:	eb1;
	50508	:	fc2;
	50509	:	fb1;
	50510	:	fc0;
	50511	:	fc1;
	50512	:	fc1;
	50513	:	fc1;
	50514	:	fc0;
	50515	:	fc0;
	50516	:	fc0;
	50517	:	fc0;
	50518	:	fc0;
	50519	:	fc0;
	50520	:	fc0;
	50521	:	fd1;
	50522	:	fc0;
	50523	:	ec1;
	50524	:	db2;
	50525	:	db2;
	50526	:	db3;
	50527	:	ba4;
	50528	:	9a8;
	50529	:	587;
	50530	:	578;
	50531	:	588;
	50532	:	7aa;
	50533	:	699;
	50534	:	689;
	50535	:	699;
	50536	:	689;
	50537	:	677;
	50538	:	799;
	50539	:	689;
	50540	:	689;
	50541	:	689;
	50542	:	688;
	50543	:	688;
	50544	:	699;
	50545	:	799;
	50546	:	678;
	50547	:	789;
	50548	:	688;
	50549	:	688;
	50550	:	788;
	50551	:	677;
	50552	:	686;
	50553	:	795;
	50554	:	795;
	50555	:	795;
	50556	:	795;
	50557	:	795;
	50558	:	795;
	50559	:	795;
	50560	:	795;
	50561	:	795;
	50562	:	795;
	50563	:	795;
	50564	:	794;
	50565	:	794;
	50566	:	794;
	50567	:	694;
	50568	:	694;
	50569	:	694;
	50570	:	694;
	50571	:	794;
	50572	:	794;
	50573	:	794;
	50574	:	795;
	50575	:	795;
	50576	:	795;
	50577	:	795;
	50578	:	795;
	50579	:	795;
	50580	:	795;
	50581	:	795;
	50582	:	795;
	50583	:	795;
	50584	:	795;
	50585	:	795;
	50586	:	795;
	50587	:	694;
	50588	:	795;
	50589	:	795;
	50590	:	795;
	50591	:	795;
	50592	:	694;
	50593	:	694;
	50594	:	694;
	50595	:	694;
	50596	:	694;
	50597	:	684;
	50598	:	694;
	50599	:	684;
	50600	:	684;
	50601	:	684;
	50602	:	684;
	50603	:	684;
	50604	:	684;
	50605	:	684;
	50606	:	684;
	50607	:	684;
	50608	:	684;
	50609	:	674;
	50610	:	684;
	50611	:	675;
	50612	:	675;
	50613	:	675;
	50614	:	675;
	50615	:	675;
	50616	:	676;
	50617	:	79a;
	50618	:	466;
	50619	:	344;
	50620	:	589;
	50621	:	467;
	50622	:	443;
	50623	:	522;
	50624	:	944;
	50625	:	843;
	50626	:	743;
	50627	:	743;
	50628	:	733;
	50629	:	732;
	50630	:	732;
	50631	:	944;
	50632	:	933;
	50633	:	933;
	50634	:	a44;
	50635	:	a44;
	50636	:	a43;
	50637	:	933;
	50638	:	933;
	50639	:	933;
	50640	:	933;
	50641	:	933;
	50642	:	933;
	50643	:	932;
	50644	:	932;
	50645	:	932;
	50646	:	932;
	50647	:	932;
	50648	:	932;
	50649	:	932;
	50650	:	933;
	50651	:	933;
	50652	:	932;
	50653	:	932;
	50654	:	932;
	50655	:	832;
	50656	:	832;
	50657	:	832;
	50658	:	933;
	50659	:	932;
	50660	:	932;
	50661	:	933;
	50662	:	932;
	50663	:	932;
	50664	:	932;
	50665	:	932;
	50666	:	933;
	50667	:	933;
	50668	:	933;
	50669	:	933;
	50670	:	832;
	50671	:	a33;
	50672	:	822;
	50673	:	933;
	50674	:	932;
	50675	:	932;
	50676	:	932;
	50677	:	932;
	50678	:	932;
	50679	:	832;
	50680	:	832;
	50681	:	822;
	50682	:	832;
	50683	:	832;
	50684	:	822;
	50685	:	832;
	50686	:	722;
	50687	:	722;
	50688	:	472;
	50689	:	573;
	50690	:	573;
	50691	:	573;
	50692	:	563;
	50693	:	563;
	50694	:	563;
	50695	:	564;
	50696	:	564;
	50697	:	564;
	50698	:	554;
	50699	:	554;
	50700	:	554;
	50701	:	554;
	50702	:	554;
	50703	:	655;
	50704	:	554;
	50705	:	655;
	50706	:	655;
	50707	:	654;
	50708	:	654;
	50709	:	665;
	50710	:	655;
	50711	:	655;
	50712	:	655;
	50713	:	554;
	50714	:	554;
	50715	:	554;
	50716	:	554;
	50717	:	554;
	50718	:	554;
	50719	:	554;
	50720	:	555;
	50721	:	554;
	50722	:	554;
	50723	:	554;
	50724	:	554;
	50725	:	554;
	50726	:	554;
	50727	:	554;
	50728	:	554;
	50729	:	554;
	50730	:	873;
	50731	:	ec3;
	50732	:	ec1;
	50733	:	eb1;
	50734	:	db0;
	50735	:	da0;
	50736	:	da0;
	50737	:	da1;
	50738	:	eb2;
	50739	:	da0;
	50740	:	da0;
	50741	:	da0;
	50742	:	da0;
	50743	:	db0;
	50744	:	da0;
	50745	:	db0;
	50746	:	da0;
	50747	:	db0;
	50748	:	db0;
	50749	:	eb0;
	50750	:	eb0;
	50751	:	eb0;
	50752	:	db0;
	50753	:	eb0;
	50754	:	eb1;
	50755	:	eb1;
	50756	:	eb1;
	50757	:	eb1;
	50758	:	eb1;
	50759	:	eb1;
	50760	:	eb1;
	50761	:	fc2;
	50762	:	ec2;
	50763	:	eb1;
	50764	:	fc2;
	50765	:	fb1;
	50766	:	fc0;
	50767	:	fc1;
	50768	:	fc1;
	50769	:	fc1;
	50770	:	fc0;
	50771	:	fc0;
	50772	:	fc0;
	50773	:	fc0;
	50774	:	fc0;
	50775	:	fc0;
	50776	:	fc0;
	50777	:	fd1;
	50778	:	fc0;
	50779	:	ec1;
	50780	:	db2;
	50781	:	db2;
	50782	:	db3;
	50783	:	ba4;
	50784	:	9a8;
	50785	:	587;
	50786	:	578;
	50787	:	588;
	50788	:	7aa;
	50789	:	699;
	50790	:	689;
	50791	:	699;
	50792	:	689;
	50793	:	677;
	50794	:	799;
	50795	:	689;
	50796	:	689;
	50797	:	689;
	50798	:	688;
	50799	:	688;
	50800	:	699;
	50801	:	799;
	50802	:	678;
	50803	:	789;
	50804	:	688;
	50805	:	688;
	50806	:	788;
	50807	:	677;
	50808	:	686;
	50809	:	795;
	50810	:	795;
	50811	:	795;
	50812	:	795;
	50813	:	795;
	50814	:	795;
	50815	:	795;
	50816	:	795;
	50817	:	795;
	50818	:	795;
	50819	:	795;
	50820	:	794;
	50821	:	794;
	50822	:	794;
	50823	:	694;
	50824	:	694;
	50825	:	694;
	50826	:	694;
	50827	:	794;
	50828	:	794;
	50829	:	794;
	50830	:	795;
	50831	:	795;
	50832	:	795;
	50833	:	795;
	50834	:	795;
	50835	:	795;
	50836	:	795;
	50837	:	795;
	50838	:	795;
	50839	:	795;
	50840	:	795;
	50841	:	795;
	50842	:	795;
	50843	:	694;
	50844	:	795;
	50845	:	795;
	50846	:	795;
	50847	:	795;
	50848	:	694;
	50849	:	694;
	50850	:	694;
	50851	:	694;
	50852	:	694;
	50853	:	684;
	50854	:	694;
	50855	:	684;
	50856	:	684;
	50857	:	684;
	50858	:	684;
	50859	:	684;
	50860	:	684;
	50861	:	684;
	50862	:	684;
	50863	:	684;
	50864	:	684;
	50865	:	674;
	50866	:	684;
	50867	:	675;
	50868	:	675;
	50869	:	675;
	50870	:	675;
	50871	:	675;
	50872	:	676;
	50873	:	79a;
	50874	:	466;
	50875	:	344;
	50876	:	589;
	50877	:	467;
	50878	:	443;
	50879	:	522;
	50880	:	944;
	50881	:	843;
	50882	:	743;
	50883	:	743;
	50884	:	733;
	50885	:	732;
	50886	:	732;
	50887	:	944;
	50888	:	933;
	50889	:	933;
	50890	:	a44;
	50891	:	a44;
	50892	:	a43;
	50893	:	933;
	50894	:	933;
	50895	:	933;
	50896	:	933;
	50897	:	933;
	50898	:	933;
	50899	:	932;
	50900	:	932;
	50901	:	932;
	50902	:	932;
	50903	:	932;
	50904	:	932;
	50905	:	932;
	50906	:	933;
	50907	:	933;
	50908	:	932;
	50909	:	932;
	50910	:	932;
	50911	:	832;
	50912	:	832;
	50913	:	832;
	50914	:	933;
	50915	:	932;
	50916	:	932;
	50917	:	933;
	50918	:	932;
	50919	:	932;
	50920	:	932;
	50921	:	932;
	50922	:	933;
	50923	:	933;
	50924	:	933;
	50925	:	933;
	50926	:	832;
	50927	:	a33;
	50928	:	822;
	50929	:	933;
	50930	:	932;
	50931	:	932;
	50932	:	932;
	50933	:	932;
	50934	:	932;
	50935	:	832;
	50936	:	832;
	50937	:	822;
	50938	:	832;
	50939	:	832;
	50940	:	822;
	50941	:	832;
	50942	:	722;
	50943	:	722;
	50944	:	472;
	50945	:	472;
	50946	:	473;
	50947	:	572;
	50948	:	563;
	50949	:	563;
	50950	:	563;
	50951	:	564;
	50952	:	563;
	50953	:	564;
	50954	:	564;
	50955	:	554;
	50956	:	554;
	50957	:	554;
	50958	:	655;
	50959	:	554;
	50960	:	554;
	50961	:	655;
	50962	:	655;
	50963	:	654;
	50964	:	654;
	50965	:	554;
	50966	:	655;
	50967	:	655;
	50968	:	654;
	50969	:	655;
	50970	:	655;
	50971	:	554;
	50972	:	654;
	50973	:	554;
	50974	:	554;
	50975	:	554;
	50976	:	554;
	50977	:	554;
	50978	:	554;
	50979	:	554;
	50980	:	554;
	50981	:	554;
	50982	:	554;
	50983	:	554;
	50984	:	554;
	50985	:	553;
	50986	:	db4;
	50987	:	ec2;
	50988	:	ec1;
	50989	:	eb1;
	50990	:	db0;
	50991	:	db1;
	50992	:	db0;
	50993	:	db0;
	50994	:	eb1;
	50995	:	db0;
	50996	:	da0;
	50997	:	da0;
	50998	:	da0;
	50999	:	da0;
	51000	:	da0;
	51001	:	da0;
	51002	:	da0;
	51003	:	da0;
	51004	:	da0;
	51005	:	da0;
	51006	:	da0;
	51007	:	eb0;
	51008	:	da0;
	51009	:	ea0;
	51010	:	da0;
	51011	:	eb0;
	51012	:	eb0;
	51013	:	eb0;
	51014	:	eb0;
	51015	:	eb1;
	51016	:	eb1;
	51017	:	eb1;
	51018	:	eb1;
	51019	:	eb1;
	51020	:	fb1;
	51021	:	eb0;
	51022	:	fc0;
	51023	:	fc0;
	51024	:	fc0;
	51025	:	fc0;
	51026	:	fc0;
	51027	:	fc0;
	51028	:	fc0;
	51029	:	fc0;
	51030	:	fc0;
	51031	:	fc1;
	51032	:	fc1;
	51033	:	fc0;
	51034	:	fc0;
	51035	:	fc1;
	51036	:	ec1;
	51037	:	eb2;
	51038	:	db3;
	51039	:	db2;
	51040	:	b93;
	51041	:	885;
	51042	:	776;
	51043	:	566;
	51044	:	677;
	51045	:	688;
	51046	:	699;
	51047	:	699;
	51048	:	699;
	51049	:	677;
	51050	:	676;
	51051	:	565;
	51052	:	788;
	51053	:	688;
	51054	:	688;
	51055	:	688;
	51056	:	688;
	51057	:	689;
	51058	:	588;
	51059	:	688;
	51060	:	688;
	51061	:	688;
	51062	:	688;
	51063	:	688;
	51064	:	799;
	51065	:	677;
	51066	:	686;
	51067	:	795;
	51068	:	795;
	51069	:	795;
	51070	:	794;
	51071	:	795;
	51072	:	795;
	51073	:	795;
	51074	:	794;
	51075	:	694;
	51076	:	795;
	51077	:	694;
	51078	:	694;
	51079	:	694;
	51080	:	694;
	51081	:	694;
	51082	:	794;
	51083	:	794;
	51084	:	795;
	51085	:	795;
	51086	:	795;
	51087	:	795;
	51088	:	795;
	51089	:	795;
	51090	:	795;
	51091	:	795;
	51092	:	795;
	51093	:	795;
	51094	:	795;
	51095	:	795;
	51096	:	795;
	51097	:	795;
	51098	:	795;
	51099	:	795;
	51100	:	795;
	51101	:	795;
	51102	:	795;
	51103	:	694;
	51104	:	694;
	51105	:	795;
	51106	:	694;
	51107	:	694;
	51108	:	694;
	51109	:	684;
	51110	:	684;
	51111	:	684;
	51112	:	684;
	51113	:	684;
	51114	:	684;
	51115	:	684;
	51116	:	684;
	51117	:	684;
	51118	:	684;
	51119	:	684;
	51120	:	684;
	51121	:	674;
	51122	:	674;
	51123	:	675;
	51124	:	674;
	51125	:	675;
	51126	:	675;
	51127	:	664;
	51128	:	676;
	51129	:	79a;
	51130	:	566;
	51131	:	444;
	51132	:	689;
	51133	:	466;
	51134	:	343;
	51135	:	522;
	51136	:	833;
	51137	:	733;
	51138	:	744;
	51139	:	744;
	51140	:	633;
	51141	:	632;
	51142	:	833;
	51143	:	a44;
	51144	:	933;
	51145	:	933;
	51146	:	a44;
	51147	:	a44;
	51148	:	a44;
	51149	:	933;
	51150	:	933;
	51151	:	932;
	51152	:	932;
	51153	:	932;
	51154	:	932;
	51155	:	932;
	51156	:	933;
	51157	:	933;
	51158	:	932;
	51159	:	932;
	51160	:	932;
	51161	:	932;
	51162	:	922;
	51163	:	932;
	51164	:	932;
	51165	:	932;
	51166	:	932;
	51167	:	822;
	51168	:	822;
	51169	:	832;
	51170	:	932;
	51171	:	933;
	51172	:	932;
	51173	:	932;
	51174	:	932;
	51175	:	932;
	51176	:	822;
	51177	:	932;
	51178	:	932;
	51179	:	932;
	51180	:	932;
	51181	:	932;
	51182	:	822;
	51183	:	822;
	51184	:	932;
	51185	:	832;
	51186	:	933;
	51187	:	932;
	51188	:	832;
	51189	:	932;
	51190	:	822;
	51191	:	822;
	51192	:	832;
	51193	:	832;
	51194	:	832;
	51195	:	832;
	51196	:	822;
	51197	:	832;
	51198	:	832;
	51199	:	732;
	51200	:	573;
	51201	:	472;
	51202	:	472;
	51203	:	472;
	51204	:	462;
	51205	:	563;
	51206	:	563;
	51207	:	563;
	51208	:	564;
	51209	:	564;
	51210	:	564;
	51211	:	554;
	51212	:	554;
	51213	:	554;
	51214	:	554;
	51215	:	554;
	51216	:	554;
	51217	:	655;
	51218	:	655;
	51219	:	654;
	51220	:	664;
	51221	:	554;
	51222	:	654;
	51223	:	665;
	51224	:	655;
	51225	:	554;
	51226	:	555;
	51227	:	555;
	51228	:	554;
	51229	:	554;
	51230	:	554;
	51231	:	554;
	51232	:	554;
	51233	:	554;
	51234	:	554;
	51235	:	554;
	51236	:	554;
	51237	:	554;
	51238	:	554;
	51239	:	554;
	51240	:	554;
	51241	:	653;
	51242	:	ec3;
	51243	:	eb1;
	51244	:	eb1;
	51245	:	eb1;
	51246	:	db0;
	51247	:	db0;
	51248	:	da0;
	51249	:	db0;
	51250	:	da0;
	51251	:	da0;
	51252	:	da0;
	51253	:	da0;
	51254	:	da0;
	51255	:	da0;
	51256	:	da0;
	51257	:	da0;
	51258	:	da0;
	51259	:	da0;
	51260	:	da0;
	51261	:	da0;
	51262	:	da0;
	51263	:	eb0;
	51264	:	da0;
	51265	:	eb0;
	51266	:	da0;
	51267	:	da0;
	51268	:	eb0;
	51269	:	eb0;
	51270	:	eb0;
	51271	:	eb1;
	51272	:	eb1;
	51273	:	eb1;
	51274	:	eb0;
	51275	:	eb0;
	51276	:	eb0;
	51277	:	eb0;
	51278	:	fc0;
	51279	:	fc0;
	51280	:	fc0;
	51281	:	fc0;
	51282	:	fc0;
	51283	:	fc0;
	51284	:	fc0;
	51285	:	fc1;
	51286	:	fc1;
	51287	:	fc1;
	51288	:	fc0;
	51289	:	fc0;
	51290	:	fc0;
	51291	:	ec1;
	51292	:	ec1;
	51293	:	eb1;
	51294	:	eb1;
	51295	:	db1;
	51296	:	ba3;
	51297	:	763;
	51298	:	555;
	51299	:	788;
	51300	:	566;
	51301	:	689;
	51302	:	699;
	51303	:	688;
	51304	:	689;
	51305	:	688;
	51306	:	687;
	51307	:	576;
	51308	:	689;
	51309	:	688;
	51310	:	688;
	51311	:	688;
	51312	:	688;
	51313	:	699;
	51314	:	688;
	51315	:	688;
	51316	:	677;
	51317	:	688;
	51318	:	688;
	51319	:	688;
	51320	:	688;
	51321	:	688;
	51322	:	688;
	51323	:	797;
	51324	:	795;
	51325	:	794;
	51326	:	795;
	51327	:	795;
	51328	:	795;
	51329	:	795;
	51330	:	794;
	51331	:	795;
	51332	:	794;
	51333	:	694;
	51334	:	694;
	51335	:	694;
	51336	:	694;
	51337	:	694;
	51338	:	694;
	51339	:	694;
	51340	:	694;
	51341	:	795;
	51342	:	795;
	51343	:	795;
	51344	:	795;
	51345	:	795;
	51346	:	795;
	51347	:	795;
	51348	:	795;
	51349	:	795;
	51350	:	795;
	51351	:	795;
	51352	:	795;
	51353	:	795;
	51354	:	795;
	51355	:	795;
	51356	:	795;
	51357	:	795;
	51358	:	795;
	51359	:	795;
	51360	:	694;
	51361	:	694;
	51362	:	694;
	51363	:	694;
	51364	:	684;
	51365	:	684;
	51366	:	684;
	51367	:	584;
	51368	:	684;
	51369	:	684;
	51370	:	684;
	51371	:	684;
	51372	:	684;
	51373	:	584;
	51374	:	684;
	51375	:	684;
	51376	:	684;
	51377	:	674;
	51378	:	674;
	51379	:	675;
	51380	:	674;
	51381	:	675;
	51382	:	675;
	51383	:	665;
	51384	:	676;
	51385	:	79a;
	51386	:	466;
	51387	:	444;
	51388	:	589;
	51389	:	466;
	51390	:	333;
	51391	:	522;
	51392	:	832;
	51393	:	733;
	51394	:	733;
	51395	:	633;
	51396	:	632;
	51397	:	622;
	51398	:	833;
	51399	:	943;
	51400	:	943;
	51401	:	933;
	51402	:	a44;
	51403	:	a44;
	51404	:	a44;
	51405	:	933;
	51406	:	933;
	51407	:	933;
	51408	:	932;
	51409	:	932;
	51410	:	932;
	51411	:	932;
	51412	:	932;
	51413	:	932;
	51414	:	932;
	51415	:	922;
	51416	:	932;
	51417	:	932;
	51418	:	932;
	51419	:	932;
	51420	:	932;
	51421	:	932;
	51422	:	932;
	51423	:	822;
	51424	:	822;
	51425	:	822;
	51426	:	932;
	51427	:	932;
	51428	:	932;
	51429	:	932;
	51430	:	932;
	51431	:	932;
	51432	:	822;
	51433	:	932;
	51434	:	932;
	51435	:	932;
	51436	:	932;
	51437	:	933;
	51438	:	822;
	51439	:	832;
	51440	:	932;
	51441	:	932;
	51442	:	932;
	51443	:	932;
	51444	:	932;
	51445	:	932;
	51446	:	932;
	51447	:	832;
	51448	:	832;
	51449	:	832;
	51450	:	832;
	51451	:	832;
	51452	:	832;
	51453	:	832;
	51454	:	832;
	51455	:	732;
	51456	:	472;
	51457	:	462;
	51458	:	472;
	51459	:	472;
	51460	:	473;
	51461	:	563;
	51462	:	563;
	51463	:	563;
	51464	:	563;
	51465	:	564;
	51466	:	564;
	51467	:	554;
	51468	:	554;
	51469	:	554;
	51470	:	554;
	51471	:	554;
	51472	:	655;
	51473	:	554;
	51474	:	655;
	51475	:	654;
	51476	:	554;
	51477	:	655;
	51478	:	655;
	51479	:	655;
	51480	:	655;
	51481	:	554;
	51482	:	554;
	51483	:	554;
	51484	:	554;
	51485	:	554;
	51486	:	554;
	51487	:	554;
	51488	:	554;
	51489	:	554;
	51490	:	554;
	51491	:	554;
	51492	:	554;
	51493	:	554;
	51494	:	554;
	51495	:	554;
	51496	:	554;
	51497	:	763;
	51498	:	db2;
	51499	:	ec1;
	51500	:	eb1;
	51501	:	eb1;
	51502	:	db0;
	51503	:	db0;
	51504	:	da0;
	51505	:	db0;
	51506	:	da0;
	51507	:	db0;
	51508	:	da0;
	51509	:	da0;
	51510	:	da0;
	51511	:	da0;
	51512	:	da0;
	51513	:	da0;
	51514	:	da1;
	51515	:	da0;
	51516	:	da0;
	51517	:	da0;
	51518	:	da0;
	51519	:	eb0;
	51520	:	da0;
	51521	:	da0;
	51522	:	da0;
	51523	:	da0;
	51524	:	da0;
	51525	:	eb0;
	51526	:	da0;
	51527	:	eb0;
	51528	:	eb0;
	51529	:	eb0;
	51530	:	eb0;
	51531	:	eb0;
	51532	:	eb0;
	51533	:	eb0;
	51534	:	fc0;
	51535	:	fc0;
	51536	:	fc0;
	51537	:	fc0;
	51538	:	fc0;
	51539	:	fc0;
	51540	:	fc0;
	51541	:	fd1;
	51542	:	fc1;
	51543	:	fc1;
	51544	:	fc0;
	51545	:	fc0;
	51546	:	ec0;
	51547	:	ec1;
	51548	:	eb1;
	51549	:	ec1;
	51550	:	db1;
	51551	:	db2;
	51552	:	ba5;
	51553	:	898;
	51554	:	899;
	51555	:	455;
	51556	:	688;
	51557	:	689;
	51558	:	699;
	51559	:	688;
	51560	:	688;
	51561	:	688;
	51562	:	688;
	51563	:	688;
	51564	:	688;
	51565	:	688;
	51566	:	688;
	51567	:	688;
	51568	:	688;
	51569	:	699;
	51570	:	689;
	51571	:	688;
	51572	:	688;
	51573	:	688;
	51574	:	688;
	51575	:	688;
	51576	:	688;
	51577	:	688;
	51578	:	799;
	51579	:	799;
	51580	:	7a8;
	51581	:	795;
	51582	:	794;
	51583	:	795;
	51584	:	795;
	51585	:	795;
	51586	:	794;
	51587	:	795;
	51588	:	795;
	51589	:	694;
	51590	:	694;
	51591	:	694;
	51592	:	694;
	51593	:	694;
	51594	:	694;
	51595	:	694;
	51596	:	694;
	51597	:	794;
	51598	:	795;
	51599	:	795;
	51600	:	795;
	51601	:	795;
	51602	:	795;
	51603	:	795;
	51604	:	795;
	51605	:	795;
	51606	:	795;
	51607	:	795;
	51608	:	795;
	51609	:	795;
	51610	:	795;
	51611	:	795;
	51612	:	795;
	51613	:	795;
	51614	:	795;
	51615	:	694;
	51616	:	694;
	51617	:	694;
	51618	:	694;
	51619	:	684;
	51620	:	684;
	51621	:	683;
	51622	:	584;
	51623	:	684;
	51624	:	584;
	51625	:	684;
	51626	:	684;
	51627	:	684;
	51628	:	684;
	51629	:	684;
	51630	:	674;
	51631	:	684;
	51632	:	674;
	51633	:	674;
	51634	:	674;
	51635	:	674;
	51636	:	675;
	51637	:	675;
	51638	:	664;
	51639	:	664;
	51640	:	676;
	51641	:	79a;
	51642	:	566;
	51643	:	444;
	51644	:	589;
	51645	:	466;
	51646	:	433;
	51647	:	522;
	51648	:	832;
	51649	:	732;
	51650	:	733;
	51651	:	632;
	51652	:	622;
	51653	:	622;
	51654	:	833;
	51655	:	a44;
	51656	:	933;
	51657	:	933;
	51658	:	a44;
	51659	:	a44;
	51660	:	a33;
	51661	:	933;
	51662	:	933;
	51663	:	933;
	51664	:	932;
	51665	:	932;
	51666	:	932;
	51667	:	932;
	51668	:	932;
	51669	:	932;
	51670	:	932;
	51671	:	932;
	51672	:	932;
	51673	:	932;
	51674	:	932;
	51675	:	932;
	51676	:	932;
	51677	:	932;
	51678	:	932;
	51679	:	822;
	51680	:	922;
	51681	:	822;
	51682	:	922;
	51683	:	a33;
	51684	:	932;
	51685	:	932;
	51686	:	932;
	51687	:	822;
	51688	:	932;
	51689	:	932;
	51690	:	832;
	51691	:	932;
	51692	:	932;
	51693	:	932;
	51694	:	832;
	51695	:	832;
	51696	:	832;
	51697	:	822;
	51698	:	822;
	51699	:	822;
	51700	:	932;
	51701	:	832;
	51702	:	933;
	51703	:	932;
	51704	:	832;
	51705	:	832;
	51706	:	832;
	51707	:	832;
	51708	:	832;
	51709	:	832;
	51710	:	732;
	51711	:	732;
	51712	:	462;
	51713	:	472;
	51714	:	472;
	51715	:	472;
	51716	:	573;
	51717	:	563;
	51718	:	563;
	51719	:	563;
	51720	:	564;
	51721	:	564;
	51722	:	564;
	51723	:	564;
	51724	:	564;
	51725	:	554;
	51726	:	554;
	51727	:	554;
	51728	:	554;
	51729	:	655;
	51730	:	655;
	51731	:	655;
	51732	:	655;
	51733	:	654;
	51734	:	655;
	51735	:	665;
	51736	:	554;
	51737	:	655;
	51738	:	554;
	51739	:	655;
	51740	:	554;
	51741	:	554;
	51742	:	554;
	51743	:	554;
	51744	:	554;
	51745	:	554;
	51746	:	554;
	51747	:	554;
	51748	:	554;
	51749	:	554;
	51750	:	554;
	51751	:	554;
	51752	:	554;
	51753	:	773;
	51754	:	eb1;
	51755	:	ec0;
	51756	:	eb0;
	51757	:	eb1;
	51758	:	eb0;
	51759	:	eb0;
	51760	:	da0;
	51761	:	db1;
	51762	:	da0;
	51763	:	db0;
	51764	:	da0;
	51765	:	da0;
	51766	:	da0;
	51767	:	da0;
	51768	:	da0;
	51769	:	da0;
	51770	:	eb0;
	51771	:	eb0;
	51772	:	da0;
	51773	:	db0;
	51774	:	da0;
	51775	:	eb0;
	51776	:	da0;
	51777	:	da0;
	51778	:	da0;
	51779	:	db0;
	51780	:	eb0;
	51781	:	eb0;
	51782	:	da0;
	51783	:	da0;
	51784	:	ea0;
	51785	:	eb0;
	51786	:	eb0;
	51787	:	eb0;
	51788	:	fb0;
	51789	:	fb0;
	51790	:	fc0;
	51791	:	fc0;
	51792	:	fc0;
	51793	:	fc0;
	51794	:	fc1;
	51795	:	fc1;
	51796	:	fc1;
	51797	:	fc1;
	51798	:	fc1;
	51799	:	fc1;
	51800	:	fc0;
	51801	:	fc0;
	51802	:	eb0;
	51803	:	fc1;
	51804	:	eb1;
	51805	:	ec1;
	51806	:	eb1;
	51807	:	db2;
	51808	:	996;
	51809	:	899;
	51810	:	8aa;
	51811	:	689;
	51812	:	688;
	51813	:	588;
	51814	:	688;
	51815	:	69a;
	51816	:	588;
	51817	:	688;
	51818	:	688;
	51819	:	688;
	51820	:	688;
	51821	:	578;
	51822	:	588;
	51823	:	688;
	51824	:	588;
	51825	:	689;
	51826	:	688;
	51827	:	688;
	51828	:	689;
	51829	:	688;
	51830	:	689;
	51831	:	689;
	51832	:	699;
	51833	:	688;
	51834	:	588;
	51835	:	7aa;
	51836	:	799;
	51837	:	797;
	51838	:	795;
	51839	:	794;
	51840	:	795;
	51841	:	795;
	51842	:	795;
	51843	:	795;
	51844	:	794;
	51845	:	794;
	51846	:	694;
	51847	:	694;
	51848	:	694;
	51849	:	694;
	51850	:	694;
	51851	:	694;
	51852	:	694;
	51853	:	794;
	51854	:	795;
	51855	:	795;
	51856	:	795;
	51857	:	795;
	51858	:	795;
	51859	:	795;
	51860	:	795;
	51861	:	795;
	51862	:	795;
	51863	:	795;
	51864	:	795;
	51865	:	795;
	51866	:	795;
	51867	:	795;
	51868	:	795;
	51869	:	794;
	51870	:	794;
	51871	:	694;
	51872	:	694;
	51873	:	684;
	51874	:	684;
	51875	:	684;
	51876	:	684;
	51877	:	684;
	51878	:	684;
	51879	:	684;
	51880	:	684;
	51881	:	684;
	51882	:	684;
	51883	:	684;
	51884	:	684;
	51885	:	684;
	51886	:	674;
	51887	:	674;
	51888	:	674;
	51889	:	674;
	51890	:	674;
	51891	:	675;
	51892	:	675;
	51893	:	665;
	51894	:	665;
	51895	:	665;
	51896	:	676;
	51897	:	799;
	51898	:	566;
	51899	:	454;
	51900	:	589;
	51901	:	466;
	51902	:	333;
	51903	:	532;
	51904	:	833;
	51905	:	732;
	51906	:	732;
	51907	:	632;
	51908	:	632;
	51909	:	622;
	51910	:	944;
	51911	:	944;
	51912	:	933;
	51913	:	933;
	51914	:	943;
	51915	:	a44;
	51916	:	933;
	51917	:	933;
	51918	:	933;
	51919	:	933;
	51920	:	932;
	51921	:	932;
	51922	:	932;
	51923	:	932;
	51924	:	933;
	51925	:	933;
	51926	:	932;
	51927	:	932;
	51928	:	933;
	51929	:	933;
	51930	:	922;
	51931	:	932;
	51932	:	932;
	51933	:	932;
	51934	:	932;
	51935	:	932;
	51936	:	922;
	51937	:	822;
	51938	:	922;
	51939	:	a33;
	51940	:	932;
	51941	:	932;
	51942	:	932;
	51943	:	832;
	51944	:	932;
	51945	:	932;
	51946	:	932;
	51947	:	932;
	51948	:	932;
	51949	:	932;
	51950	:	822;
	51951	:	832;
	51952	:	832;
	51953	:	822;
	51954	:	832;
	51955	:	832;
	51956	:	822;
	51957	:	932;
	51958	:	932;
	51959	:	932;
	51960	:	832;
	51961	:	832;
	51962	:	832;
	51963	:	832;
	51964	:	832;
	51965	:	832;
	51966	:	722;
	51967	:	732;
	51968	:	462;
	51969	:	462;
	51970	:	462;
	51971	:	472;
	51972	:	462;
	51973	:	463;
	51974	:	563;
	51975	:	563;
	51976	:	563;
	51977	:	564;
	51978	:	564;
	51979	:	564;
	51980	:	554;
	51981	:	554;
	51982	:	554;
	51983	:	554;
	51984	:	554;
	51985	:	554;
	51986	:	655;
	51987	:	554;
	51988	:	554;
	51989	:	654;
	51990	:	654;
	51991	:	654;
	51992	:	655;
	51993	:	655;
	51994	:	655;
	51995	:	554;
	51996	:	554;
	51997	:	554;
	51998	:	554;
	51999	:	554;
	52000	:	554;
	52001	:	554;
	52002	:	554;
	52003	:	554;
	52004	:	554;
	52005	:	554;
	52006	:	554;
	52007	:	554;
	52008	:	554;
	52009	:	873;
	52010	:	ec1;
	52011	:	ec0;
	52012	:	eb0;
	52013	:	eb0;
	52014	:	db0;
	52015	:	db0;
	52016	:	db0;
	52017	:	db0;
	52018	:	da0;
	52019	:	da0;
	52020	:	da0;
	52021	:	da0;
	52022	:	da0;
	52023	:	da0;
	52024	:	db0;
	52025	:	eb0;
	52026	:	eb0;
	52027	:	eb0;
	52028	:	eb0;
	52029	:	eb0;
	52030	:	da0;
	52031	:	eb0;
	52032	:	da0;
	52033	:	ea0;
	52034	:	da0;
	52035	:	eb0;
	52036	:	da0;
	52037	:	db0;
	52038	:	da0;
	52039	:	eb0;
	52040	:	da0;
	52041	:	da0;
	52042	:	eb0;
	52043	:	fb0;
	52044	:	eb0;
	52045	:	eb0;
	52046	:	fc0;
	52047	:	fc0;
	52048	:	fc0;
	52049	:	fc1;
	52050	:	fc1;
	52051	:	fc2;
	52052	:	fc2;
	52053	:	fc1;
	52054	:	fc1;
	52055	:	fc1;
	52056	:	fc0;
	52057	:	eb0;
	52058	:	ec0;
	52059	:	eb0;
	52060	:	eb1;
	52061	:	eb1;
	52062	:	db1;
	52063	:	ca2;
	52064	:	898;
	52065	:	8ab;
	52066	:	688;
	52067	:	577;
	52068	:	678;
	52069	:	588;
	52070	:	578;
	52071	:	699;
	52072	:	699;
	52073	:	588;
	52074	:	689;
	52075	:	588;
	52076	:	689;
	52077	:	688;
	52078	:	689;
	52079	:	588;
	52080	:	688;
	52081	:	689;
	52082	:	588;
	52083	:	699;
	52084	:	588;
	52085	:	689;
	52086	:	699;
	52087	:	699;
	52088	:	699;
	52089	:	689;
	52090	:	699;
	52091	:	7aa;
	52092	:	688;
	52093	:	799;
	52094	:	797;
	52095	:	795;
	52096	:	795;
	52097	:	795;
	52098	:	795;
	52099	:	795;
	52100	:	795;
	52101	:	794;
	52102	:	794;
	52103	:	694;
	52104	:	694;
	52105	:	694;
	52106	:	694;
	52107	:	694;
	52108	:	694;
	52109	:	694;
	52110	:	795;
	52111	:	795;
	52112	:	795;
	52113	:	795;
	52114	:	795;
	52115	:	795;
	52116	:	795;
	52117	:	795;
	52118	:	795;
	52119	:	795;
	52120	:	795;
	52121	:	795;
	52122	:	795;
	52123	:	795;
	52124	:	794;
	52125	:	794;
	52126	:	694;
	52127	:	694;
	52128	:	694;
	52129	:	694;
	52130	:	684;
	52131	:	684;
	52132	:	684;
	52133	:	684;
	52134	:	684;
	52135	:	684;
	52136	:	684;
	52137	:	584;
	52138	:	684;
	52139	:	684;
	52140	:	684;
	52141	:	684;
	52142	:	684;
	52143	:	674;
	52144	:	674;
	52145	:	674;
	52146	:	674;
	52147	:	664;
	52148	:	675;
	52149	:	675;
	52150	:	665;
	52151	:	665;
	52152	:	675;
	52153	:	699;
	52154	:	566;
	52155	:	454;
	52156	:	589;
	52157	:	466;
	52158	:	333;
	52159	:	532;
	52160	:	843;
	52161	:	733;
	52162	:	632;
	52163	:	632;
	52164	:	632;
	52165	:	622;
	52166	:	944;
	52167	:	a44;
	52168	:	933;
	52169	:	933;
	52170	:	933;
	52171	:	933;
	52172	:	933;
	52173	:	833;
	52174	:	933;
	52175	:	933;
	52176	:	932;
	52177	:	932;
	52178	:	932;
	52179	:	932;
	52180	:	932;
	52181	:	933;
	52182	:	933;
	52183	:	932;
	52184	:	933;
	52185	:	933;
	52186	:	932;
	52187	:	932;
	52188	:	922;
	52189	:	922;
	52190	:	922;
	52191	:	932;
	52192	:	922;
	52193	:	922;
	52194	:	922;
	52195	:	932;
	52196	:	922;
	52197	:	932;
	52198	:	932;
	52199	:	822;
	52200	:	932;
	52201	:	933;
	52202	:	932;
	52203	:	832;
	52204	:	832;
	52205	:	832;
	52206	:	822;
	52207	:	832;
	52208	:	932;
	52209	:	932;
	52210	:	822;
	52211	:	832;
	52212	:	932;
	52213	:	932;
	52214	:	932;
	52215	:	932;
	52216	:	822;
	52217	:	932;
	52218	:	832;
	52219	:	822;
	52220	:	822;
	52221	:	722;
	52222	:	722;
	52223	:	722;
	52224	:	462;
	52225	:	462;
	52226	:	472;
	52227	:	462;
	52228	:	462;
	52229	:	463;
	52230	:	463;
	52231	:	563;
	52232	:	563;
	52233	:	564;
	52234	:	564;
	52235	:	564;
	52236	:	554;
	52237	:	554;
	52238	:	554;
	52239	:	554;
	52240	:	555;
	52241	:	554;
	52242	:	554;
	52243	:	555;
	52244	:	655;
	52245	:	655;
	52246	:	554;
	52247	:	555;
	52248	:	655;
	52249	:	554;
	52250	:	554;
	52251	:	554;
	52252	:	554;
	52253	:	554;
	52254	:	554;
	52255	:	554;
	52256	:	554;
	52257	:	554;
	52258	:	554;
	52259	:	554;
	52260	:	554;
	52261	:	554;
	52262	:	554;
	52263	:	554;
	52264	:	553;
	52265	:	873;
	52266	:	ec2;
	52267	:	ec1;
	52268	:	eb0;
	52269	:	db0;
	52270	:	eb0;
	52271	:	eb0;
	52272	:	db0;
	52273	:	da0;
	52274	:	db0;
	52275	:	db0;
	52276	:	db0;
	52277	:	da0;
	52278	:	da0;
	52279	:	da0;
	52280	:	eb0;
	52281	:	eb0;
	52282	:	eb0;
	52283	:	eb0;
	52284	:	eb0;
	52285	:	eb0;
	52286	:	db0;
	52287	:	eb0;
	52288	:	db0;
	52289	:	db0;
	52290	:	eb0;
	52291	:	db0;
	52292	:	eb0;
	52293	:	eb1;
	52294	:	ea1;
	52295	:	ea0;
	52296	:	da0;
	52297	:	eb0;
	52298	:	fb0;
	52299	:	fb0;
	52300	:	fc0;
	52301	:	fc0;
	52302	:	fc1;
	52303	:	fc1;
	52304	:	fc1;
	52305	:	fc1;
	52306	:	fc2;
	52307	:	fc2;
	52308	:	fc1;
	52309	:	fc1;
	52310	:	fc1;
	52311	:	eb0;
	52312	:	fc0;
	52313	:	fc0;
	52314	:	eb0;
	52315	:	eb1;
	52316	:	eb0;
	52317	:	db1;
	52318	:	db1;
	52319	:	ba3;
	52320	:	799;
	52321	:	699;
	52322	:	699;
	52323	:	688;
	52324	:	688;
	52325	:	688;
	52326	:	566;
	52327	:	577;
	52328	:	588;
	52329	:	578;
	52330	:	588;
	52331	:	588;
	52332	:	588;
	52333	:	699;
	52334	:	588;
	52335	:	577;
	52336	:	688;
	52337	:	588;
	52338	:	69a;
	52339	:	689;
	52340	:	588;
	52341	:	688;
	52342	:	688;
	52343	:	689;
	52344	:	688;
	52345	:	699;
	52346	:	699;
	52347	:	7aa;
	52348	:	699;
	52349	:	699;
	52350	:	7a9;
	52351	:	797;
	52352	:	795;
	52353	:	795;
	52354	:	795;
	52355	:	795;
	52356	:	795;
	52357	:	795;
	52358	:	694;
	52359	:	694;
	52360	:	694;
	52361	:	694;
	52362	:	694;
	52363	:	694;
	52364	:	794;
	52365	:	794;
	52366	:	795;
	52367	:	795;
	52368	:	795;
	52369	:	795;
	52370	:	795;
	52371	:	795;
	52372	:	795;
	52373	:	795;
	52374	:	795;
	52375	:	795;
	52376	:	795;
	52377	:	795;
	52378	:	795;
	52379	:	795;
	52380	:	794;
	52381	:	694;
	52382	:	694;
	52383	:	694;
	52384	:	684;
	52385	:	694;
	52386	:	684;
	52387	:	684;
	52388	:	684;
	52389	:	684;
	52390	:	684;
	52391	:	684;
	52392	:	684;
	52393	:	684;
	52394	:	684;
	52395	:	684;
	52396	:	684;
	52397	:	684;
	52398	:	674;
	52399	:	674;
	52400	:	674;
	52401	:	674;
	52402	:	674;
	52403	:	675;
	52404	:	665;
	52405	:	665;
	52406	:	664;
	52407	:	665;
	52408	:	675;
	52409	:	789;
	52410	:	576;
	52411	:	454;
	52412	:	588;
	52413	:	466;
	52414	:	333;
	52415	:	532;
	52416	:	843;
	52417	:	844;
	52418	:	744;
	52419	:	633;
	52420	:	632;
	52421	:	732;
	52422	:	944;
	52423	:	933;
	52424	:	933;
	52425	:	933;
	52426	:	943;
	52427	:	933;
	52428	:	943;
	52429	:	833;
	52430	:	943;
	52431	:	933;
	52432	:	933;
	52433	:	932;
	52434	:	932;
	52435	:	932;
	52436	:	932;
	52437	:	932;
	52438	:	932;
	52439	:	922;
	52440	:	933;
	52441	:	933;
	52442	:	822;
	52443	:	932;
	52444	:	922;
	52445	:	932;
	52446	:	922;
	52447	:	922;
	52448	:	922;
	52449	:	932;
	52450	:	922;
	52451	:	932;
	52452	:	922;
	52453	:	822;
	52454	:	932;
	52455	:	932;
	52456	:	932;
	52457	:	822;
	52458	:	822;
	52459	:	832;
	52460	:	832;
	52461	:	832;
	52462	:	832;
	52463	:	832;
	52464	:	932;
	52465	:	932;
	52466	:	832;
	52467	:	822;
	52468	:	932;
	52469	:	932;
	52470	:	922;
	52471	:	932;
	52472	:	822;
	52473	:	932;
	52474	:	832;
	52475	:	832;
	52476	:	832;
	52477	:	722;
	52478	:	722;
	52479	:	722;
	52480	:	462;
	52481	:	462;
	52482	:	462;
	52483	:	462;
	52484	:	462;
	52485	:	463;
	52486	:	463;
	52487	:	563;
	52488	:	563;
	52489	:	563;
	52490	:	564;
	52491	:	564;
	52492	:	554;
	52493	:	554;
	52494	:	554;
	52495	:	554;
	52496	:	655;
	52497	:	554;
	52498	:	554;
	52499	:	554;
	52500	:	554;
	52501	:	655;
	52502	:	554;
	52503	:	654;
	52504	:	655;
	52505	:	554;
	52506	:	655;
	52507	:	554;
	52508	:	554;
	52509	:	554;
	52510	:	554;
	52511	:	554;
	52512	:	554;
	52513	:	554;
	52514	:	554;
	52515	:	554;
	52516	:	554;
	52517	:	554;
	52518	:	554;
	52519	:	554;
	52520	:	884;
	52521	:	db4;
	52522	:	ec2;
	52523	:	eb1;
	52524	:	eb0;
	52525	:	eb0;
	52526	:	db0;
	52527	:	db0;
	52528	:	db0;
	52529	:	db0;
	52530	:	db0;
	52531	:	db0;
	52532	:	db0;
	52533	:	da0;
	52534	:	da0;
	52535	:	eb0;
	52536	:	eb0;
	52537	:	eb0;
	52538	:	eb0;
	52539	:	eb0;
	52540	:	eb0;
	52541	:	db0;
	52542	:	eb0;
	52543	:	eb0;
	52544	:	eb0;
	52545	:	db0;
	52546	:	eb0;
	52547	:	eb0;
	52548	:	eb1;
	52549	:	eb2;
	52550	:	eb1;
	52551	:	eb1;
	52552	:	eb0;
	52553	:	eb0;
	52554	:	fc0;
	52555	:	fc0;
	52556	:	fc0;
	52557	:	fc0;
	52558	:	fc1;
	52559	:	fc1;
	52560	:	fc1;
	52561	:	fc1;
	52562	:	fc1;
	52563	:	fc1;
	52564	:	fc0;
	52565	:	fb0;
	52566	:	fc0;
	52567	:	fc0;
	52568	:	eb0;
	52569	:	eb0;
	52570	:	eb0;
	52571	:	eb1;
	52572	:	ec1;
	52573	:	db0;
	52574	:	da0;
	52575	:	bb6;
	52576	:	689;
	52577	:	69a;
	52578	:	689;
	52579	:	689;
	52580	:	699;
	52581	:	588;
	52582	:	689;
	52583	:	699;
	52584	:	688;
	52585	:	589;
	52586	:	588;
	52587	:	588;
	52588	:	689;
	52589	:	689;
	52590	:	588;
	52591	:	688;
	52592	:	567;
	52593	:	577;
	52594	:	577;
	52595	:	699;
	52596	:	588;
	52597	:	588;
	52598	:	588;
	52599	:	688;
	52600	:	688;
	52601	:	689;
	52602	:	699;
	52603	:	7aa;
	52604	:	799;
	52605	:	7aa;
	52606	:	7aa;
	52607	:	8ba;
	52608	:	795;
	52609	:	795;
	52610	:	795;
	52611	:	795;
	52612	:	795;
	52613	:	795;
	52614	:	795;
	52615	:	694;
	52616	:	694;
	52617	:	694;
	52618	:	694;
	52619	:	694;
	52620	:	794;
	52621	:	795;
	52622	:	795;
	52623	:	795;
	52624	:	795;
	52625	:	795;
	52626	:	795;
	52627	:	795;
	52628	:	795;
	52629	:	795;
	52630	:	795;
	52631	:	795;
	52632	:	795;
	52633	:	795;
	52634	:	795;
	52635	:	795;
	52636	:	694;
	52637	:	694;
	52638	:	694;
	52639	:	694;
	52640	:	684;
	52641	:	684;
	52642	:	684;
	52643	:	684;
	52644	:	684;
	52645	:	684;
	52646	:	684;
	52647	:	684;
	52648	:	684;
	52649	:	684;
	52650	:	684;
	52651	:	684;
	52652	:	684;
	52653	:	674;
	52654	:	674;
	52655	:	674;
	52656	:	674;
	52657	:	674;
	52658	:	674;
	52659	:	664;
	52660	:	665;
	52661	:	664;
	52662	:	665;
	52663	:	665;
	52664	:	675;
	52665	:	688;
	52666	:	577;
	52667	:	454;
	52668	:	588;
	52669	:	466;
	52670	:	333;
	52671	:	522;
	52672	:	843;
	52673	:	843;
	52674	:	744;
	52675	:	743;
	52676	:	733;
	52677	:	733;
	52678	:	944;
	52679	:	833;
	52680	:	833;
	52681	:	933;
	52682	:	933;
	52683	:	943;
	52684	:	944;
	52685	:	943;
	52686	:	933;
	52687	:	933;
	52688	:	933;
	52689	:	932;
	52690	:	932;
	52691	:	932;
	52692	:	932;
	52693	:	932;
	52694	:	932;
	52695	:	932;
	52696	:	932;
	52697	:	933;
	52698	:	822;
	52699	:	933;
	52700	:	932;
	52701	:	922;
	52702	:	922;
	52703	:	922;
	52704	:	922;
	52705	:	922;
	52706	:	922;
	52707	:	922;
	52708	:	922;
	52709	:	922;
	52710	:	932;
	52711	:	922;
	52712	:	932;
	52713	:	822;
	52714	:	822;
	52715	:	822;
	52716	:	832;
	52717	:	832;
	52718	:	822;
	52719	:	932;
	52720	:	932;
	52721	:	932;
	52722	:	932;
	52723	:	932;
	52724	:	932;
	52725	:	932;
	52726	:	932;
	52727	:	932;
	52728	:	822;
	52729	:	832;
	52730	:	832;
	52731	:	822;
	52732	:	832;
	52733	:	722;
	52734	:	722;
	52735	:	722;
	52736	:	462;
	52737	:	462;
	52738	:	462;
	52739	:	462;
	52740	:	462;
	52741	:	463;
	52742	:	463;
	52743	:	563;
	52744	:	563;
	52745	:	563;
	52746	:	564;
	52747	:	564;
	52748	:	554;
	52749	:	554;
	52750	:	554;
	52751	:	554;
	52752	:	655;
	52753	:	554;
	52754	:	554;
	52755	:	554;
	52756	:	554;
	52757	:	655;
	52758	:	554;
	52759	:	654;
	52760	:	655;
	52761	:	554;
	52762	:	655;
	52763	:	554;
	52764	:	554;
	52765	:	554;
	52766	:	554;
	52767	:	554;
	52768	:	554;
	52769	:	554;
	52770	:	554;
	52771	:	554;
	52772	:	554;
	52773	:	554;
	52774	:	554;
	52775	:	554;
	52776	:	884;
	52777	:	db4;
	52778	:	ec2;
	52779	:	eb1;
	52780	:	eb0;
	52781	:	eb0;
	52782	:	db0;
	52783	:	db0;
	52784	:	db0;
	52785	:	db0;
	52786	:	db0;
	52787	:	db0;
	52788	:	db0;
	52789	:	da0;
	52790	:	da0;
	52791	:	eb0;
	52792	:	eb0;
	52793	:	eb0;
	52794	:	eb0;
	52795	:	eb0;
	52796	:	eb0;
	52797	:	db0;
	52798	:	eb0;
	52799	:	eb0;
	52800	:	eb0;
	52801	:	db0;
	52802	:	eb0;
	52803	:	eb0;
	52804	:	eb1;
	52805	:	eb2;
	52806	:	eb1;
	52807	:	eb1;
	52808	:	eb0;
	52809	:	eb0;
	52810	:	fc0;
	52811	:	fc0;
	52812	:	fc0;
	52813	:	fc0;
	52814	:	fc1;
	52815	:	fc1;
	52816	:	fc1;
	52817	:	fc1;
	52818	:	fc1;
	52819	:	fc1;
	52820	:	fc0;
	52821	:	fb0;
	52822	:	fc0;
	52823	:	fc0;
	52824	:	eb0;
	52825	:	eb0;
	52826	:	eb0;
	52827	:	eb1;
	52828	:	ec1;
	52829	:	db0;
	52830	:	da0;
	52831	:	bb6;
	52832	:	689;
	52833	:	69a;
	52834	:	689;
	52835	:	689;
	52836	:	699;
	52837	:	588;
	52838	:	689;
	52839	:	699;
	52840	:	688;
	52841	:	589;
	52842	:	588;
	52843	:	588;
	52844	:	689;
	52845	:	689;
	52846	:	588;
	52847	:	688;
	52848	:	567;
	52849	:	577;
	52850	:	577;
	52851	:	699;
	52852	:	588;
	52853	:	588;
	52854	:	588;
	52855	:	688;
	52856	:	688;
	52857	:	689;
	52858	:	699;
	52859	:	7aa;
	52860	:	799;
	52861	:	7aa;
	52862	:	7aa;
	52863	:	8ba;
	52864	:	795;
	52865	:	795;
	52866	:	795;
	52867	:	795;
	52868	:	795;
	52869	:	795;
	52870	:	795;
	52871	:	694;
	52872	:	694;
	52873	:	694;
	52874	:	694;
	52875	:	694;
	52876	:	794;
	52877	:	795;
	52878	:	795;
	52879	:	795;
	52880	:	795;
	52881	:	795;
	52882	:	795;
	52883	:	795;
	52884	:	795;
	52885	:	795;
	52886	:	795;
	52887	:	795;
	52888	:	795;
	52889	:	795;
	52890	:	795;
	52891	:	795;
	52892	:	694;
	52893	:	694;
	52894	:	694;
	52895	:	694;
	52896	:	684;
	52897	:	684;
	52898	:	684;
	52899	:	684;
	52900	:	684;
	52901	:	684;
	52902	:	684;
	52903	:	684;
	52904	:	684;
	52905	:	684;
	52906	:	684;
	52907	:	684;
	52908	:	684;
	52909	:	674;
	52910	:	674;
	52911	:	674;
	52912	:	674;
	52913	:	674;
	52914	:	674;
	52915	:	664;
	52916	:	665;
	52917	:	664;
	52918	:	665;
	52919	:	665;
	52920	:	675;
	52921	:	688;
	52922	:	577;
	52923	:	454;
	52924	:	588;
	52925	:	466;
	52926	:	333;
	52927	:	522;
	52928	:	843;
	52929	:	843;
	52930	:	744;
	52931	:	743;
	52932	:	733;
	52933	:	733;
	52934	:	944;
	52935	:	833;
	52936	:	833;
	52937	:	933;
	52938	:	933;
	52939	:	943;
	52940	:	944;
	52941	:	943;
	52942	:	933;
	52943	:	933;
	52944	:	933;
	52945	:	932;
	52946	:	932;
	52947	:	932;
	52948	:	932;
	52949	:	932;
	52950	:	932;
	52951	:	932;
	52952	:	932;
	52953	:	933;
	52954	:	822;
	52955	:	933;
	52956	:	932;
	52957	:	922;
	52958	:	922;
	52959	:	922;
	52960	:	922;
	52961	:	922;
	52962	:	922;
	52963	:	922;
	52964	:	922;
	52965	:	922;
	52966	:	932;
	52967	:	922;
	52968	:	932;
	52969	:	822;
	52970	:	822;
	52971	:	822;
	52972	:	832;
	52973	:	832;
	52974	:	822;
	52975	:	932;
	52976	:	932;
	52977	:	932;
	52978	:	932;
	52979	:	932;
	52980	:	932;
	52981	:	932;
	52982	:	932;
	52983	:	932;
	52984	:	822;
	52985	:	832;
	52986	:	832;
	52987	:	822;
	52988	:	832;
	52989	:	722;
	52990	:	722;
	52991	:	722;
	52992	:	462;
	52993	:	462;
	52994	:	462;
	52995	:	462;
	52996	:	472;
	52997	:	462;
	52998	:	573;
	52999	:	563;
	53000	:	563;
	53001	:	563;
	53002	:	564;
	53003	:	564;
	53004	:	564;
	53005	:	554;
	53006	:	554;
	53007	:	554;
	53008	:	554;
	53009	:	554;
	53010	:	554;
	53011	:	554;
	53012	:	554;
	53013	:	555;
	53014	:	554;
	53015	:	554;
	53016	:	554;
	53017	:	554;
	53018	:	554;
	53019	:	554;
	53020	:	554;
	53021	:	554;
	53022	:	554;
	53023	:	554;
	53024	:	554;
	53025	:	554;
	53026	:	554;
	53027	:	554;
	53028	:	554;
	53029	:	554;
	53030	:	554;
	53031	:	984;
	53032	:	db4;
	53033	:	ec3;
	53034	:	ec2;
	53035	:	ec2;
	53036	:	eb1;
	53037	:	eb0;
	53038	:	db0;
	53039	:	db0;
	53040	:	db0;
	53041	:	db0;
	53042	:	db0;
	53043	:	db0;
	53044	:	db0;
	53045	:	eb1;
	53046	:	db0;
	53047	:	db0;
	53048	:	db0;
	53049	:	db0;
	53050	:	da0;
	53051	:	eb0;
	53052	:	eb0;
	53053	:	eb0;
	53054	:	eb0;
	53055	:	eb0;
	53056	:	eb0;
	53057	:	eb0;
	53058	:	eb0;
	53059	:	eb1;
	53060	:	eb1;
	53061	:	eb0;
	53062	:	eb0;
	53063	:	fc0;
	53064	:	fc0;
	53065	:	fc0;
	53066	:	fc0;
	53067	:	fc0;
	53068	:	fc0;
	53069	:	fc0;
	53070	:	fc0;
	53071	:	fc0;
	53072	:	fc0;
	53073	:	fc0;
	53074	:	fc0;
	53075	:	fc0;
	53076	:	fc0;
	53077	:	eb0;
	53078	:	fb0;
	53079	:	eb0;
	53080	:	fc1;
	53081	:	eb0;
	53082	:	db0;
	53083	:	eb1;
	53084	:	eb1;
	53085	:	da0;
	53086	:	c91;
	53087	:	898;
	53088	:	69a;
	53089	:	689;
	53090	:	689;
	53091	:	588;
	53092	:	689;
	53093	:	578;
	53094	:	699;
	53095	:	478;
	53096	:	599;
	53097	:	588;
	53098	:	588;
	53099	:	578;
	53100	:	578;
	53101	:	588;
	53102	:	588;
	53103	:	689;
	53104	:	689;
	53105	:	577;
	53106	:	466;
	53107	:	588;
	53108	:	699;
	53109	:	688;
	53110	:	688;
	53111	:	588;
	53112	:	689;
	53113	:	588;
	53114	:	577;
	53115	:	566;
	53116	:	699;
	53117	:	69a;
	53118	:	8bb;
	53119	:	7ab;
	53120	:	688;
	53121	:	8a8;
	53122	:	795;
	53123	:	795;
	53124	:	795;
	53125	:	795;
	53126	:	794;
	53127	:	795;
	53128	:	694;
	53129	:	795;
	53130	:	795;
	53131	:	795;
	53132	:	795;
	53133	:	795;
	53134	:	7a5;
	53135	:	7a5;
	53136	:	795;
	53137	:	795;
	53138	:	795;
	53139	:	795;
	53140	:	795;
	53141	:	794;
	53142	:	795;
	53143	:	795;
	53144	:	795;
	53145	:	794;
	53146	:	795;
	53147	:	694;
	53148	:	694;
	53149	:	794;
	53150	:	694;
	53151	:	694;
	53152	:	684;
	53153	:	684;
	53154	:	684;
	53155	:	684;
	53156	:	684;
	53157	:	684;
	53158	:	684;
	53159	:	684;
	53160	:	684;
	53161	:	684;
	53162	:	684;
	53163	:	684;
	53164	:	674;
	53165	:	674;
	53166	:	674;
	53167	:	674;
	53168	:	674;
	53169	:	674;
	53170	:	664;
	53171	:	665;
	53172	:	665;
	53173	:	665;
	53174	:	665;
	53175	:	665;
	53176	:	665;
	53177	:	677;
	53178	:	688;
	53179	:	444;
	53180	:	578;
	53181	:	466;
	53182	:	333;
	53183	:	422;
	53184	:	833;
	53185	:	733;
	53186	:	732;
	53187	:	732;
	53188	:	732;
	53189	:	732;
	53190	:	843;
	53191	:	732;
	53192	:	833;
	53193	:	833;
	53194	:	943;
	53195	:	943;
	53196	:	a54;
	53197	:	a44;
	53198	:	833;
	53199	:	933;
	53200	:	943;
	53201	:	933;
	53202	:	933;
	53203	:	933;
	53204	:	932;
	53205	:	932;
	53206	:	933;
	53207	:	933;
	53208	:	933;
	53209	:	932;
	53210	:	933;
	53211	:	933;
	53212	:	932;
	53213	:	932;
	53214	:	932;
	53215	:	922;
	53216	:	922;
	53217	:	922;
	53218	:	922;
	53219	:	922;
	53220	:	932;
	53221	:	922;
	53222	:	932;
	53223	:	932;
	53224	:	932;
	53225	:	932;
	53226	:	932;
	53227	:	932;
	53228	:	932;
	53229	:	932;
	53230	:	932;
	53231	:	932;
	53232	:	932;
	53233	:	932;
	53234	:	932;
	53235	:	932;
	53236	:	932;
	53237	:	932;
	53238	:	932;
	53239	:	932;
	53240	:	822;
	53241	:	822;
	53242	:	832;
	53243	:	822;
	53244	:	722;
	53245	:	722;
	53246	:	722;
	53247	:	722;
	53248	:	462;
	53249	:	462;
	53250	:	462;
	53251	:	462;
	53252	:	472;
	53253	:	463;
	53254	:	573;
	53255	:	463;
	53256	:	563;
	53257	:	563;
	53258	:	563;
	53259	:	563;
	53260	:	564;
	53261	:	554;
	53262	:	554;
	53263	:	554;
	53264	:	554;
	53265	:	554;
	53266	:	554;
	53267	:	554;
	53268	:	554;
	53269	:	554;
	53270	:	554;
	53271	:	555;
	53272	:	554;
	53273	:	554;
	53274	:	554;
	53275	:	554;
	53276	:	554;
	53277	:	554;
	53278	:	554;
	53279	:	554;
	53280	:	554;
	53281	:	554;
	53282	:	554;
	53283	:	554;
	53284	:	554;
	53285	:	554;
	53286	:	664;
	53287	:	b95;
	53288	:	db4;
	53289	:	eb3;
	53290	:	ec2;
	53291	:	ec2;
	53292	:	ec1;
	53293	:	ec2;
	53294	:	eb0;
	53295	:	db0;
	53296	:	db0;
	53297	:	db0;
	53298	:	db0;
	53299	:	da0;
	53300	:	db1;
	53301	:	eb2;
	53302	:	db1;
	53303	:	eb0;
	53304	:	eb0;
	53305	:	db0;
	53306	:	db0;
	53307	:	db0;
	53308	:	eb0;
	53309	:	eb0;
	53310	:	eb0;
	53311	:	eb0;
	53312	:	eb1;
	53313	:	db1;
	53314	:	eb1;
	53315	:	eb0;
	53316	:	eb1;
	53317	:	eb0;
	53318	:	eb0;
	53319	:	fc0;
	53320	:	fc0;
	53321	:	fc0;
	53322	:	fc0;
	53323	:	fc0;
	53324	:	fc0;
	53325	:	fc0;
	53326	:	fb0;
	53327	:	fc0;
	53328	:	fc0;
	53329	:	fc0;
	53330	:	fc0;
	53331	:	fc0;
	53332	:	fb0;
	53333	:	fc0;
	53334	:	eb0;
	53335	:	fc1;
	53336	:	eb1;
	53337	:	eb0;
	53338	:	eb0;
	53339	:	db0;
	53340	:	db0;
	53341	:	da0;
	53342	:	ba3;
	53343	:	799;
	53344	:	69a;
	53345	:	699;
	53346	:	588;
	53347	:	689;
	53348	:	689;
	53349	:	689;
	53350	:	699;
	53351	:	589;
	53352	:	589;
	53353	:	589;
	53354	:	588;
	53355	:	588;
	53356	:	578;
	53357	:	588;
	53358	:	588;
	53359	:	588;
	53360	:	588;
	53361	:	589;
	53362	:	588;
	53363	:	589;
	53364	:	589;
	53365	:	588;
	53366	:	688;
	53367	:	588;
	53368	:	689;
	53369	:	689;
	53370	:	588;
	53371	:	577;
	53372	:	688;
	53373	:	699;
	53374	:	7ab;
	53375	:	7ab;
	53376	:	7aa;
	53377	:	698;
	53378	:	797;
	53379	:	795;
	53380	:	795;
	53381	:	795;
	53382	:	795;
	53383	:	795;
	53384	:	795;
	53385	:	795;
	53386	:	795;
	53387	:	795;
	53388	:	795;
	53389	:	795;
	53390	:	795;
	53391	:	895;
	53392	:	795;
	53393	:	795;
	53394	:	795;
	53395	:	795;
	53396	:	795;
	53397	:	795;
	53398	:	795;
	53399	:	795;
	53400	:	795;
	53401	:	795;
	53402	:	795;
	53403	:	794;
	53404	:	794;
	53405	:	694;
	53406	:	694;
	53407	:	694;
	53408	:	694;
	53409	:	694;
	53410	:	684;
	53411	:	684;
	53412	:	684;
	53413	:	684;
	53414	:	684;
	53415	:	684;
	53416	:	684;
	53417	:	684;
	53418	:	674;
	53419	:	674;
	53420	:	674;
	53421	:	674;
	53422	:	674;
	53423	:	674;
	53424	:	664;
	53425	:	664;
	53426	:	664;
	53427	:	665;
	53428	:	665;
	53429	:	665;
	53430	:	664;
	53431	:	665;
	53432	:	665;
	53433	:	676;
	53434	:	688;
	53435	:	444;
	53436	:	578;
	53437	:	466;
	53438	:	333;
	53439	:	522;
	53440	:	833;
	53441	:	732;
	53442	:	732;
	53443	:	732;
	53444	:	632;
	53445	:	632;
	53446	:	632;
	53447	:	733;
	53448	:	833;
	53449	:	833;
	53450	:	943;
	53451	:	944;
	53452	:	a54;
	53453	:	a44;
	53454	:	933;
	53455	:	933;
	53456	:	933;
	53457	:	933;
	53458	:	933;
	53459	:	933;
	53460	:	933;
	53461	:	932;
	53462	:	933;
	53463	:	933;
	53464	:	933;
	53465	:	933;
	53466	:	933;
	53467	:	933;
	53468	:	932;
	53469	:	932;
	53470	:	922;
	53471	:	932;
	53472	:	922;
	53473	:	932;
	53474	:	932;
	53475	:	922;
	53476	:	932;
	53477	:	822;
	53478	:	822;
	53479	:	932;
	53480	:	932;
	53481	:	822;
	53482	:	932;
	53483	:	932;
	53484	:	932;
	53485	:	932;
	53486	:	932;
	53487	:	932;
	53488	:	932;
	53489	:	932;
	53490	:	832;
	53491	:	932;
	53492	:	932;
	53493	:	932;
	53494	:	932;
	53495	:	822;
	53496	:	822;
	53497	:	822;
	53498	:	822;
	53499	:	822;
	53500	:	722;
	53501	:	722;
	53502	:	722;
	53503	:	722;
	53504	:	462;
	53505	:	462;
	53506	:	462;
	53507	:	472;
	53508	:	462;
	53509	:	462;
	53510	:	462;
	53511	:	463;
	53512	:	563;
	53513	:	463;
	53514	:	563;
	53515	:	564;
	53516	:	554;
	53517	:	554;
	53518	:	554;
	53519	:	554;
	53520	:	554;
	53521	:	554;
	53522	:	554;
	53523	:	554;
	53524	:	554;
	53525	:	554;
	53526	:	554;
	53527	:	554;
	53528	:	554;
	53529	:	554;
	53530	:	554;
	53531	:	554;
	53532	:	554;
	53533	:	554;
	53534	:	554;
	53535	:	554;
	53536	:	554;
	53537	:	554;
	53538	:	554;
	53539	:	554;
	53540	:	554;
	53541	:	554;
	53542	:	664;
	53543	:	ba6;
	53544	:	db5;
	53545	:	eb3;
	53546	:	ec2;
	53547	:	ec2;
	53548	:	eb1;
	53549	:	eb1;
	53550	:	db0;
	53551	:	db0;
	53552	:	db1;
	53553	:	db1;
	53554	:	db0;
	53555	:	db0;
	53556	:	db1;
	53557	:	eb2;
	53558	:	eb2;
	53559	:	eb1;
	53560	:	db0;
	53561	:	db0;
	53562	:	db0;
	53563	:	eb0;
	53564	:	eb0;
	53565	:	eb0;
	53566	:	eb0;
	53567	:	da0;
	53568	:	eb0;
	53569	:	eb0;
	53570	:	eb0;
	53571	:	eb0;
	53572	:	eb0;
	53573	:	eb0;
	53574	:	fb0;
	53575	:	fc0;
	53576	:	fc0;
	53577	:	fc0;
	53578	:	fc0;
	53579	:	fc0;
	53580	:	fb0;
	53581	:	fc0;
	53582	:	fc0;
	53583	:	fc0;
	53584	:	fc0;
	53585	:	eb0;
	53586	:	fc0;
	53587	:	fc0;
	53588	:	fb0;
	53589	:	fc0;
	53590	:	fc1;
	53591	:	fc1;
	53592	:	eb0;
	53593	:	eb0;
	53594	:	db0;
	53595	:	db0;
	53596	:	da0;
	53597	:	ca0;
	53598	:	a93;
	53599	:	799;
	53600	:	699;
	53601	:	578;
	53602	:	577;
	53603	:	588;
	53604	:	688;
	53605	:	577;
	53606	:	477;
	53607	:	588;
	53608	:	588;
	53609	:	589;
	53610	:	588;
	53611	:	588;
	53612	:	588;
	53613	:	588;
	53614	:	689;
	53615	:	588;
	53616	:	699;
	53617	:	589;
	53618	:	588;
	53619	:	589;
	53620	:	699;
	53621	:	589;
	53622	:	689;
	53623	:	588;
	53624	:	699;
	53625	:	699;
	53626	:	688;
	53627	:	577;
	53628	:	588;
	53629	:	689;
	53630	:	7aa;
	53631	:	7aa;
	53632	:	7ab;
	53633	:	7aa;
	53634	:	7a9;
	53635	:	686;
	53636	:	795;
	53637	:	795;
	53638	:	795;
	53639	:	795;
	53640	:	795;
	53641	:	795;
	53642	:	795;
	53643	:	795;
	53644	:	795;
	53645	:	795;
	53646	:	795;
	53647	:	795;
	53648	:	795;
	53649	:	8a5;
	53650	:	795;
	53651	:	795;
	53652	:	795;
	53653	:	795;
	53654	:	795;
	53655	:	795;
	53656	:	795;
	53657	:	795;
	53658	:	794;
	53659	:	794;
	53660	:	795;
	53661	:	695;
	53662	:	694;
	53663	:	694;
	53664	:	694;
	53665	:	684;
	53666	:	684;
	53667	:	684;
	53668	:	684;
	53669	:	684;
	53670	:	684;
	53671	:	684;
	53672	:	684;
	53673	:	684;
	53674	:	674;
	53675	:	674;
	53676	:	574;
	53677	:	674;
	53678	:	674;
	53679	:	664;
	53680	:	664;
	53681	:	664;
	53682	:	664;
	53683	:	665;
	53684	:	665;
	53685	:	665;
	53686	:	665;
	53687	:	665;
	53688	:	665;
	53689	:	676;
	53690	:	688;
	53691	:	444;
	53692	:	477;
	53693	:	467;
	53694	:	333;
	53695	:	533;
	53696	:	833;
	53697	:	733;
	53698	:	732;
	53699	:	732;
	53700	:	632;
	53701	:	633;
	53702	:	633;
	53703	:	733;
	53704	:	833;
	53705	:	833;
	53706	:	944;
	53707	:	944;
	53708	:	944;
	53709	:	a54;
	53710	:	833;
	53711	:	933;
	53712	:	933;
	53713	:	933;
	53714	:	933;
	53715	:	933;
	53716	:	933;
	53717	:	932;
	53718	:	933;
	53719	:	933;
	53720	:	933;
	53721	:	a33;
	53722	:	933;
	53723	:	932;
	53724	:	932;
	53725	:	932;
	53726	:	932;
	53727	:	932;
	53728	:	932;
	53729	:	922;
	53730	:	932;
	53731	:	822;
	53732	:	932;
	53733	:	822;
	53734	:	822;
	53735	:	832;
	53736	:	932;
	53737	:	822;
	53738	:	932;
	53739	:	832;
	53740	:	932;
	53741	:	932;
	53742	:	822;
	53743	:	932;
	53744	:	832;
	53745	:	932;
	53746	:	932;
	53747	:	932;
	53748	:	932;
	53749	:	932;
	53750	:	932;
	53751	:	832;
	53752	:	822;
	53753	:	822;
	53754	:	822;
	53755	:	722;
	53756	:	722;
	53757	:	722;
	53758	:	722;
	53759	:	722;
	53760	:	462;
	53761	:	462;
	53762	:	462;
	53763	:	462;
	53764	:	462;
	53765	:	462;
	53766	:	463;
	53767	:	463;
	53768	:	463;
	53769	:	563;
	53770	:	563;
	53771	:	563;
	53772	:	554;
	53773	:	554;
	53774	:	554;
	53775	:	554;
	53776	:	554;
	53777	:	554;
	53778	:	554;
	53779	:	554;
	53780	:	554;
	53781	:	554;
	53782	:	554;
	53783	:	554;
	53784	:	554;
	53785	:	554;
	53786	:	554;
	53787	:	554;
	53788	:	554;
	53789	:	554;
	53790	:	554;
	53791	:	554;
	53792	:	554;
	53793	:	554;
	53794	:	554;
	53795	:	554;
	53796	:	554;
	53797	:	554;
	53798	:	665;
	53799	:	aa8;
	53800	:	cb7;
	53801	:	ec4;
	53802	:	ec2;
	53803	:	ec2;
	53804	:	ec1;
	53805	:	db0;
	53806	:	eb1;
	53807	:	eb1;
	53808	:	db1;
	53809	:	db1;
	53810	:	db1;
	53811	:	db1;
	53812	:	db1;
	53813	:	db2;
	53814	:	db2;
	53815	:	eb2;
	53816	:	eb1;
	53817	:	eb0;
	53818	:	db0;
	53819	:	db0;
	53820	:	db0;
	53821	:	db0;
	53822	:	ea0;
	53823	:	eb0;
	53824	:	da0;
	53825	:	da0;
	53826	:	eb0;
	53827	:	eb0;
	53828	:	eb0;
	53829	:	eb0;
	53830	:	fc0;
	53831	:	fc0;
	53832	:	fc0;
	53833	:	fc0;
	53834	:	fc0;
	53835	:	fb0;
	53836	:	fb0;
	53837	:	fc0;
	53838	:	fc0;
	53839	:	fb0;
	53840	:	fc0;
	53841	:	fc0;
	53842	:	eb0;
	53843	:	fb0;
	53844	:	fc1;
	53845	:	fc0;
	53846	:	fc1;
	53847	:	fc1;
	53848	:	fc1;
	53849	:	eb0;
	53850	:	eb1;
	53851	:	db0;
	53852	:	da0;
	53853	:	c90;
	53854	:	a93;
	53855	:	687;
	53856	:	689;
	53857	:	577;
	53858	:	455;
	53859	:	577;
	53860	:	577;
	53861	:	578;
	53862	:	578;
	53863	:	588;
	53864	:	578;
	53865	:	588;
	53866	:	588;
	53867	:	588;
	53868	:	588;
	53869	:	588;
	53870	:	588;
	53871	:	588;
	53872	:	699;
	53873	:	589;
	53874	:	589;
	53875	:	589;
	53876	:	599;
	53877	:	589;
	53878	:	589;
	53879	:	588;
	53880	:	699;
	53881	:	589;
	53882	:	688;
	53883	:	587;
	53884	:	578;
	53885	:	689;
	53886	:	699;
	53887	:	69a;
	53888	:	6aa;
	53889	:	8bc;
	53890	:	599;
	53891	:	8aa;
	53892	:	685;
	53893	:	795;
	53894	:	795;
	53895	:	795;
	53896	:	795;
	53897	:	795;
	53898	:	795;
	53899	:	795;
	53900	:	795;
	53901	:	795;
	53902	:	795;
	53903	:	795;
	53904	:	795;
	53905	:	795;
	53906	:	795;
	53907	:	795;
	53908	:	795;
	53909	:	795;
	53910	:	795;
	53911	:	795;
	53912	:	795;
	53913	:	795;
	53914	:	794;
	53915	:	694;
	53916	:	695;
	53917	:	694;
	53918	:	694;
	53919	:	694;
	53920	:	694;
	53921	:	694;
	53922	:	684;
	53923	:	684;
	53924	:	684;
	53925	:	684;
	53926	:	684;
	53927	:	684;
	53928	:	684;
	53929	:	684;
	53930	:	674;
	53931	:	674;
	53932	:	574;
	53933	:	674;
	53934	:	564;
	53935	:	674;
	53936	:	664;
	53937	:	664;
	53938	:	665;
	53939	:	665;
	53940	:	665;
	53941	:	665;
	53942	:	665;
	53943	:	665;
	53944	:	665;
	53945	:	676;
	53946	:	788;
	53947	:	444;
	53948	:	477;
	53949	:	467;
	53950	:	333;
	53951	:	532;
	53952	:	732;
	53953	:	732;
	53954	:	732;
	53955	:	732;
	53956	:	632;
	53957	:	633;
	53958	:	633;
	53959	:	633;
	53960	:	733;
	53961	:	833;
	53962	:	943;
	53963	:	943;
	53964	:	943;
	53965	:	a54;
	53966	:	833;
	53967	:	933;
	53968	:	933;
	53969	:	943;
	53970	:	933;
	53971	:	933;
	53972	:	933;
	53973	:	933;
	53974	:	933;
	53975	:	933;
	53976	:	933;
	53977	:	933;
	53978	:	933;
	53979	:	933;
	53980	:	822;
	53981	:	932;
	53982	:	832;
	53983	:	822;
	53984	:	822;
	53985	:	822;
	53986	:	822;
	53987	:	822;
	53988	:	822;
	53989	:	832;
	53990	:	832;
	53991	:	832;
	53992	:	932;
	53993	:	832;
	53994	:	822;
	53995	:	832;
	53996	:	932;
	53997	:	932;
	53998	:	832;
	53999	:	932;
	54000	:	832;
	54001	:	822;
	54002	:	832;
	54003	:	932;
	54004	:	822;
	54005	:	932;
	54006	:	932;
	54007	:	822;
	54008	:	822;
	54009	:	822;
	54010	:	822;
	54011	:	722;
	54012	:	722;
	54013	:	722;
	54014	:	722;
	54015	:	722;
	54016	:	462;
	54017	:	462;
	54018	:	462;
	54019	:	462;
	54020	:	472;
	54021	:	462;
	54022	:	463;
	54023	:	463;
	54024	:	463;
	54025	:	463;
	54026	:	563;
	54027	:	563;
	54028	:	563;
	54029	:	554;
	54030	:	554;
	54031	:	554;
	54032	:	554;
	54033	:	554;
	54034	:	554;
	54035	:	554;
	54036	:	554;
	54037	:	554;
	54038	:	554;
	54039	:	554;
	54040	:	554;
	54041	:	554;
	54042	:	554;
	54043	:	554;
	54044	:	554;
	54045	:	554;
	54046	:	554;
	54047	:	554;
	54048	:	554;
	54049	:	554;
	54050	:	554;
	54051	:	554;
	54052	:	554;
	54053	:	554;
	54054	:	676;
	54055	:	aba;
	54056	:	db6;
	54057	:	ec3;
	54058	:	ec2;
	54059	:	ec2;
	54060	:	eb1;
	54061	:	db0;
	54062	:	db1;
	54063	:	db1;
	54064	:	db1;
	54065	:	eb1;
	54066	:	db1;
	54067	:	db0;
	54068	:	da0;
	54069	:	db1;
	54070	:	db1;
	54071	:	eb2;
	54072	:	db2;
	54073	:	db1;
	54074	:	db0;
	54075	:	db0;
	54076	:	db0;
	54077	:	db0;
	54078	:	da0;
	54079	:	da0;
	54080	:	da0;
	54081	:	eb0;
	54082	:	eb0;
	54083	:	eb0;
	54084	:	eb0;
	54085	:	fc0;
	54086	:	fc0;
	54087	:	fc0;
	54088	:	fc0;
	54089	:	fc0;
	54090	:	fc0;
	54091	:	fc0;
	54092	:	fc0;
	54093	:	fc0;
	54094	:	fc0;
	54095	:	fc0;
	54096	:	fc0;
	54097	:	fc0;
	54098	:	fc0;
	54099	:	fc1;
	54100	:	ec1;
	54101	:	fc1;
	54102	:	fc1;
	54103	:	fc1;
	54104	:	fc1;
	54105	:	ec0;
	54106	:	eb0;
	54107	:	eb1;
	54108	:	ca0;
	54109	:	b90;
	54110	:	982;
	54111	:	677;
	54112	:	799;
	54113	:	455;
	54114	:	566;
	54115	:	578;
	54116	:	578;
	54117	:	689;
	54118	:	577;
	54119	:	588;
	54120	:	588;
	54121	:	588;
	54122	:	588;
	54123	:	689;
	54124	:	589;
	54125	:	588;
	54126	:	589;
	54127	:	588;
	54128	:	689;
	54129	:	589;
	54130	:	588;
	54131	:	69a;
	54132	:	599;
	54133	:	589;
	54134	:	589;
	54135	:	588;
	54136	:	599;
	54137	:	589;
	54138	:	699;
	54139	:	588;
	54140	:	588;
	54141	:	699;
	54142	:	589;
	54143	:	69a;
	54144	:	7ab;
	54145	:	6aa;
	54146	:	8bc;
	54147	:	599;
	54148	:	799;
	54149	:	796;
	54150	:	795;
	54151	:	795;
	54152	:	795;
	54153	:	795;
	54154	:	795;
	54155	:	795;
	54156	:	795;
	54157	:	795;
	54158	:	795;
	54159	:	895;
	54160	:	895;
	54161	:	795;
	54162	:	795;
	54163	:	795;
	54164	:	795;
	54165	:	795;
	54166	:	795;
	54167	:	795;
	54168	:	795;
	54169	:	795;
	54170	:	794;
	54171	:	794;
	54172	:	694;
	54173	:	694;
	54174	:	694;
	54175	:	684;
	54176	:	684;
	54177	:	684;
	54178	:	684;
	54179	:	684;
	54180	:	684;
	54181	:	684;
	54182	:	684;
	54183	:	684;
	54184	:	684;
	54185	:	674;
	54186	:	674;
	54187	:	674;
	54188	:	674;
	54189	:	564;
	54190	:	664;
	54191	:	664;
	54192	:	664;
	54193	:	664;
	54194	:	665;
	54195	:	664;
	54196	:	665;
	54197	:	665;
	54198	:	665;
	54199	:	675;
	54200	:	665;
	54201	:	675;
	54202	:	689;
	54203	:	455;
	54204	:	467;
	54205	:	477;
	54206	:	333;
	54207	:	422;
	54208	:	732;
	54209	:	732;
	54210	:	732;
	54211	:	632;
	54212	:	632;
	54213	:	633;
	54214	:	633;
	54215	:	632;
	54216	:	632;
	54217	:	833;
	54218	:	943;
	54219	:	944;
	54220	:	943;
	54221	:	a54;
	54222	:	832;
	54223	:	833;
	54224	:	833;
	54225	:	933;
	54226	:	933;
	54227	:	933;
	54228	:	933;
	54229	:	932;
	54230	:	933;
	54231	:	933;
	54232	:	933;
	54233	:	933;
	54234	:	933;
	54235	:	932;
	54236	:	932;
	54237	:	822;
	54238	:	822;
	54239	:	832;
	54240	:	932;
	54241	:	932;
	54242	:	932;
	54243	:	932;
	54244	:	932;
	54245	:	932;
	54246	:	932;
	54247	:	832;
	54248	:	932;
	54249	:	822;
	54250	:	822;
	54251	:	822;
	54252	:	822;
	54253	:	822;
	54254	:	822;
	54255	:	832;
	54256	:	832;
	54257	:	822;
	54258	:	832;
	54259	:	822;
	54260	:	832;
	54261	:	822;
	54262	:	822;
	54263	:	822;
	54264	:	822;
	54265	:	822;
	54266	:	822;
	54267	:	722;
	54268	:	722;
	54269	:	722;
	54270	:	722;
	54271	:	722;
	54272	:	462;
	54273	:	462;
	54274	:	462;
	54275	:	462;
	54276	:	462;
	54277	:	462;
	54278	:	462;
	54279	:	463;
	54280	:	463;
	54281	:	463;
	54282	:	563;
	54283	:	563;
	54284	:	553;
	54285	:	554;
	54286	:	554;
	54287	:	554;
	54288	:	554;
	54289	:	554;
	54290	:	554;
	54291	:	554;
	54292	:	554;
	54293	:	554;
	54294	:	554;
	54295	:	554;
	54296	:	554;
	54297	:	554;
	54298	:	554;
	54299	:	554;
	54300	:	554;
	54301	:	554;
	54302	:	554;
	54303	:	554;
	54304	:	554;
	54305	:	554;
	54306	:	554;
	54307	:	554;
	54308	:	554;
	54309	:	564;
	54310	:	799;
	54311	:	aba;
	54312	:	cb6;
	54313	:	db3;
	54314	:	ec2;
	54315	:	eb2;
	54316	:	eb1;
	54317	:	db0;
	54318	:	db0;
	54319	:	db0;
	54320	:	db1;
	54321	:	db1;
	54322	:	db1;
	54323	:	db1;
	54324	:	db0;
	54325	:	db1;
	54326	:	da1;
	54327	:	db2;
	54328	:	db2;
	54329	:	db1;
	54330	:	db1;
	54331	:	db1;
	54332	:	eb1;
	54333	:	eb1;
	54334	:	eb0;
	54335	:	da0;
	54336	:	db0;
	54337	:	eb0;
	54338	:	eb0;
	54339	:	eb0;
	54340	:	ec0;
	54341	:	fc0;
	54342	:	fc0;
	54343	:	fc0;
	54344	:	fc0;
	54345	:	fc0;
	54346	:	fc0;
	54347	:	fc0;
	54348	:	fc0;
	54349	:	fc0;
	54350	:	fc0;
	54351	:	fc0;
	54352	:	fc0;
	54353	:	fc0;
	54354	:	fc0;
	54355	:	fc1;
	54356	:	fc1;
	54357	:	fc1;
	54358	:	fc1;
	54359	:	fc1;
	54360	:	fc1;
	54361	:	eb0;
	54362	:	ec1;
	54363	:	db0;
	54364	:	ca0;
	54365	:	b90;
	54366	:	982;
	54367	:	688;
	54368	:	699;
	54369	:	688;
	54370	:	567;
	54371	:	577;
	54372	:	567;
	54373	:	588;
	54374	:	578;
	54375	:	588;
	54376	:	588;
	54377	:	588;
	54378	:	578;
	54379	:	588;
	54380	:	589;
	54381	:	588;
	54382	:	588;
	54383	:	588;
	54384	:	589;
	54385	:	589;
	54386	:	588;
	54387	:	59a;
	54388	:	589;
	54389	:	59a;
	54390	:	599;
	54391	:	599;
	54392	:	599;
	54393	:	589;
	54394	:	699;
	54395	:	588;
	54396	:	688;
	54397	:	699;
	54398	:	589;
	54399	:	588;
	54400	:	6aa;
	54401	:	7ab;
	54402	:	69a;
	54403	:	699;
	54404	:	7aa;
	54405	:	676;
	54406	:	796;
	54407	:	795;
	54408	:	795;
	54409	:	795;
	54410	:	795;
	54411	:	795;
	54412	:	795;
	54413	:	795;
	54414	:	795;
	54415	:	895;
	54416	:	795;
	54417	:	795;
	54418	:	795;
	54419	:	795;
	54420	:	795;
	54421	:	795;
	54422	:	795;
	54423	:	795;
	54424	:	795;
	54425	:	795;
	54426	:	795;
	54427	:	795;
	54428	:	794;
	54429	:	694;
	54430	:	694;
	54431	:	694;
	54432	:	684;
	54433	:	684;
	54434	:	684;
	54435	:	684;
	54436	:	684;
	54437	:	684;
	54438	:	684;
	54439	:	684;
	54440	:	684;
	54441	:	674;
	54442	:	674;
	54443	:	674;
	54444	:	674;
	54445	:	564;
	54446	:	674;
	54447	:	664;
	54448	:	664;
	54449	:	664;
	54450	:	664;
	54451	:	665;
	54452	:	665;
	54453	:	665;
	54454	:	665;
	54455	:	665;
	54456	:	675;
	54457	:	675;
	54458	:	799;
	54459	:	565;
	54460	:	466;
	54461	:	477;
	54462	:	343;
	54463	:	422;
	54464	:	733;
	54465	:	743;
	54466	:	733;
	54467	:	633;
	54468	:	743;
	54469	:	733;
	54470	:	633;
	54471	:	632;
	54472	:	632;
	54473	:	733;
	54474	:	833;
	54475	:	944;
	54476	:	833;
	54477	:	943;
	54478	:	832;
	54479	:	833;
	54480	:	832;
	54481	:	933;
	54482	:	944;
	54483	:	944;
	54484	:	933;
	54485	:	933;
	54486	:	933;
	54487	:	933;
	54488	:	933;
	54489	:	833;
	54490	:	933;
	54491	:	933;
	54492	:	822;
	54493	:	822;
	54494	:	832;
	54495	:	832;
	54496	:	822;
	54497	:	822;
	54498	:	932;
	54499	:	932;
	54500	:	932;
	54501	:	832;
	54502	:	932;
	54503	:	832;
	54504	:	832;
	54505	:	832;
	54506	:	832;
	54507	:	822;
	54508	:	822;
	54509	:	832;
	54510	:	822;
	54511	:	832;
	54512	:	832;
	54513	:	832;
	54514	:	822;
	54515	:	832;
	54516	:	822;
	54517	:	832;
	54518	:	832;
	54519	:	832;
	54520	:	822;
	54521	:	822;
	54522	:	722;
	54523	:	722;
	54524	:	732;
	54525	:	722;
	54526	:	722;
	54527	:	722;
	54528	:	462;
	54529	:	462;
	54530	:	462;
	54531	:	462;
	54532	:	462;
	54533	:	462;
	54534	:	462;
	54535	:	463;
	54536	:	463;
	54537	:	463;
	54538	:	563;
	54539	:	563;
	54540	:	553;
	54541	:	553;
	54542	:	554;
	54543	:	554;
	54544	:	554;
	54545	:	554;
	54546	:	554;
	54547	:	554;
	54548	:	554;
	54549	:	554;
	54550	:	554;
	54551	:	554;
	54552	:	554;
	54553	:	554;
	54554	:	554;
	54555	:	554;
	54556	:	554;
	54557	:	554;
	54558	:	554;
	54559	:	554;
	54560	:	554;
	54561	:	554;
	54562	:	554;
	54563	:	554;
	54564	:	554;
	54565	:	676;
	54566	:	8bb;
	54567	:	aa9;
	54568	:	db5;
	54569	:	db3;
	54570	:	ec2;
	54571	:	eb2;
	54572	:	eb1;
	54573	:	eb1;
	54574	:	db0;
	54575	:	da0;
	54576	:	db0;
	54577	:	db1;
	54578	:	db0;
	54579	:	db1;
	54580	:	db1;
	54581	:	db1;
	54582	:	da0;
	54583	:	da1;
	54584	:	db1;
	54585	:	da0;
	54586	:	eb1;
	54587	:	da1;
	54588	:	eb1;
	54589	:	eb0;
	54590	:	eb0;
	54591	:	da0;
	54592	:	eb1;
	54593	:	ec1;
	54594	:	ec0;
	54595	:	eb0;
	54596	:	ec0;
	54597	:	fc0;
	54598	:	fc0;
	54599	:	fc0;
	54600	:	fc0;
	54601	:	fc0;
	54602	:	fc0;
	54603	:	fc0;
	54604	:	fc0;
	54605	:	fc1;
	54606	:	fc1;
	54607	:	fc1;
	54608	:	fc0;
	54609	:	fc0;
	54610	:	fc0;
	54611	:	fc1;
	54612	:	fc0;
	54613	:	fc1;
	54614	:	fc1;
	54615	:	fc1;
	54616	:	fc1;
	54617	:	ec1;
	54618	:	eb0;
	54619	:	eb1;
	54620	:	c90;
	54621	:	c90;
	54622	:	982;
	54623	:	688;
	54624	:	689;
	54625	:	589;
	54626	:	689;
	54627	:	588;
	54628	:	577;
	54629	:	578;
	54630	:	589;
	54631	:	588;
	54632	:	588;
	54633	:	588;
	54634	:	578;
	54635	:	589;
	54636	:	588;
	54637	:	589;
	54638	:	588;
	54639	:	589;
	54640	:	589;
	54641	:	588;
	54642	:	589;
	54643	:	589;
	54644	:	58a;
	54645	:	489;
	54646	:	589;
	54647	:	69a;
	54648	:	599;
	54649	:	589;
	54650	:	589;
	54651	:	589;
	54652	:	699;
	54653	:	699;
	54654	:	69a;
	54655	:	588;
	54656	:	699;
	54657	:	7ab;
	54658	:	6aa;
	54659	:	589;
	54660	:	476;
	54661	:	576;
	54662	:	685;
	54663	:	795;
	54664	:	795;
	54665	:	795;
	54666	:	795;
	54667	:	795;
	54668	:	795;
	54669	:	795;
	54670	:	795;
	54671	:	795;
	54672	:	795;
	54673	:	795;
	54674	:	795;
	54675	:	795;
	54676	:	795;
	54677	:	795;
	54678	:	795;
	54679	:	795;
	54680	:	795;
	54681	:	795;
	54682	:	795;
	54683	:	795;
	54684	:	794;
	54685	:	694;
	54686	:	694;
	54687	:	684;
	54688	:	684;
	54689	:	684;
	54690	:	684;
	54691	:	684;
	54692	:	684;
	54693	:	684;
	54694	:	684;
	54695	:	674;
	54696	:	674;
	54697	:	674;
	54698	:	674;
	54699	:	674;
	54700	:	664;
	54701	:	664;
	54702	:	664;
	54703	:	664;
	54704	:	664;
	54705	:	664;
	54706	:	665;
	54707	:	675;
	54708	:	665;
	54709	:	665;
	54710	:	665;
	54711	:	665;
	54712	:	675;
	54713	:	675;
	54714	:	799;
	54715	:	577;
	54716	:	466;
	54717	:	477;
	54718	:	343;
	54719	:	422;
	54720	:	843;
	54721	:	844;
	54722	:	854;
	54723	:	744;
	54724	:	733;
	54725	:	733;
	54726	:	633;
	54727	:	522;
	54728	:	632;
	54729	:	733;
	54730	:	833;
	54731	:	943;
	54732	:	833;
	54733	:	832;
	54734	:	833;
	54735	:	832;
	54736	:	833;
	54737	:	833;
	54738	:	944;
	54739	:	944;
	54740	:	933;
	54741	:	833;
	54742	:	832;
	54743	:	933;
	54744	:	933;
	54745	:	933;
	54746	:	933;
	54747	:	933;
	54748	:	832;
	54749	:	932;
	54750	:	932;
	54751	:	832;
	54752	:	832;
	54753	:	822;
	54754	:	822;
	54755	:	932;
	54756	:	932;
	54757	:	932;
	54758	:	932;
	54759	:	832;
	54760	:	833;
	54761	:	832;
	54762	:	832;
	54763	:	832;
	54764	:	822;
	54765	:	832;
	54766	:	822;
	54767	:	822;
	54768	:	832;
	54769	:	832;
	54770	:	832;
	54771	:	822;
	54772	:	822;
	54773	:	832;
	54774	:	832;
	54775	:	832;
	54776	:	832;
	54777	:	832;
	54778	:	832;
	54779	:	832;
	54780	:	722;
	54781	:	732;
	54782	:	722;
	54783	:	722;
	54784	:	462;
	54785	:	462;
	54786	:	462;
	54787	:	462;
	54788	:	462;
	54789	:	462;
	54790	:	462;
	54791	:	463;
	54792	:	463;
	54793	:	463;
	54794	:	563;
	54795	:	563;
	54796	:	553;
	54797	:	553;
	54798	:	554;
	54799	:	554;
	54800	:	554;
	54801	:	554;
	54802	:	554;
	54803	:	554;
	54804	:	554;
	54805	:	554;
	54806	:	554;
	54807	:	554;
	54808	:	554;
	54809	:	554;
	54810	:	554;
	54811	:	554;
	54812	:	554;
	54813	:	554;
	54814	:	554;
	54815	:	554;
	54816	:	554;
	54817	:	554;
	54818	:	554;
	54819	:	554;
	54820	:	554;
	54821	:	676;
	54822	:	8bb;
	54823	:	aa9;
	54824	:	db5;
	54825	:	db3;
	54826	:	ec2;
	54827	:	eb2;
	54828	:	eb1;
	54829	:	eb1;
	54830	:	db0;
	54831	:	da0;
	54832	:	db0;
	54833	:	db1;
	54834	:	db0;
	54835	:	db1;
	54836	:	db1;
	54837	:	db1;
	54838	:	da0;
	54839	:	da1;
	54840	:	db1;
	54841	:	da0;
	54842	:	eb1;
	54843	:	da1;
	54844	:	eb1;
	54845	:	eb0;
	54846	:	eb0;
	54847	:	da0;
	54848	:	eb1;
	54849	:	ec1;
	54850	:	ec0;
	54851	:	eb0;
	54852	:	ec0;
	54853	:	fc0;
	54854	:	fc0;
	54855	:	fc0;
	54856	:	fc0;
	54857	:	fc0;
	54858	:	fc0;
	54859	:	fc0;
	54860	:	fc0;
	54861	:	fc1;
	54862	:	fc1;
	54863	:	fc1;
	54864	:	fc0;
	54865	:	fc0;
	54866	:	fc0;
	54867	:	fc1;
	54868	:	fc0;
	54869	:	fc1;
	54870	:	fc1;
	54871	:	fc1;
	54872	:	fc1;
	54873	:	ec1;
	54874	:	eb0;
	54875	:	eb1;
	54876	:	c90;
	54877	:	c90;
	54878	:	982;
	54879	:	688;
	54880	:	689;
	54881	:	589;
	54882	:	689;
	54883	:	588;
	54884	:	577;
	54885	:	578;
	54886	:	589;
	54887	:	588;
	54888	:	588;
	54889	:	588;
	54890	:	578;
	54891	:	589;
	54892	:	588;
	54893	:	589;
	54894	:	588;
	54895	:	589;
	54896	:	589;
	54897	:	588;
	54898	:	589;
	54899	:	589;
	54900	:	58a;
	54901	:	489;
	54902	:	589;
	54903	:	69a;
	54904	:	599;
	54905	:	589;
	54906	:	589;
	54907	:	589;
	54908	:	699;
	54909	:	699;
	54910	:	69a;
	54911	:	588;
	54912	:	699;
	54913	:	7ab;
	54914	:	6aa;
	54915	:	589;
	54916	:	476;
	54917	:	576;
	54918	:	685;
	54919	:	795;
	54920	:	795;
	54921	:	795;
	54922	:	795;
	54923	:	795;
	54924	:	795;
	54925	:	795;
	54926	:	795;
	54927	:	795;
	54928	:	795;
	54929	:	795;
	54930	:	795;
	54931	:	795;
	54932	:	795;
	54933	:	795;
	54934	:	795;
	54935	:	795;
	54936	:	795;
	54937	:	795;
	54938	:	795;
	54939	:	795;
	54940	:	794;
	54941	:	694;
	54942	:	694;
	54943	:	684;
	54944	:	684;
	54945	:	684;
	54946	:	684;
	54947	:	684;
	54948	:	684;
	54949	:	684;
	54950	:	684;
	54951	:	674;
	54952	:	674;
	54953	:	674;
	54954	:	674;
	54955	:	674;
	54956	:	664;
	54957	:	664;
	54958	:	664;
	54959	:	664;
	54960	:	664;
	54961	:	664;
	54962	:	665;
	54963	:	675;
	54964	:	665;
	54965	:	665;
	54966	:	665;
	54967	:	665;
	54968	:	675;
	54969	:	675;
	54970	:	799;
	54971	:	577;
	54972	:	466;
	54973	:	477;
	54974	:	343;
	54975	:	422;
	54976	:	843;
	54977	:	844;
	54978	:	854;
	54979	:	744;
	54980	:	733;
	54981	:	733;
	54982	:	633;
	54983	:	522;
	54984	:	632;
	54985	:	733;
	54986	:	833;
	54987	:	943;
	54988	:	833;
	54989	:	832;
	54990	:	833;
	54991	:	832;
	54992	:	833;
	54993	:	833;
	54994	:	944;
	54995	:	944;
	54996	:	933;
	54997	:	833;
	54998	:	832;
	54999	:	933;
	55000	:	933;
	55001	:	933;
	55002	:	933;
	55003	:	933;
	55004	:	832;
	55005	:	932;
	55006	:	932;
	55007	:	832;
	55008	:	832;
	55009	:	822;
	55010	:	822;
	55011	:	932;
	55012	:	932;
	55013	:	932;
	55014	:	932;
	55015	:	832;
	55016	:	833;
	55017	:	832;
	55018	:	832;
	55019	:	832;
	55020	:	822;
	55021	:	832;
	55022	:	822;
	55023	:	822;
	55024	:	832;
	55025	:	832;
	55026	:	832;
	55027	:	822;
	55028	:	822;
	55029	:	832;
	55030	:	832;
	55031	:	832;
	55032	:	832;
	55033	:	832;
	55034	:	832;
	55035	:	832;
	55036	:	722;
	55037	:	732;
	55038	:	722;
	55039	:	722;
	55040	:	462;
	55041	:	462;
	55042	:	462;
	55043	:	462;
	55044	:	462;
	55045	:	462;
	55046	:	462;
	55047	:	462;
	55048	:	462;
	55049	:	463;
	55050	:	463;
	55051	:	563;
	55052	:	553;
	55053	:	553;
	55054	:	554;
	55055	:	554;
	55056	:	554;
	55057	:	554;
	55058	:	554;
	55059	:	554;
	55060	:	554;
	55061	:	554;
	55062	:	554;
	55063	:	554;
	55064	:	554;
	55065	:	554;
	55066	:	554;
	55067	:	554;
	55068	:	554;
	55069	:	554;
	55070	:	554;
	55071	:	554;
	55072	:	554;
	55073	:	554;
	55074	:	554;
	55075	:	554;
	55076	:	554;
	55077	:	7aa;
	55078	:	79a;
	55079	:	897;
	55080	:	cb5;
	55081	:	db3;
	55082	:	db2;
	55083	:	eb2;
	55084	:	db2;
	55085	:	eb2;
	55086	:	db2;
	55087	:	db2;
	55088	:	db2;
	55089	:	db1;
	55090	:	db0;
	55091	:	db1;
	55092	:	db2;
	55093	:	da2;
	55094	:	db2;
	55095	:	db0;
	55096	:	eb0;
	55097	:	db0;
	55098	:	eb0;
	55099	:	eb0;
	55100	:	eb1;
	55101	:	eb1;
	55102	:	eb1;
	55103	:	eb1;
	55104	:	eb0;
	55105	:	fc1;
	55106	:	fc0;
	55107	:	fc0;
	55108	:	fc0;
	55109	:	fb0;
	55110	:	fb0;
	55111	:	fb0;
	55112	:	fc0;
	55113	:	fc0;
	55114	:	fc1;
	55115	:	fb1;
	55116	:	fc1;
	55117	:	fc1;
	55118	:	fc1;
	55119	:	fc1;
	55120	:	fc0;
	55121	:	fc0;
	55122	:	fc1;
	55123	:	fc0;
	55124	:	fc0;
	55125	:	fc1;
	55126	:	fc1;
	55127	:	eb1;
	55128	:	fc1;
	55129	:	eb1;
	55130	:	eb1;
	55131	:	eb1;
	55132	:	da0;
	55133	:	c90;
	55134	:	a81;
	55135	:	897;
	55136	:	588;
	55137	:	589;
	55138	:	589;
	55139	:	589;
	55140	:	588;
	55141	:	588;
	55142	:	588;
	55143	:	478;
	55144	:	589;
	55145	:	589;
	55146	:	578;
	55147	:	588;
	55148	:	588;
	55149	:	589;
	55150	:	599;
	55151	:	589;
	55152	:	589;
	55153	:	69a;
	55154	:	589;
	55155	:	588;
	55156	:	599;
	55157	:	588;
	55158	:	588;
	55159	:	589;
	55160	:	589;
	55161	:	589;
	55162	:	589;
	55163	:	599;
	55164	:	599;
	55165	:	699;
	55166	:	69a;
	55167	:	69a;
	55168	:	699;
	55169	:	69a;
	55170	:	699;
	55171	:	69a;
	55172	:	7bb;
	55173	:	7aa;
	55174	:	587;
	55175	:	574;
	55176	:	795;
	55177	:	795;
	55178	:	795;
	55179	:	795;
	55180	:	795;
	55181	:	795;
	55182	:	795;
	55183	:	795;
	55184	:	795;
	55185	:	795;
	55186	:	795;
	55187	:	795;
	55188	:	795;
	55189	:	795;
	55190	:	795;
	55191	:	795;
	55192	:	795;
	55193	:	795;
	55194	:	795;
	55195	:	795;
	55196	:	694;
	55197	:	694;
	55198	:	684;
	55199	:	684;
	55200	:	684;
	55201	:	684;
	55202	:	684;
	55203	:	684;
	55204	:	684;
	55205	:	574;
	55206	:	674;
	55207	:	674;
	55208	:	574;
	55209	:	674;
	55210	:	674;
	55211	:	664;
	55212	:	664;
	55213	:	664;
	55214	:	664;
	55215	:	664;
	55216	:	665;
	55217	:	665;
	55218	:	665;
	55219	:	665;
	55220	:	665;
	55221	:	675;
	55222	:	675;
	55223	:	675;
	55224	:	675;
	55225	:	675;
	55226	:	688;
	55227	:	699;
	55228	:	355;
	55229	:	577;
	55230	:	444;
	55231	:	322;
	55232	:	733;
	55233	:	833;
	55234	:	733;
	55235	:	733;
	55236	:	732;
	55237	:	632;
	55238	:	633;
	55239	:	533;
	55240	:	533;
	55241	:	622;
	55242	:	833;
	55243	:	832;
	55244	:	732;
	55245	:	832;
	55246	:	833;
	55247	:	833;
	55248	:	833;
	55249	:	832;
	55250	:	933;
	55251	:	933;
	55252	:	833;
	55253	:	933;
	55254	:	833;
	55255	:	943;
	55256	:	944;
	55257	:	832;
	55258	:	933;
	55259	:	832;
	55260	:	832;
	55261	:	832;
	55262	:	832;
	55263	:	832;
	55264	:	832;
	55265	:	822;
	55266	:	832;
	55267	:	822;
	55268	:	832;
	55269	:	832;
	55270	:	932;
	55271	:	932;
	55272	:	833;
	55273	:	933;
	55274	:	832;
	55275	:	832;
	55276	:	722;
	55277	:	832;
	55278	:	832;
	55279	:	822;
	55280	:	832;
	55281	:	822;
	55282	:	832;
	55283	:	832;
	55284	:	832;
	55285	:	832;
	55286	:	832;
	55287	:	722;
	55288	:	822;
	55289	:	832;
	55290	:	822;
	55291	:	832;
	55292	:	832;
	55293	:	732;
	55294	:	722;
	55295	:	622;
	55296	:	462;
	55297	:	462;
	55298	:	462;
	55299	:	462;
	55300	:	462;
	55301	:	462;
	55302	:	462;
	55303	:	462;
	55304	:	462;
	55305	:	463;
	55306	:	463;
	55307	:	563;
	55308	:	553;
	55309	:	553;
	55310	:	554;
	55311	:	554;
	55312	:	554;
	55313	:	554;
	55314	:	554;
	55315	:	554;
	55316	:	554;
	55317	:	554;
	55318	:	554;
	55319	:	554;
	55320	:	554;
	55321	:	554;
	55322	:	554;
	55323	:	554;
	55324	:	554;
	55325	:	554;
	55326	:	554;
	55327	:	554;
	55328	:	554;
	55329	:	554;
	55330	:	554;
	55331	:	554;
	55332	:	554;
	55333	:	7aa;
	55334	:	79a;
	55335	:	897;
	55336	:	cb5;
	55337	:	db3;
	55338	:	db2;
	55339	:	eb2;
	55340	:	db2;
	55341	:	eb2;
	55342	:	db2;
	55343	:	db2;
	55344	:	db2;
	55345	:	db1;
	55346	:	db0;
	55347	:	db1;
	55348	:	db2;
	55349	:	da2;
	55350	:	db2;
	55351	:	db0;
	55352	:	eb0;
	55353	:	db0;
	55354	:	eb0;
	55355	:	eb0;
	55356	:	eb1;
	55357	:	eb1;
	55358	:	eb1;
	55359	:	eb1;
	55360	:	eb0;
	55361	:	fc1;
	55362	:	fc0;
	55363	:	fc0;
	55364	:	fc0;
	55365	:	fb0;
	55366	:	fb0;
	55367	:	fb0;
	55368	:	fc0;
	55369	:	fc0;
	55370	:	fc1;
	55371	:	fb1;
	55372	:	fc1;
	55373	:	fc1;
	55374	:	fc1;
	55375	:	fc1;
	55376	:	fc0;
	55377	:	fc0;
	55378	:	fc1;
	55379	:	fc0;
	55380	:	fc0;
	55381	:	fc1;
	55382	:	fc1;
	55383	:	eb1;
	55384	:	fc1;
	55385	:	eb1;
	55386	:	eb1;
	55387	:	eb1;
	55388	:	da0;
	55389	:	c90;
	55390	:	a81;
	55391	:	897;
	55392	:	588;
	55393	:	589;
	55394	:	589;
	55395	:	589;
	55396	:	588;
	55397	:	588;
	55398	:	588;
	55399	:	478;
	55400	:	589;
	55401	:	589;
	55402	:	578;
	55403	:	588;
	55404	:	588;
	55405	:	589;
	55406	:	599;
	55407	:	589;
	55408	:	589;
	55409	:	69a;
	55410	:	589;
	55411	:	588;
	55412	:	599;
	55413	:	588;
	55414	:	588;
	55415	:	589;
	55416	:	589;
	55417	:	589;
	55418	:	589;
	55419	:	599;
	55420	:	599;
	55421	:	699;
	55422	:	69a;
	55423	:	69a;
	55424	:	699;
	55425	:	69a;
	55426	:	699;
	55427	:	69a;
	55428	:	7bb;
	55429	:	7aa;
	55430	:	587;
	55431	:	574;
	55432	:	795;
	55433	:	795;
	55434	:	795;
	55435	:	795;
	55436	:	795;
	55437	:	795;
	55438	:	795;
	55439	:	795;
	55440	:	795;
	55441	:	795;
	55442	:	795;
	55443	:	795;
	55444	:	795;
	55445	:	795;
	55446	:	795;
	55447	:	795;
	55448	:	795;
	55449	:	795;
	55450	:	795;
	55451	:	795;
	55452	:	694;
	55453	:	694;
	55454	:	684;
	55455	:	684;
	55456	:	684;
	55457	:	684;
	55458	:	684;
	55459	:	684;
	55460	:	684;
	55461	:	574;
	55462	:	674;
	55463	:	674;
	55464	:	574;
	55465	:	674;
	55466	:	674;
	55467	:	664;
	55468	:	664;
	55469	:	664;
	55470	:	664;
	55471	:	664;
	55472	:	665;
	55473	:	665;
	55474	:	665;
	55475	:	665;
	55476	:	665;
	55477	:	675;
	55478	:	675;
	55479	:	675;
	55480	:	675;
	55481	:	675;
	55482	:	688;
	55483	:	699;
	55484	:	355;
	55485	:	577;
	55486	:	444;
	55487	:	322;
	55488	:	733;
	55489	:	833;
	55490	:	733;
	55491	:	733;
	55492	:	732;
	55493	:	632;
	55494	:	633;
	55495	:	533;
	55496	:	533;
	55497	:	622;
	55498	:	833;
	55499	:	832;
	55500	:	732;
	55501	:	832;
	55502	:	833;
	55503	:	833;
	55504	:	833;
	55505	:	832;
	55506	:	933;
	55507	:	933;
	55508	:	833;
	55509	:	933;
	55510	:	833;
	55511	:	943;
	55512	:	944;
	55513	:	832;
	55514	:	933;
	55515	:	832;
	55516	:	832;
	55517	:	832;
	55518	:	832;
	55519	:	832;
	55520	:	832;
	55521	:	822;
	55522	:	832;
	55523	:	822;
	55524	:	832;
	55525	:	832;
	55526	:	932;
	55527	:	932;
	55528	:	833;
	55529	:	933;
	55530	:	832;
	55531	:	832;
	55532	:	722;
	55533	:	832;
	55534	:	832;
	55535	:	822;
	55536	:	832;
	55537	:	822;
	55538	:	832;
	55539	:	832;
	55540	:	832;
	55541	:	832;
	55542	:	832;
	55543	:	722;
	55544	:	822;
	55545	:	832;
	55546	:	822;
	55547	:	832;
	55548	:	832;
	55549	:	732;
	55550	:	722;
	55551	:	622;
	55552	:	462;
	55553	:	462;
	55554	:	462;
	55555	:	462;
	55556	:	462;
	55557	:	462;
	55558	:	462;
	55559	:	462;
	55560	:	462;
	55561	:	463;
	55562	:	463;
	55563	:	453;
	55564	:	553;
	55565	:	553;
	55566	:	554;
	55567	:	554;
	55568	:	554;
	55569	:	554;
	55570	:	554;
	55571	:	554;
	55572	:	554;
	55573	:	554;
	55574	:	554;
	55575	:	554;
	55576	:	554;
	55577	:	554;
	55578	:	554;
	55579	:	554;
	55580	:	554;
	55581	:	554;
	55582	:	554;
	55583	:	554;
	55584	:	554;
	55585	:	554;
	55586	:	554;
	55587	:	554;
	55588	:	576;
	55589	:	69a;
	55590	:	898;
	55591	:	985;
	55592	:	cb3;
	55593	:	db2;
	55594	:	db1;
	55595	:	db1;
	55596	:	db1;
	55597	:	eb2;
	55598	:	eb2;
	55599	:	db2;
	55600	:	db3;
	55601	:	db3;
	55602	:	db3;
	55603	:	ec5;
	55604	:	ec5;
	55605	:	ec4;
	55606	:	ec4;
	55607	:	ec3;
	55608	:	ec2;
	55609	:	fd4;
	55610	:	fd4;
	55611	:	fc3;
	55612	:	ec2;
	55613	:	fc1;
	55614	:	fc1;
	55615	:	eb1;
	55616	:	eb0;
	55617	:	eb0;
	55618	:	eb0;
	55619	:	fb0;
	55620	:	eb0;
	55621	:	eb0;
	55622	:	fb0;
	55623	:	fb0;
	55624	:	fc0;
	55625	:	fc1;
	55626	:	fc1;
	55627	:	fc1;
	55628	:	fc1;
	55629	:	fb1;
	55630	:	fc1;
	55631	:	fb0;
	55632	:	fb0;
	55633	:	fb1;
	55634	:	fc1;
	55635	:	fc1;
	55636	:	fc0;
	55637	:	fc1;
	55638	:	eb1;
	55639	:	eb1;
	55640	:	ec1;
	55641	:	eb0;
	55642	:	eb0;
	55643	:	eb1;
	55644	:	da0;
	55645	:	ca1;
	55646	:	b90;
	55647	:	995;
	55648	:	588;
	55649	:	588;
	55650	:	589;
	55651	:	588;
	55652	:	588;
	55653	:	588;
	55654	:	588;
	55655	:	588;
	55656	:	588;
	55657	:	588;
	55658	:	488;
	55659	:	588;
	55660	:	588;
	55661	:	589;
	55662	:	589;
	55663	:	588;
	55664	:	588;
	55665	:	588;
	55666	:	599;
	55667	:	589;
	55668	:	589;
	55669	:	589;
	55670	:	589;
	55671	:	588;
	55672	:	589;
	55673	:	589;
	55674	:	599;
	55675	:	589;
	55676	:	589;
	55677	:	699;
	55678	:	69a;
	55679	:	59a;
	55680	:	6ab;
	55681	:	59a;
	55682	:	69a;
	55683	:	6aa;
	55684	:	69a;
	55685	:	69a;
	55686	:	6aa;
	55687	:	699;
	55688	:	353;
	55689	:	795;
	55690	:	795;
	55691	:	795;
	55692	:	795;
	55693	:	795;
	55694	:	795;
	55695	:	795;
	55696	:	795;
	55697	:	795;
	55698	:	795;
	55699	:	795;
	55700	:	795;
	55701	:	795;
	55702	:	795;
	55703	:	795;
	55704	:	795;
	55705	:	794;
	55706	:	694;
	55707	:	694;
	55708	:	684;
	55709	:	684;
	55710	:	684;
	55711	:	684;
	55712	:	684;
	55713	:	684;
	55714	:	684;
	55715	:	684;
	55716	:	684;
	55717	:	674;
	55718	:	674;
	55719	:	674;
	55720	:	674;
	55721	:	674;
	55722	:	664;
	55723	:	664;
	55724	:	664;
	55725	:	664;
	55726	:	664;
	55727	:	665;
	55728	:	665;
	55729	:	665;
	55730	:	675;
	55731	:	675;
	55732	:	675;
	55733	:	675;
	55734	:	675;
	55735	:	675;
	55736	:	675;
	55737	:	675;
	55738	:	687;
	55739	:	79a;
	55740	:	354;
	55741	:	577;
	55742	:	455;
	55743	:	322;
	55744	:	733;
	55745	:	833;
	55746	:	733;
	55747	:	733;
	55748	:	733;
	55749	:	633;
	55750	:	633;
	55751	:	633;
	55752	:	632;
	55753	:	632;
	55754	:	733;
	55755	:	621;
	55756	:	622;
	55757	:	833;
	55758	:	832;
	55759	:	833;
	55760	:	833;
	55761	:	832;
	55762	:	832;
	55763	:	933;
	55764	:	832;
	55765	:	832;
	55766	:	832;
	55767	:	933;
	55768	:	943;
	55769	:	943;
	55770	:	822;
	55771	:	832;
	55772	:	832;
	55773	:	832;
	55774	:	832;
	55775	:	832;
	55776	:	933;
	55777	:	832;
	55778	:	832;
	55779	:	832;
	55780	:	832;
	55781	:	932;
	55782	:	932;
	55783	:	932;
	55784	:	833;
	55785	:	832;
	55786	:	832;
	55787	:	832;
	55788	:	722;
	55789	:	832;
	55790	:	732;
	55791	:	722;
	55792	:	832;
	55793	:	832;
	55794	:	932;
	55795	:	832;
	55796	:	832;
	55797	:	822;
	55798	:	832;
	55799	:	722;
	55800	:	822;
	55801	:	832;
	55802	:	832;
	55803	:	822;
	55804	:	722;
	55805	:	732;
	55806	:	722;
	55807	:	622;
	55808	:	462;
	55809	:	462;
	55810	:	462;
	55811	:	462;
	55812	:	462;
	55813	:	462;
	55814	:	462;
	55815	:	462;
	55816	:	462;
	55817	:	462;
	55818	:	463;
	55819	:	463;
	55820	:	453;
	55821	:	453;
	55822	:	554;
	55823	:	554;
	55824	:	554;
	55825	:	554;
	55826	:	554;
	55827	:	554;
	55828	:	554;
	55829	:	554;
	55830	:	554;
	55831	:	554;
	55832	:	554;
	55833	:	554;
	55834	:	554;
	55835	:	554;
	55836	:	554;
	55837	:	554;
	55838	:	554;
	55839	:	554;
	55840	:	554;
	55841	:	554;
	55842	:	554;
	55843	:	554;
	55844	:	788;
	55845	:	69a;
	55846	:	997;
	55847	:	ba4;
	55848	:	db2;
	55849	:	db2;
	55850	:	db2;
	55851	:	db2;
	55852	:	eb2;
	55853	:	db2;
	55854	:	db2;
	55855	:	eb2;
	55856	:	eb3;
	55857	:	eb4;
	55858	:	eb5;
	55859	:	ec5;
	55860	:	ec4;
	55861	:	ec4;
	55862	:	fd4;
	55863	:	fc3;
	55864	:	fd4;
	55865	:	fd5;
	55866	:	fe5;
	55867	:	fd4;
	55868	:	fd3;
	55869	:	fc2;
	55870	:	fc2;
	55871	:	fc2;
	55872	:	fc0;
	55873	:	eb0;
	55874	:	eb0;
	55875	:	eb0;
	55876	:	fc0;
	55877	:	fb0;
	55878	:	eb0;
	55879	:	fc1;
	55880	:	fc0;
	55881	:	fc1;
	55882	:	fc1;
	55883	:	fc1;
	55884	:	fc1;
	55885	:	fc1;
	55886	:	fb1;
	55887	:	fb0;
	55888	:	fb1;
	55889	:	fc1;
	55890	:	fc1;
	55891	:	fc0;
	55892	:	fc0;
	55893	:	fc0;
	55894	:	eb1;
	55895	:	ec1;
	55896	:	eb0;
	55897	:	eb1;
	55898	:	eb1;
	55899	:	db1;
	55900	:	da0;
	55901	:	ca0;
	55902	:	b91;
	55903	:	a94;
	55904	:	578;
	55905	:	589;
	55906	:	689;
	55907	:	588;
	55908	:	588;
	55909	:	578;
	55910	:	588;
	55911	:	478;
	55912	:	589;
	55913	:	588;
	55914	:	589;
	55915	:	488;
	55916	:	588;
	55917	:	589;
	55918	:	589;
	55919	:	589;
	55920	:	589;
	55921	:	588;
	55922	:	589;
	55923	:	599;
	55924	:	589;
	55925	:	599;
	55926	:	589;
	55927	:	589;
	55928	:	589;
	55929	:	589;
	55930	:	589;
	55931	:	589;
	55932	:	589;
	55933	:	599;
	55934	:	69a;
	55935	:	59a;
	55936	:	6ab;
	55937	:	69a;
	55938	:	59a;
	55939	:	7ab;
	55940	:	488;
	55941	:	69a;
	55942	:	69a;
	55943	:	688;
	55944	:	465;
	55945	:	463;
	55946	:	795;
	55947	:	794;
	55948	:	795;
	55949	:	694;
	55950	:	795;
	55951	:	795;
	55952	:	795;
	55953	:	795;
	55954	:	795;
	55955	:	795;
	55956	:	795;
	55957	:	795;
	55958	:	795;
	55959	:	794;
	55960	:	795;
	55961	:	694;
	55962	:	694;
	55963	:	694;
	55964	:	684;
	55965	:	684;
	55966	:	684;
	55967	:	684;
	55968	:	684;
	55969	:	684;
	55970	:	684;
	55971	:	684;
	55972	:	684;
	55973	:	674;
	55974	:	674;
	55975	:	674;
	55976	:	674;
	55977	:	674;
	55978	:	664;
	55979	:	664;
	55980	:	664;
	55981	:	664;
	55982	:	664;
	55983	:	665;
	55984	:	665;
	55985	:	665;
	55986	:	675;
	55987	:	675;
	55988	:	675;
	55989	:	675;
	55990	:	675;
	55991	:	675;
	55992	:	675;
	55993	:	675;
	55994	:	686;
	55995	:	699;
	55996	:	355;
	55997	:	466;
	55998	:	455;
	55999	:	322;
	56000	:	633;
	56001	:	833;
	56002	:	733;
	56003	:	733;
	56004	:	732;
	56005	:	633;
	56006	:	644;
	56007	:	633;
	56008	:	532;
	56009	:	522;
	56010	:	732;
	56011	:	722;
	56012	:	622;
	56013	:	732;
	56014	:	832;
	56015	:	832;
	56016	:	833;
	56017	:	833;
	56018	:	833;
	56019	:	832;
	56020	:	832;
	56021	:	832;
	56022	:	832;
	56023	:	933;
	56024	:	943;
	56025	:	832;
	56026	:	832;
	56027	:	832;
	56028	:	822;
	56029	:	832;
	56030	:	832;
	56031	:	832;
	56032	:	932;
	56033	:	832;
	56034	:	822;
	56035	:	822;
	56036	:	832;
	56037	:	832;
	56038	:	832;
	56039	:	932;
	56040	:	933;
	56041	:	832;
	56042	:	832;
	56043	:	832;
	56044	:	832;
	56045	:	832;
	56046	:	722;
	56047	:	722;
	56048	:	832;
	56049	:	832;
	56050	:	832;
	56051	:	833;
	56052	:	722;
	56053	:	722;
	56054	:	732;
	56055	:	722;
	56056	:	832;
	56057	:	822;
	56058	:	832;
	56059	:	832;
	56060	:	722;
	56061	:	732;
	56062	:	722;
	56063	:	622;
	56064	:	462;
	56065	:	462;
	56066	:	462;
	56067	:	462;
	56068	:	462;
	56069	:	462;
	56070	:	462;
	56071	:	462;
	56072	:	462;
	56073	:	463;
	56074	:	463;
	56075	:	463;
	56076	:	453;
	56077	:	453;
	56078	:	554;
	56079	:	554;
	56080	:	554;
	56081	:	554;
	56082	:	554;
	56083	:	554;
	56084	:	554;
	56085	:	554;
	56086	:	554;
	56087	:	554;
	56088	:	554;
	56089	:	554;
	56090	:	554;
	56091	:	554;
	56092	:	554;
	56093	:	554;
	56094	:	554;
	56095	:	554;
	56096	:	554;
	56097	:	554;
	56098	:	554;
	56099	:	565;
	56100	:	79a;
	56101	:	689;
	56102	:	785;
	56103	:	ba3;
	56104	:	ca1;
	56105	:	db2;
	56106	:	db2;
	56107	:	db2;
	56108	:	db2;
	56109	:	db2;
	56110	:	db2;
	56111	:	db3;
	56112	:	eb4;
	56113	:	eb5;
	56114	:	ec6;
	56115	:	fc4;
	56116	:	eb2;
	56117	:	fc3;
	56118	:	fc4;
	56119	:	fd4;
	56120	:	fd4;
	56121	:	fd5;
	56122	:	fd4;
	56123	:	fd4;
	56124	:	fd4;
	56125	:	fd3;
	56126	:	fc2;
	56127	:	fd3;
	56128	:	fc0;
	56129	:	fc1;
	56130	:	fb0;
	56131	:	eb0;
	56132	:	fb0;
	56133	:	fc1;
	56134	:	fc1;
	56135	:	fc1;
	56136	:	fc1;
	56137	:	fc1;
	56138	:	fc1;
	56139	:	fc0;
	56140	:	fc0;
	56141	:	fb0;
	56142	:	fb0;
	56143	:	fb1;
	56144	:	fc1;
	56145	:	fb1;
	56146	:	fc1;
	56147	:	fc0;
	56148	:	fc0;
	56149	:	eb0;
	56150	:	eb0;
	56151	:	fc1;
	56152	:	eb0;
	56153	:	eb0;
	56154	:	eb0;
	56155	:	db0;
	56156	:	da0;
	56157	:	c90;
	56158	:	b91;
	56159	:	a93;
	56160	:	588;
	56161	:	589;
	56162	:	588;
	56163	:	578;
	56164	:	478;
	56165	:	588;
	56166	:	578;
	56167	:	578;
	56168	:	588;
	56169	:	588;
	56170	:	478;
	56171	:	589;
	56172	:	589;
	56173	:	588;
	56174	:	589;
	56175	:	588;
	56176	:	588;
	56177	:	588;
	56178	:	489;
	56179	:	599;
	56180	:	589;
	56181	:	589;
	56182	:	589;
	56183	:	589;
	56184	:	589;
	56185	:	589;
	56186	:	599;
	56187	:	589;
	56188	:	589;
	56189	:	599;
	56190	:	69a;
	56191	:	59a;
	56192	:	69a;
	56193	:	59a;
	56194	:	59a;
	56195	:	6ab;
	56196	:	589;
	56197	:	367;
	56198	:	69a;
	56199	:	588;
	56200	:	465;
	56201	:	232;
	56202	:	795;
	56203	:	794;
	56204	:	694;
	56205	:	795;
	56206	:	795;
	56207	:	795;
	56208	:	795;
	56209	:	795;
	56210	:	795;
	56211	:	795;
	56212	:	795;
	56213	:	795;
	56214	:	794;
	56215	:	794;
	56216	:	795;
	56217	:	694;
	56218	:	694;
	56219	:	684;
	56220	:	684;
	56221	:	684;
	56222	:	684;
	56223	:	684;
	56224	:	684;
	56225	:	684;
	56226	:	684;
	56227	:	684;
	56228	:	684;
	56229	:	674;
	56230	:	674;
	56231	:	674;
	56232	:	674;
	56233	:	674;
	56234	:	664;
	56235	:	664;
	56236	:	664;
	56237	:	664;
	56238	:	664;
	56239	:	665;
	56240	:	675;
	56241	:	675;
	56242	:	775;
	56243	:	775;
	56244	:	675;
	56245	:	675;
	56246	:	675;
	56247	:	675;
	56248	:	675;
	56249	:	685;
	56250	:	686;
	56251	:	699;
	56252	:	365;
	56253	:	466;
	56254	:	456;
	56255	:	332;
	56256	:	532;
	56257	:	733;
	56258	:	732;
	56259	:	733;
	56260	:	633;
	56261	:	633;
	56262	:	633;
	56263	:	632;
	56264	:	632;
	56265	:	522;
	56266	:	632;
	56267	:	732;
	56268	:	622;
	56269	:	622;
	56270	:	833;
	56271	:	833;
	56272	:	833;
	56273	:	833;
	56274	:	833;
	56275	:	833;
	56276	:	832;
	56277	:	832;
	56278	:	833;
	56279	:	833;
	56280	:	833;
	56281	:	832;
	56282	:	832;
	56283	:	822;
	56284	:	822;
	56285	:	832;
	56286	:	832;
	56287	:	932;
	56288	:	832;
	56289	:	832;
	56290	:	832;
	56291	:	932;
	56292	:	832;
	56293	:	832;
	56294	:	932;
	56295	:	932;
	56296	:	933;
	56297	:	833;
	56298	:	832;
	56299	:	832;
	56300	:	832;
	56301	:	832;
	56302	:	832;
	56303	:	832;
	56304	:	832;
	56305	:	832;
	56306	:	832;
	56307	:	832;
	56308	:	722;
	56309	:	832;
	56310	:	832;
	56311	:	722;
	56312	:	832;
	56313	:	822;
	56314	:	832;
	56315	:	822;
	56316	:	722;
	56317	:	732;
	56318	:	722;
	56319	:	622;
	56320	:	462;
	56321	:	462;
	56322	:	462;
	56323	:	462;
	56324	:	462;
	56325	:	462;
	56326	:	462;
	56327	:	462;
	56328	:	462;
	56329	:	463;
	56330	:	463;
	56331	:	453;
	56332	:	453;
	56333	:	453;
	56334	:	553;
	56335	:	554;
	56336	:	554;
	56337	:	554;
	56338	:	554;
	56339	:	554;
	56340	:	554;
	56341	:	554;
	56342	:	554;
	56343	:	554;
	56344	:	554;
	56345	:	554;
	56346	:	554;
	56347	:	554;
	56348	:	554;
	56349	:	554;
	56350	:	554;
	56351	:	554;
	56352	:	554;
	56353	:	554;
	56354	:	554;
	56355	:	676;
	56356	:	8ab;
	56357	:	677;
	56358	:	995;
	56359	:	ca2;
	56360	:	db2;
	56361	:	db2;
	56362	:	db2;
	56363	:	db2;
	56364	:	db2;
	56365	:	db2;
	56366	:	db2;
	56367	:	eb3;
	56368	:	db3;
	56369	:	eb5;
	56370	:	ec5;
	56371	:	ec3;
	56372	:	eb1;
	56373	:	ec3;
	56374	:	fc3;
	56375	:	fc3;
	56376	:	fd4;
	56377	:	fd5;
	56378	:	fd4;
	56379	:	fd4;
	56380	:	fd3;
	56381	:	fd3;
	56382	:	fd2;
	56383	:	fc2;
	56384	:	fc1;
	56385	:	fc2;
	56386	:	fc1;
	56387	:	fc1;
	56388	:	fc1;
	56389	:	fc1;
	56390	:	fc1;
	56391	:	fc1;
	56392	:	fc0;
	56393	:	fc0;
	56394	:	fc1;
	56395	:	fc0;
	56396	:	fb0;
	56397	:	fc0;
	56398	:	fb1;
	56399	:	fc1;
	56400	:	fc1;
	56401	:	fc1;
	56402	:	eb0;
	56403	:	fc1;
	56404	:	eb0;
	56405	:	fb0;
	56406	:	eb0;
	56407	:	eb0;
	56408	:	eb0;
	56409	:	eb1;
	56410	:	da0;
	56411	:	db0;
	56412	:	da0;
	56413	:	c90;
	56414	:	b90;
	56415	:	a82;
	56416	:	688;
	56417	:	477;
	56418	:	588;
	56419	:	589;
	56420	:	578;
	56421	:	578;
	56422	:	588;
	56423	:	588;
	56424	:	588;
	56425	:	578;
	56426	:	589;
	56427	:	478;
	56428	:	589;
	56429	:	589;
	56430	:	589;
	56431	:	588;
	56432	:	588;
	56433	:	589;
	56434	:	69a;
	56435	:	478;
	56436	:	599;
	56437	:	589;
	56438	:	589;
	56439	:	589;
	56440	:	589;
	56441	:	589;
	56442	:	599;
	56443	:	589;
	56444	:	589;
	56445	:	589;
	56446	:	59a;
	56447	:	589;
	56448	:	59a;
	56449	:	69a;
	56450	:	599;
	56451	:	6ab;
	56452	:	589;
	56453	:	377;
	56454	:	6aa;
	56455	:	6aa;
	56456	:	466;
	56457	:	232;
	56458	:	685;
	56459	:	795;
	56460	:	695;
	56461	:	795;
	56462	:	795;
	56463	:	795;
	56464	:	795;
	56465	:	794;
	56466	:	795;
	56467	:	795;
	56468	:	795;
	56469	:	795;
	56470	:	794;
	56471	:	694;
	56472	:	694;
	56473	:	684;
	56474	:	684;
	56475	:	684;
	56476	:	684;
	56477	:	684;
	56478	:	684;
	56479	:	684;
	56480	:	684;
	56481	:	684;
	56482	:	684;
	56483	:	674;
	56484	:	674;
	56485	:	674;
	56486	:	674;
	56487	:	674;
	56488	:	674;
	56489	:	664;
	56490	:	664;
	56491	:	664;
	56492	:	664;
	56493	:	664;
	56494	:	665;
	56495	:	675;
	56496	:	675;
	56497	:	675;
	56498	:	675;
	56499	:	675;
	56500	:	775;
	56501	:	775;
	56502	:	675;
	56503	:	675;
	56504	:	685;
	56505	:	685;
	56506	:	686;
	56507	:	698;
	56508	:	477;
	56509	:	355;
	56510	:	566;
	56511	:	333;
	56512	:	532;
	56513	:	733;
	56514	:	733;
	56515	:	643;
	56516	:	633;
	56517	:	633;
	56518	:	633;
	56519	:	632;
	56520	:	622;
	56521	:	522;
	56522	:	622;
	56523	:	732;
	56524	:	622;
	56525	:	622;
	56526	:	943;
	56527	:	832;
	56528	:	833;
	56529	:	833;
	56530	:	833;
	56531	:	943;
	56532	:	833;
	56533	:	933;
	56534	:	933;
	56535	:	833;
	56536	:	832;
	56537	:	833;
	56538	:	832;
	56539	:	832;
	56540	:	822;
	56541	:	832;
	56542	:	822;
	56543	:	832;
	56544	:	932;
	56545	:	832;
	56546	:	832;
	56547	:	832;
	56548	:	832;
	56549	:	933;
	56550	:	832;
	56551	:	933;
	56552	:	832;
	56553	:	933;
	56554	:	832;
	56555	:	832;
	56556	:	933;
	56557	:	832;
	56558	:	832;
	56559	:	832;
	56560	:	832;
	56561	:	832;
	56562	:	832;
	56563	:	832;
	56564	:	722;
	56565	:	832;
	56566	:	832;
	56567	:	722;
	56568	:	832;
	56569	:	832;
	56570	:	832;
	56571	:	722;
	56572	:	722;
	56573	:	722;
	56574	:	722;
	56575	:	622;
	56576	:	462;
	56577	:	462;
	56578	:	462;
	56579	:	462;
	56580	:	462;
	56581	:	462;
	56582	:	462;
	56583	:	462;
	56584	:	462;
	56585	:	462;
	56586	:	463;
	56587	:	453;
	56588	:	453;
	56589	:	453;
	56590	:	453;
	56591	:	554;
	56592	:	554;
	56593	:	554;
	56594	:	554;
	56595	:	554;
	56596	:	554;
	56597	:	554;
	56598	:	554;
	56599	:	554;
	56600	:	554;
	56601	:	554;
	56602	:	554;
	56603	:	554;
	56604	:	554;
	56605	:	554;
	56606	:	554;
	56607	:	554;
	56608	:	554;
	56609	:	554;
	56610	:	454;
	56611	:	788;
	56612	:	7aa;
	56613	:	787;
	56614	:	a93;
	56615	:	ca2;
	56616	:	db2;
	56617	:	db2;
	56618	:	db2;
	56619	:	db2;
	56620	:	db2;
	56621	:	db2;
	56622	:	db2;
	56623	:	db2;
	56624	:	da2;
	56625	:	eb3;
	56626	:	ec5;
	56627	:	eb1;
	56628	:	ec1;
	56629	:	fc2;
	56630	:	fc2;
	56631	:	fc3;
	56632	:	fd4;
	56633	:	fd4;
	56634	:	fd3;
	56635	:	fd3;
	56636	:	fd3;
	56637	:	fd3;
	56638	:	fd2;
	56639	:	fd2;
	56640	:	fc1;
	56641	:	fc2;
	56642	:	fc2;
	56643	:	fc1;
	56644	:	fc1;
	56645	:	fc1;
	56646	:	fc1;
	56647	:	fc0;
	56648	:	fc0;
	56649	:	fc0;
	56650	:	fc1;
	56651	:	fc1;
	56652	:	fc1;
	56653	:	fc1;
	56654	:	fb1;
	56655	:	fb1;
	56656	:	fc1;
	56657	:	fc1;
	56658	:	fb1;
	56659	:	ea0;
	56660	:	fb0;
	56661	:	eb0;
	56662	:	eb0;
	56663	:	eb0;
	56664	:	eb0;
	56665	:	eb0;
	56666	:	eb0;
	56667	:	da0;
	56668	:	da0;
	56669	:	c90;
	56670	:	b90;
	56671	:	a82;
	56672	:	688;
	56673	:	467;
	56674	:	688;
	56675	:	589;
	56676	:	578;
	56677	:	578;
	56678	:	478;
	56679	:	588;
	56680	:	589;
	56681	:	578;
	56682	:	588;
	56683	:	578;
	56684	:	478;
	56685	:	589;
	56686	:	589;
	56687	:	589;
	56688	:	588;
	56689	:	589;
	56690	:	588;
	56691	:	588;
	56692	:	588;
	56693	:	599;
	56694	:	589;
	56695	:	589;
	56696	:	589;
	56697	:	599;
	56698	:	599;
	56699	:	589;
	56700	:	589;
	56701	:	599;
	56702	:	599;
	56703	:	589;
	56704	:	69a;
	56705	:	69a;
	56706	:	59a;
	56707	:	589;
	56708	:	699;
	56709	:	599;
	56710	:	477;
	56711	:	6aa;
	56712	:	478;
	56713	:	455;
	56714	:	464;
	56715	:	795;
	56716	:	695;
	56717	:	795;
	56718	:	795;
	56719	:	795;
	56720	:	795;
	56721	:	795;
	56722	:	795;
	56723	:	795;
	56724	:	795;
	56725	:	694;
	56726	:	694;
	56727	:	684;
	56728	:	684;
	56729	:	684;
	56730	:	684;
	56731	:	684;
	56732	:	684;
	56733	:	684;
	56734	:	684;
	56735	:	684;
	56736	:	684;
	56737	:	684;
	56738	:	684;
	56739	:	684;
	56740	:	674;
	56741	:	674;
	56742	:	674;
	56743	:	674;
	56744	:	564;
	56745	:	664;
	56746	:	664;
	56747	:	664;
	56748	:	664;
	56749	:	664;
	56750	:	665;
	56751	:	665;
	56752	:	675;
	56753	:	775;
	56754	:	675;
	56755	:	775;
	56756	:	675;
	56757	:	675;
	56758	:	675;
	56759	:	685;
	56760	:	685;
	56761	:	785;
	56762	:	686;
	56763	:	697;
	56764	:	688;
	56765	:	355;
	56766	:	566;
	56767	:	433;
	56768	:	422;
	56769	:	733;
	56770	:	743;
	56771	:	643;
	56772	:	632;
	56773	:	632;
	56774	:	632;
	56775	:	632;
	56776	:	622;
	56777	:	522;
	56778	:	522;
	56779	:	732;
	56780	:	732;
	56781	:	622;
	56782	:	843;
	56783	:	833;
	56784	:	832;
	56785	:	833;
	56786	:	833;
	56787	:	943;
	56788	:	943;
	56789	:	933;
	56790	:	933;
	56791	:	832;
	56792	:	832;
	56793	:	833;
	56794	:	832;
	56795	:	832;
	56796	:	822;
	56797	:	832;
	56798	:	832;
	56799	:	832;
	56800	:	832;
	56801	:	832;
	56802	:	832;
	56803	:	832;
	56804	:	832;
	56805	:	933;
	56806	:	833;
	56807	:	832;
	56808	:	933;
	56809	:	933;
	56810	:	832;
	56811	:	833;
	56812	:	933;
	56813	:	932;
	56814	:	822;
	56815	:	822;
	56816	:	832;
	56817	:	832;
	56818	:	832;
	56819	:	832;
	56820	:	822;
	56821	:	832;
	56822	:	832;
	56823	:	832;
	56824	:	822;
	56825	:	822;
	56826	:	832;
	56827	:	722;
	56828	:	722;
	56829	:	722;
	56830	:	722;
	56831	:	622;
	56832	:	462;
	56833	:	462;
	56834	:	462;
	56835	:	462;
	56836	:	462;
	56837	:	462;
	56838	:	462;
	56839	:	462;
	56840	:	462;
	56841	:	462;
	56842	:	463;
	56843	:	453;
	56844	:	453;
	56845	:	453;
	56846	:	453;
	56847	:	554;
	56848	:	554;
	56849	:	554;
	56850	:	554;
	56851	:	554;
	56852	:	554;
	56853	:	554;
	56854	:	554;
	56855	:	554;
	56856	:	554;
	56857	:	554;
	56858	:	554;
	56859	:	554;
	56860	:	554;
	56861	:	554;
	56862	:	554;
	56863	:	554;
	56864	:	554;
	56865	:	554;
	56866	:	454;
	56867	:	788;
	56868	:	7aa;
	56869	:	787;
	56870	:	a93;
	56871	:	ca2;
	56872	:	db2;
	56873	:	db2;
	56874	:	db2;
	56875	:	db2;
	56876	:	db2;
	56877	:	db2;
	56878	:	db2;
	56879	:	db2;
	56880	:	da2;
	56881	:	eb3;
	56882	:	ec5;
	56883	:	eb1;
	56884	:	ec1;
	56885	:	fc2;
	56886	:	fc2;
	56887	:	fc3;
	56888	:	fd4;
	56889	:	fd4;
	56890	:	fd3;
	56891	:	fd3;
	56892	:	fd3;
	56893	:	fd3;
	56894	:	fd2;
	56895	:	fd2;
	56896	:	fc1;
	56897	:	fc2;
	56898	:	fc2;
	56899	:	fc1;
	56900	:	fc1;
	56901	:	fc1;
	56902	:	fc1;
	56903	:	fc0;
	56904	:	fc0;
	56905	:	fc0;
	56906	:	fc1;
	56907	:	fc1;
	56908	:	fc1;
	56909	:	fc1;
	56910	:	fb1;
	56911	:	fb1;
	56912	:	fc1;
	56913	:	fc1;
	56914	:	fb1;
	56915	:	ea0;
	56916	:	fb0;
	56917	:	eb0;
	56918	:	eb0;
	56919	:	eb0;
	56920	:	eb0;
	56921	:	eb0;
	56922	:	eb0;
	56923	:	da0;
	56924	:	da0;
	56925	:	c90;
	56926	:	b90;
	56927	:	a82;
	56928	:	688;
	56929	:	467;
	56930	:	688;
	56931	:	589;
	56932	:	578;
	56933	:	578;
	56934	:	478;
	56935	:	588;
	56936	:	589;
	56937	:	578;
	56938	:	588;
	56939	:	578;
	56940	:	478;
	56941	:	589;
	56942	:	589;
	56943	:	589;
	56944	:	588;
	56945	:	589;
	56946	:	588;
	56947	:	588;
	56948	:	588;
	56949	:	599;
	56950	:	589;
	56951	:	589;
	56952	:	589;
	56953	:	599;
	56954	:	599;
	56955	:	589;
	56956	:	589;
	56957	:	599;
	56958	:	599;
	56959	:	589;
	56960	:	69a;
	56961	:	69a;
	56962	:	59a;
	56963	:	589;
	56964	:	699;
	56965	:	599;
	56966	:	477;
	56967	:	6aa;
	56968	:	478;
	56969	:	455;
	56970	:	464;
	56971	:	795;
	56972	:	695;
	56973	:	795;
	56974	:	795;
	56975	:	795;
	56976	:	795;
	56977	:	795;
	56978	:	795;
	56979	:	795;
	56980	:	795;
	56981	:	694;
	56982	:	694;
	56983	:	684;
	56984	:	684;
	56985	:	684;
	56986	:	684;
	56987	:	684;
	56988	:	684;
	56989	:	684;
	56990	:	684;
	56991	:	684;
	56992	:	684;
	56993	:	684;
	56994	:	684;
	56995	:	684;
	56996	:	674;
	56997	:	674;
	56998	:	674;
	56999	:	674;
	57000	:	564;
	57001	:	664;
	57002	:	664;
	57003	:	664;
	57004	:	664;
	57005	:	664;
	57006	:	665;
	57007	:	665;
	57008	:	675;
	57009	:	775;
	57010	:	675;
	57011	:	775;
	57012	:	675;
	57013	:	675;
	57014	:	675;
	57015	:	685;
	57016	:	685;
	57017	:	785;
	57018	:	686;
	57019	:	697;
	57020	:	688;
	57021	:	355;
	57022	:	566;
	57023	:	433;
	57024	:	422;
	57025	:	733;
	57026	:	743;
	57027	:	643;
	57028	:	632;
	57029	:	632;
	57030	:	632;
	57031	:	632;
	57032	:	622;
	57033	:	522;
	57034	:	522;
	57035	:	732;
	57036	:	732;
	57037	:	622;
	57038	:	843;
	57039	:	833;
	57040	:	832;
	57041	:	833;
	57042	:	833;
	57043	:	943;
	57044	:	943;
	57045	:	933;
	57046	:	933;
	57047	:	832;
	57048	:	832;
	57049	:	833;
	57050	:	832;
	57051	:	832;
	57052	:	822;
	57053	:	832;
	57054	:	832;
	57055	:	832;
	57056	:	832;
	57057	:	832;
	57058	:	832;
	57059	:	832;
	57060	:	832;
	57061	:	933;
	57062	:	833;
	57063	:	832;
	57064	:	933;
	57065	:	933;
	57066	:	832;
	57067	:	833;
	57068	:	933;
	57069	:	932;
	57070	:	822;
	57071	:	822;
	57072	:	832;
	57073	:	832;
	57074	:	832;
	57075	:	832;
	57076	:	822;
	57077	:	832;
	57078	:	832;
	57079	:	832;
	57080	:	822;
	57081	:	822;
	57082	:	832;
	57083	:	722;
	57084	:	722;
	57085	:	722;
	57086	:	722;
	57087	:	622;
	57088	:	462;
	57089	:	462;
	57090	:	462;
	57091	:	463;
	57092	:	462;
	57093	:	462;
	57094	:	462;
	57095	:	462;
	57096	:	462;
	57097	:	462;
	57098	:	453;
	57099	:	453;
	57100	:	453;
	57101	:	453;
	57102	:	453;
	57103	:	453;
	57104	:	554;
	57105	:	554;
	57106	:	554;
	57107	:	554;
	57108	:	554;
	57109	:	554;
	57110	:	554;
	57111	:	554;
	57112	:	554;
	57113	:	554;
	57114	:	554;
	57115	:	554;
	57116	:	554;
	57117	:	554;
	57118	:	554;
	57119	:	554;
	57120	:	554;
	57121	:	554;
	57122	:	566;
	57123	:	7aa;
	57124	:	799;
	57125	:	993;
	57126	:	b91;
	57127	:	ca1;
	57128	:	db2;
	57129	:	db2;
	57130	:	db2;
	57131	:	db2;
	57132	:	db2;
	57133	:	db2;
	57134	:	db1;
	57135	:	da1;
	57136	:	da1;
	57137	:	db1;
	57138	:	db1;
	57139	:	db0;
	57140	:	ec1;
	57141	:	ec2;
	57142	:	fc2;
	57143	:	fc2;
	57144	:	fd3;
	57145	:	fd2;
	57146	:	fc2;
	57147	:	fc2;
	57148	:	fd2;
	57149	:	fc1;
	57150	:	fd1;
	57151	:	fc1;
	57152	:	fc0;
	57153	:	fd1;
	57154	:	fd2;
	57155	:	fc1;
	57156	:	fd2;
	57157	:	fc1;
	57158	:	fc1;
	57159	:	fc1;
	57160	:	fc1;
	57161	:	fc2;
	57162	:	fc2;
	57163	:	fc2;
	57164	:	fc2;
	57165	:	fc1;
	57166	:	fc1;
	57167	:	fc1;
	57168	:	fb1;
	57169	:	fb1;
	57170	:	eb1;
	57171	:	eb0;
	57172	:	eb0;
	57173	:	eb0;
	57174	:	eb0;
	57175	:	eb0;
	57176	:	eb0;
	57177	:	eb0;
	57178	:	eb0;
	57179	:	da0;
	57180	:	da0;
	57181	:	c90;
	57182	:	b90;
	57183	:	b81;
	57184	:	687;
	57185	:	699;
	57186	:	477;
	57187	:	588;
	57188	:	589;
	57189	:	588;
	57190	:	588;
	57191	:	589;
	57192	:	589;
	57193	:	589;
	57194	:	578;
	57195	:	578;
	57196	:	588;
	57197	:	578;
	57198	:	589;
	57199	:	589;
	57200	:	589;
	57201	:	466;
	57202	:	599;
	57203	:	589;
	57204	:	588;
	57205	:	588;
	57206	:	478;
	57207	:	478;
	57208	:	589;
	57209	:	589;
	57210	:	589;
	57211	:	589;
	57212	:	589;
	57213	:	59a;
	57214	:	488;
	57215	:	599;
	57216	:	589;
	57217	:	599;
	57218	:	59a;
	57219	:	599;
	57220	:	699;
	57221	:	7ab;
	57222	:	366;
	57223	:	588;
	57224	:	7bc;
	57225	:	477;
	57226	:	232;
	57227	:	564;
	57228	:	795;
	57229	:	795;
	57230	:	795;
	57231	:	794;
	57232	:	795;
	57233	:	794;
	57234	:	795;
	57235	:	694;
	57236	:	694;
	57237	:	684;
	57238	:	684;
	57239	:	684;
	57240	:	684;
	57241	:	684;
	57242	:	684;
	57243	:	684;
	57244	:	684;
	57245	:	684;
	57246	:	684;
	57247	:	684;
	57248	:	684;
	57249	:	674;
	57250	:	684;
	57251	:	674;
	57252	:	674;
	57253	:	674;
	57254	:	674;
	57255	:	664;
	57256	:	664;
	57257	:	664;
	57258	:	664;
	57259	:	664;
	57260	:	664;
	57261	:	664;
	57262	:	665;
	57263	:	775;
	57264	:	775;
	57265	:	675;
	57266	:	775;
	57267	:	775;
	57268	:	675;
	57269	:	775;
	57270	:	675;
	57271	:	785;
	57272	:	786;
	57273	:	786;
	57274	:	786;
	57275	:	796;
	57276	:	699;
	57277	:	355;
	57278	:	466;
	57279	:	454;
	57280	:	322;
	57281	:	532;
	57282	:	632;
	57283	:	632;
	57284	:	622;
	57285	:	632;
	57286	:	633;
	57287	:	632;
	57288	:	632;
	57289	:	522;
	57290	:	522;
	57291	:	632;
	57292	:	833;
	57293	:	622;
	57294	:	732;
	57295	:	843;
	57296	:	832;
	57297	:	832;
	57298	:	832;
	57299	:	843;
	57300	:	833;
	57301	:	944;
	57302	:	943;
	57303	:	833;
	57304	:	833;
	57305	:	833;
	57306	:	833;
	57307	:	833;
	57308	:	832;
	57309	:	822;
	57310	:	822;
	57311	:	832;
	57312	:	832;
	57313	:	832;
	57314	:	832;
	57315	:	832;
	57316	:	832;
	57317	:	932;
	57318	:	832;
	57319	:	933;
	57320	:	932;
	57321	:	822;
	57322	:	832;
	57323	:	833;
	57324	:	932;
	57325	:	832;
	57326	:	832;
	57327	:	822;
	57328	:	822;
	57329	:	832;
	57330	:	832;
	57331	:	822;
	57332	:	822;
	57333	:	822;
	57334	:	822;
	57335	:	722;
	57336	:	722;
	57337	:	822;
	57338	:	722;
	57339	:	722;
	57340	:	722;
	57341	:	722;
	57342	:	722;
	57343	:	722;
	57344	:	462;
	57345	:	462;
	57346	:	462;
	57347	:	463;
	57348	:	462;
	57349	:	462;
	57350	:	462;
	57351	:	462;
	57352	:	462;
	57353	:	462;
	57354	:	453;
	57355	:	453;
	57356	:	453;
	57357	:	453;
	57358	:	453;
	57359	:	453;
	57360	:	554;
	57361	:	554;
	57362	:	554;
	57363	:	554;
	57364	:	554;
	57365	:	554;
	57366	:	554;
	57367	:	554;
	57368	:	554;
	57369	:	554;
	57370	:	554;
	57371	:	554;
	57372	:	554;
	57373	:	554;
	57374	:	554;
	57375	:	554;
	57376	:	554;
	57377	:	554;
	57378	:	566;
	57379	:	7aa;
	57380	:	799;
	57381	:	993;
	57382	:	b91;
	57383	:	ca1;
	57384	:	db2;
	57385	:	db2;
	57386	:	db2;
	57387	:	db2;
	57388	:	db2;
	57389	:	db2;
	57390	:	db1;
	57391	:	da1;
	57392	:	da1;
	57393	:	db1;
	57394	:	db1;
	57395	:	db0;
	57396	:	ec1;
	57397	:	ec2;
	57398	:	fc2;
	57399	:	fc2;
	57400	:	fd3;
	57401	:	fd2;
	57402	:	fc2;
	57403	:	fc2;
	57404	:	fd2;
	57405	:	fc1;
	57406	:	fd1;
	57407	:	fc1;
	57408	:	fc0;
	57409	:	fd1;
	57410	:	fd2;
	57411	:	fc1;
	57412	:	fd2;
	57413	:	fc1;
	57414	:	fc1;
	57415	:	fc1;
	57416	:	fc1;
	57417	:	fc2;
	57418	:	fc2;
	57419	:	fc2;
	57420	:	fc2;
	57421	:	fc1;
	57422	:	fc1;
	57423	:	fc1;
	57424	:	fb1;
	57425	:	fb1;
	57426	:	eb1;
	57427	:	eb0;
	57428	:	eb0;
	57429	:	eb0;
	57430	:	eb0;
	57431	:	eb0;
	57432	:	eb0;
	57433	:	eb0;
	57434	:	eb0;
	57435	:	da0;
	57436	:	da0;
	57437	:	c90;
	57438	:	b90;
	57439	:	b81;
	57440	:	687;
	57441	:	699;
	57442	:	477;
	57443	:	588;
	57444	:	589;
	57445	:	588;
	57446	:	588;
	57447	:	589;
	57448	:	589;
	57449	:	589;
	57450	:	578;
	57451	:	578;
	57452	:	588;
	57453	:	578;
	57454	:	589;
	57455	:	589;
	57456	:	589;
	57457	:	466;
	57458	:	599;
	57459	:	589;
	57460	:	588;
	57461	:	588;
	57462	:	478;
	57463	:	478;
	57464	:	589;
	57465	:	589;
	57466	:	589;
	57467	:	589;
	57468	:	589;
	57469	:	59a;
	57470	:	488;
	57471	:	599;
	57472	:	589;
	57473	:	599;
	57474	:	59a;
	57475	:	599;
	57476	:	699;
	57477	:	7ab;
	57478	:	366;
	57479	:	588;
	57480	:	7bc;
	57481	:	477;
	57482	:	232;
	57483	:	564;
	57484	:	795;
	57485	:	795;
	57486	:	795;
	57487	:	794;
	57488	:	795;
	57489	:	794;
	57490	:	795;
	57491	:	694;
	57492	:	694;
	57493	:	684;
	57494	:	684;
	57495	:	684;
	57496	:	684;
	57497	:	684;
	57498	:	684;
	57499	:	684;
	57500	:	684;
	57501	:	684;
	57502	:	684;
	57503	:	684;
	57504	:	684;
	57505	:	674;
	57506	:	684;
	57507	:	674;
	57508	:	674;
	57509	:	674;
	57510	:	674;
	57511	:	664;
	57512	:	664;
	57513	:	664;
	57514	:	664;
	57515	:	664;
	57516	:	664;
	57517	:	664;
	57518	:	665;
	57519	:	775;
	57520	:	775;
	57521	:	675;
	57522	:	775;
	57523	:	775;
	57524	:	675;
	57525	:	775;
	57526	:	675;
	57527	:	785;
	57528	:	786;
	57529	:	786;
	57530	:	786;
	57531	:	796;
	57532	:	699;
	57533	:	355;
	57534	:	466;
	57535	:	454;
	57536	:	322;
	57537	:	532;
	57538	:	632;
	57539	:	632;
	57540	:	622;
	57541	:	632;
	57542	:	633;
	57543	:	632;
	57544	:	632;
	57545	:	522;
	57546	:	522;
	57547	:	632;
	57548	:	833;
	57549	:	622;
	57550	:	732;
	57551	:	843;
	57552	:	832;
	57553	:	832;
	57554	:	832;
	57555	:	843;
	57556	:	833;
	57557	:	944;
	57558	:	943;
	57559	:	833;
	57560	:	833;
	57561	:	833;
	57562	:	833;
	57563	:	833;
	57564	:	832;
	57565	:	822;
	57566	:	822;
	57567	:	832;
	57568	:	832;
	57569	:	832;
	57570	:	832;
	57571	:	832;
	57572	:	832;
	57573	:	932;
	57574	:	832;
	57575	:	933;
	57576	:	932;
	57577	:	822;
	57578	:	832;
	57579	:	833;
	57580	:	932;
	57581	:	832;
	57582	:	832;
	57583	:	822;
	57584	:	822;
	57585	:	832;
	57586	:	832;
	57587	:	822;
	57588	:	822;
	57589	:	822;
	57590	:	822;
	57591	:	722;
	57592	:	722;
	57593	:	822;
	57594	:	722;
	57595	:	722;
	57596	:	722;
	57597	:	722;
	57598	:	722;
	57599	:	722;
	57600	:	463;
	57601	:	453;
	57602	:	463;
	57603	:	463;
	57604	:	463;
	57605	:	463;
	57606	:	463;
	57607	:	462;
	57608	:	463;
	57609	:	462;
	57610	:	463;
	57611	:	453;
	57612	:	453;
	57613	:	453;
	57614	:	453;
	57615	:	454;
	57616	:	554;
	57617	:	554;
	57618	:	554;
	57619	:	554;
	57620	:	554;
	57621	:	554;
	57622	:	554;
	57623	:	554;
	57624	:	554;
	57625	:	554;
	57626	:	554;
	57627	:	554;
	57628	:	554;
	57629	:	554;
	57630	:	554;
	57631	:	554;
	57632	:	554;
	57633	:	554;
	57634	:	688;
	57635	:	577;
	57636	:	786;
	57637	:	982;
	57638	:	ba1;
	57639	:	ca0;
	57640	:	ca0;
	57641	:	db2;
	57642	:	db2;
	57643	:	db2;
	57644	:	db2;
	57645	:	db2;
	57646	:	da1;
	57647	:	da1;
	57648	:	da1;
	57649	:	da0;
	57650	:	db0;
	57651	:	eb0;
	57652	:	eb1;
	57653	:	fc2;
	57654	:	fc2;
	57655	:	fc2;
	57656	:	fc2;
	57657	:	fc2;
	57658	:	fc1;
	57659	:	fc1;
	57660	:	fd1;
	57661	:	fc1;
	57662	:	fc0;
	57663	:	fc0;
	57664	:	fc0;
	57665	:	fd1;
	57666	:	fc1;
	57667	:	fc1;
	57668	:	fc1;
	57669	:	fc1;
	57670	:	fc2;
	57671	:	fc2;
	57672	:	fc2;
	57673	:	fc2;
	57674	:	fc2;
	57675	:	fc2;
	57676	:	fc2;
	57677	:	fc2;
	57678	:	eb1;
	57679	:	eb1;
	57680	:	fb1;
	57681	:	fb1;
	57682	:	eb0;
	57683	:	eb0;
	57684	:	fb0;
	57685	:	eb0;
	57686	:	eb0;
	57687	:	eb0;
	57688	:	eb0;
	57689	:	eb0;
	57690	:	eb0;
	57691	:	da0;
	57692	:	da0;
	57693	:	c90;
	57694	:	c90;
	57695	:	b81;
	57696	:	897;
	57697	:	566;
	57698	:	466;
	57699	:	578;
	57700	:	488;
	57701	:	488;
	57702	:	588;
	57703	:	589;
	57704	:	599;
	57705	:	589;
	57706	:	588;
	57707	:	578;
	57708	:	578;
	57709	:	578;
	57710	:	589;
	57711	:	579;
	57712	:	589;
	57713	:	577;
	57714	:	578;
	57715	:	589;
	57716	:	589;
	57717	:	589;
	57718	:	589;
	57719	:	589;
	57720	:	589;
	57721	:	588;
	57722	:	478;
	57723	:	478;
	57724	:	589;
	57725	:	589;
	57726	:	588;
	57727	:	589;
	57728	:	589;
	57729	:	599;
	57730	:	69a;
	57731	:	59a;
	57732	:	599;
	57733	:	7ab;
	57734	:	69a;
	57735	:	377;
	57736	:	69a;
	57737	:	6ab;
	57738	:	689;
	57739	:	232;
	57740	:	453;
	57741	:	685;
	57742	:	795;
	57743	:	794;
	57744	:	794;
	57745	:	694;
	57746	:	694;
	57747	:	694;
	57748	:	684;
	57749	:	684;
	57750	:	694;
	57751	:	684;
	57752	:	684;
	57753	:	684;
	57754	:	584;
	57755	:	684;
	57756	:	684;
	57757	:	684;
	57758	:	684;
	57759	:	684;
	57760	:	684;
	57761	:	674;
	57762	:	674;
	57763	:	674;
	57764	:	674;
	57765	:	564;
	57766	:	564;
	57767	:	564;
	57768	:	664;
	57769	:	664;
	57770	:	664;
	57771	:	664;
	57772	:	664;
	57773	:	664;
	57774	:	675;
	57775	:	675;
	57776	:	675;
	57777	:	675;
	57778	:	775;
	57779	:	775;
	57780	:	675;
	57781	:	675;
	57782	:	685;
	57783	:	785;
	57784	:	785;
	57785	:	786;
	57786	:	786;
	57787	:	786;
	57788	:	698;
	57789	:	577;
	57790	:	465;
	57791	:	566;
	57792	:	322;
	57793	:	422;
	57794	:	633;
	57795	:	743;
	57796	:	633;
	57797	:	633;
	57798	:	632;
	57799	:	632;
	57800	:	622;
	57801	:	522;
	57802	:	522;
	57803	:	522;
	57804	:	733;
	57805	:	632;
	57806	:	522;
	57807	:	733;
	57808	:	732;
	57809	:	833;
	57810	:	732;
	57811	:	832;
	57812	:	833;
	57813	:	833;
	57814	:	833;
	57815	:	944;
	57816	:	833;
	57817	:	832;
	57818	:	833;
	57819	:	833;
	57820	:	943;
	57821	:	832;
	57822	:	832;
	57823	:	832;
	57824	:	832;
	57825	:	832;
	57826	:	832;
	57827	:	832;
	57828	:	832;
	57829	:	832;
	57830	:	832;
	57831	:	932;
	57832	:	832;
	57833	:	832;
	57834	:	832;
	57835	:	832;
	57836	:	832;
	57837	:	832;
	57838	:	822;
	57839	:	822;
	57840	:	722;
	57841	:	822;
	57842	:	822;
	57843	:	822;
	57844	:	722;
	57845	:	722;
	57846	:	722;
	57847	:	722;
	57848	:	722;
	57849	:	832;
	57850	:	722;
	57851	:	732;
	57852	:	832;
	57853	:	832;
	57854	:	722;
	57855	:	722;
	57856	:	453;
	57857	:	463;
	57858	:	453;
	57859	:	463;
	57860	:	463;
	57861	:	463;
	57862	:	563;
	57863	:	463;
	57864	:	462;
	57865	:	463;
	57866	:	463;
	57867	:	463;
	57868	:	453;
	57869	:	453;
	57870	:	453;
	57871	:	453;
	57872	:	554;
	57873	:	554;
	57874	:	554;
	57875	:	554;
	57876	:	554;
	57877	:	554;
	57878	:	554;
	57879	:	554;
	57880	:	554;
	57881	:	554;
	57882	:	554;
	57883	:	554;
	57884	:	554;
	57885	:	554;
	57886	:	554;
	57887	:	554;
	57888	:	554;
	57889	:	565;
	57890	:	799;
	57891	:	577;
	57892	:	775;
	57893	:	981;
	57894	:	b90;
	57895	:	ca0;
	57896	:	ca0;
	57897	:	db1;
	57898	:	db1;
	57899	:	db2;
	57900	:	db2;
	57901	:	db2;
	57902	:	da1;
	57903	:	da1;
	57904	:	da0;
	57905	:	da0;
	57906	:	db0;
	57907	:	eb0;
	57908	:	eb1;
	57909	:	fc2;
	57910	:	fc3;
	57911	:	fc2;
	57912	:	fc2;
	57913	:	fc2;
	57914	:	fc1;
	57915	:	fc1;
	57916	:	fc1;
	57917	:	fc0;
	57918	:	fc0;
	57919	:	fc0;
	57920	:	fd0;
	57921	:	fc0;
	57922	:	fc1;
	57923	:	fc1;
	57924	:	fd1;
	57925	:	fc1;
	57926	:	fc1;
	57927	:	fc2;
	57928	:	fc2;
	57929	:	fc2;
	57930	:	fc2;
	57931	:	fc2;
	57932	:	eb1;
	57933	:	eb1;
	57934	:	fb1;
	57935	:	eb1;
	57936	:	fb1;
	57937	:	eb0;
	57938	:	eb0;
	57939	:	fc0;
	57940	:	eb0;
	57941	:	fb0;
	57942	:	eb0;
	57943	:	fb0;
	57944	:	eb0;
	57945	:	eb0;
	57946	:	eb0;
	57947	:	ea0;
	57948	:	da0;
	57949	:	c90;
	57950	:	c90;
	57951	:	b80;
	57952	:	9a8;
	57953	:	466;
	57954	:	578;
	57955	:	589;
	57956	:	478;
	57957	:	589;
	57958	:	589;
	57959	:	489;
	57960	:	589;
	57961	:	589;
	57962	:	588;
	57963	:	478;
	57964	:	578;
	57965	:	578;
	57966	:	589;
	57967	:	589;
	57968	:	589;
	57969	:	578;
	57970	:	578;
	57971	:	589;
	57972	:	589;
	57973	:	589;
	57974	:	589;
	57975	:	599;
	57976	:	589;
	57977	:	588;
	57978	:	588;
	57979	:	488;
	57980	:	589;
	57981	:	589;
	57982	:	589;
	57983	:	589;
	57984	:	489;
	57985	:	599;
	57986	:	59a;
	57987	:	59a;
	57988	:	69a;
	57989	:	6aa;
	57990	:	6aa;
	57991	:	589;
	57992	:	377;
	57993	:	6ab;
	57994	:	7ab;
	57995	:	354;
	57996	:	332;
	57997	:	575;
	57998	:	685;
	57999	:	795;
	58000	:	794;
	58001	:	795;
	58002	:	694;
	58003	:	694;
	58004	:	694;
	58005	:	684;
	58006	:	684;
	58007	:	684;
	58008	:	684;
	58009	:	684;
	58010	:	684;
	58011	:	684;
	58012	:	684;
	58013	:	684;
	58014	:	684;
	58015	:	684;
	58016	:	674;
	58017	:	674;
	58018	:	674;
	58019	:	674;
	58020	:	674;
	58021	:	664;
	58022	:	564;
	58023	:	664;
	58024	:	564;
	58025	:	664;
	58026	:	664;
	58027	:	664;
	58028	:	664;
	58029	:	665;
	58030	:	675;
	58031	:	675;
	58032	:	775;
	58033	:	675;
	58034	:	675;
	58035	:	775;
	58036	:	675;
	58037	:	675;
	58038	:	785;
	58039	:	785;
	58040	:	786;
	58041	:	786;
	58042	:	786;
	58043	:	786;
	58044	:	698;
	58045	:	588;
	58046	:	355;
	58047	:	566;
	58048	:	433;
	58049	:	322;
	58050	:	633;
	58051	:	743;
	58052	:	743;
	58053	:	632;
	58054	:	632;
	58055	:	622;
	58056	:	622;
	58057	:	522;
	58058	:	522;
	58059	:	632;
	58060	:	632;
	58061	:	632;
	58062	:	522;
	58063	:	632;
	58064	:	732;
	58065	:	833;
	58066	:	833;
	58067	:	732;
	58068	:	833;
	58069	:	833;
	58070	:	833;
	58071	:	933;
	58072	:	833;
	58073	:	833;
	58074	:	832;
	58075	:	833;
	58076	:	833;
	58077	:	832;
	58078	:	822;
	58079	:	822;
	58080	:	832;
	58081	:	832;
	58082	:	832;
	58083	:	832;
	58084	:	832;
	58085	:	832;
	58086	:	832;
	58087	:	832;
	58088	:	932;
	58089	:	832;
	58090	:	832;
	58091	:	832;
	58092	:	832;
	58093	:	832;
	58094	:	722;
	58095	:	822;
	58096	:	722;
	58097	:	722;
	58098	:	722;
	58099	:	722;
	58100	:	722;
	58101	:	722;
	58102	:	722;
	58103	:	722;
	58104	:	722;
	58105	:	722;
	58106	:	732;
	58107	:	722;
	58108	:	832;
	58109	:	822;
	58110	:	832;
	58111	:	722;
	58112	:	453;
	58113	:	453;
	58114	:	463;
	58115	:	453;
	58116	:	463;
	58117	:	563;
	58118	:	463;
	58119	:	463;
	58120	:	463;
	58121	:	462;
	58122	:	463;
	58123	:	463;
	58124	:	463;
	58125	:	453;
	58126	:	453;
	58127	:	453;
	58128	:	553;
	58129	:	554;
	58130	:	554;
	58131	:	554;
	58132	:	554;
	58133	:	554;
	58134	:	554;
	58135	:	554;
	58136	:	554;
	58137	:	554;
	58138	:	554;
	58139	:	554;
	58140	:	554;
	58141	:	554;
	58142	:	554;
	58143	:	554;
	58144	:	554;
	58145	:	566;
	58146	:	688;
	58147	:	577;
	58148	:	674;
	58149	:	981;
	58150	:	b91;
	58151	:	ca0;
	58152	:	ca0;
	58153	:	da0;
	58154	:	db1;
	58155	:	db2;
	58156	:	db2;
	58157	:	db2;
	58158	:	db1;
	58159	:	da0;
	58160	:	da0;
	58161	:	da0;
	58162	:	db0;
	58163	:	eb0;
	58164	:	eb0;
	58165	:	fc2;
	58166	:	fc2;
	58167	:	fc2;
	58168	:	fc1;
	58169	:	fc1;
	58170	:	ec1;
	58171	:	fc1;
	58172	:	fc1;
	58173	:	fc0;
	58174	:	fc0;
	58175	:	fc0;
	58176	:	fc0;
	58177	:	fc0;
	58178	:	fd1;
	58179	:	fc0;
	58180	:	fc1;
	58181	:	fc1;
	58182	:	fc1;
	58183	:	fc1;
	58184	:	eb1;
	58185	:	eb2;
	58186	:	ec1;
	58187	:	ec1;
	58188	:	eb1;
	58189	:	eb1;
	58190	:	eb1;
	58191	:	eb1;
	58192	:	eb0;
	58193	:	eb0;
	58194	:	fb1;
	58195	:	eb0;
	58196	:	fb0;
	58197	:	fb0;
	58198	:	fb0;
	58199	:	fb0;
	58200	:	eb0;
	58201	:	eb0;
	58202	:	ea0;
	58203	:	da0;
	58204	:	da0;
	58205	:	c90;
	58206	:	c90;
	58207	:	b80;
	58208	:	9a8;
	58209	:	69a;
	58210	:	488;
	58211	:	478;
	58212	:	478;
	58213	:	478;
	58214	:	488;
	58215	:	488;
	58216	:	589;
	58217	:	589;
	58218	:	478;
	58219	:	588;
	58220	:	578;
	58221	:	578;
	58222	:	579;
	58223	:	589;
	58224	:	578;
	58225	:	688;
	58226	:	578;
	58227	:	478;
	58228	:	59a;
	58229	:	589;
	58230	:	589;
	58231	:	599;
	58232	:	589;
	58233	:	488;
	58234	:	588;
	58235	:	488;
	58236	:	599;
	58237	:	589;
	58238	:	589;
	58239	:	589;
	58240	:	599;
	58241	:	589;
	58242	:	59a;
	58243	:	599;
	58244	:	59a;
	58245	:	6ab;
	58246	:	6aa;
	58247	:	69a;
	58248	:	488;
	58249	:	6aa;
	58250	:	6aa;
	58251	:	588;
	58252	:	232;
	58253	:	453;
	58254	:	795;
	58255	:	795;
	58256	:	794;
	58257	:	795;
	58258	:	694;
	58259	:	684;
	58260	:	694;
	58261	:	684;
	58262	:	694;
	58263	:	684;
	58264	:	684;
	58265	:	684;
	58266	:	684;
	58267	:	684;
	58268	:	584;
	58269	:	584;
	58270	:	684;
	58271	:	574;
	58272	:	674;
	58273	:	674;
	58274	:	674;
	58275	:	574;
	58276	:	564;
	58277	:	564;
	58278	:	564;
	58279	:	564;
	58280	:	564;
	58281	:	664;
	58282	:	664;
	58283	:	664;
	58284	:	664;
	58285	:	664;
	58286	:	664;
	58287	:	675;
	58288	:	675;
	58289	:	675;
	58290	:	675;
	58291	:	675;
	58292	:	675;
	58293	:	675;
	58294	:	685;
	58295	:	786;
	58296	:	786;
	58297	:	786;
	58298	:	786;
	58299	:	786;
	58300	:	797;
	58301	:	588;
	58302	:	355;
	58303	:	566;
	58304	:	433;
	58305	:	322;
	58306	:	533;
	58307	:	743;
	58308	:	732;
	58309	:	632;
	58310	:	622;
	58311	:	622;
	58312	:	622;
	58313	:	622;
	58314	:	522;
	58315	:	633;
	58316	:	633;
	58317	:	632;
	58318	:	522;
	58319	:	622;
	58320	:	732;
	58321	:	843;
	58322	:	843;
	58323	:	732;
	58324	:	732;
	58325	:	833;
	58326	:	833;
	58327	:	833;
	58328	:	944;
	58329	:	832;
	58330	:	833;
	58331	:	833;
	58332	:	833;
	58333	:	833;
	58334	:	722;
	58335	:	832;
	58336	:	722;
	58337	:	832;
	58338	:	832;
	58339	:	832;
	58340	:	832;
	58341	:	832;
	58342	:	832;
	58343	:	832;
	58344	:	832;
	58345	:	832;
	58346	:	832;
	58347	:	832;
	58348	:	832;
	58349	:	832;
	58350	:	832;
	58351	:	722;
	58352	:	722;
	58353	:	722;
	58354	:	722;
	58355	:	722;
	58356	:	722;
	58357	:	722;
	58358	:	722;
	58359	:	722;
	58360	:	722;
	58361	:	722;
	58362	:	832;
	58363	:	832;
	58364	:	822;
	58365	:	832;
	58366	:	722;
	58367	:	732;
	58368	:	452;
	58369	:	453;
	58370	:	463;
	58371	:	463;
	58372	:	462;
	58373	:	563;
	58374	:	563;
	58375	:	463;
	58376	:	453;
	58377	:	453;
	58378	:	463;
	58379	:	463;
	58380	:	453;
	58381	:	453;
	58382	:	453;
	58383	:	453;
	58384	:	554;
	58385	:	554;
	58386	:	554;
	58387	:	554;
	58388	:	554;
	58389	:	554;
	58390	:	554;
	58391	:	554;
	58392	:	554;
	58393	:	554;
	58394	:	554;
	58395	:	554;
	58396	:	554;
	58397	:	554;
	58398	:	554;
	58399	:	544;
	58400	:	454;
	58401	:	676;
	58402	:	688;
	58403	:	577;
	58404	:	675;
	58405	:	982;
	58406	:	b91;
	58407	:	ba0;
	58408	:	ca0;
	58409	:	ca0;
	58410	:	db1;
	58411	:	db2;
	58412	:	db2;
	58413	:	db1;
	58414	:	db1;
	58415	:	da1;
	58416	:	da0;
	58417	:	da0;
	58418	:	da0;
	58419	:	db0;
	58420	:	eb0;
	58421	:	ec2;
	58422	:	fc2;
	58423	:	ec2;
	58424	:	fc1;
	58425	:	ec1;
	58426	:	ec1;
	58427	:	fc1;
	58428	:	fc1;
	58429	:	fc0;
	58430	:	fc0;
	58431	:	fc0;
	58432	:	fc1;
	58433	:	fc0;
	58434	:	fc1;
	58435	:	fc0;
	58436	:	fc1;
	58437	:	fc1;
	58438	:	fc1;
	58439	:	ec1;
	58440	:	eb1;
	58441	:	eb1;
	58442	:	eb1;
	58443	:	eb1;
	58444	:	eb0;
	58445	:	eb0;
	58446	:	eb0;
	58447	:	eb0;
	58448	:	eb0;
	58449	:	eb0;
	58450	:	eb1;
	58451	:	fc1;
	58452	:	fc0;
	58453	:	fc0;
	58454	:	fc0;
	58455	:	fb0;
	58456	:	eb0;
	58457	:	eb0;
	58458	:	ea0;
	58459	:	da0;
	58460	:	da0;
	58461	:	da1;
	58462	:	c90;
	58463	:	b80;
	58464	:	9a7;
	58465	:	699;
	58466	:	488;
	58467	:	478;
	58468	:	578;
	58469	:	478;
	58470	:	588;
	58471	:	478;
	58472	:	589;
	58473	:	589;
	58474	:	478;
	58475	:	578;
	58476	:	578;
	58477	:	578;
	58478	:	589;
	58479	:	589;
	58480	:	578;
	58481	:	689;
	58482	:	589;
	58483	:	578;
	58484	:	589;
	58485	:	599;
	58486	:	589;
	58487	:	599;
	58488	:	589;
	58489	:	589;
	58490	:	488;
	58491	:	488;
	58492	:	59a;
	58493	:	478;
	58494	:	588;
	58495	:	589;
	58496	:	59a;
	58497	:	589;
	58498	:	59a;
	58499	:	59a;
	58500	:	59a;
	58501	:	6ab;
	58502	:	6aa;
	58503	:	69a;
	58504	:	69a;
	58505	:	489;
	58506	:	366;
	58507	:	69a;
	58508	:	233;
	58509	:	333;
	58510	:	796;
	58511	:	795;
	58512	:	794;
	58513	:	794;
	58514	:	694;
	58515	:	684;
	58516	:	694;
	58517	:	684;
	58518	:	684;
	58519	:	684;
	58520	:	684;
	58521	:	684;
	58522	:	584;
	58523	:	684;
	58524	:	684;
	58525	:	584;
	58526	:	574;
	58527	:	574;
	58528	:	674;
	58529	:	574;
	58530	:	574;
	58531	:	564;
	58532	:	563;
	58533	:	563;
	58534	:	564;
	58535	:	564;
	58536	:	554;
	58537	:	664;
	58538	:	664;
	58539	:	664;
	58540	:	664;
	58541	:	665;
	58542	:	675;
	58543	:	675;
	58544	:	675;
	58545	:	675;
	58546	:	675;
	58547	:	675;
	58548	:	675;
	58549	:	685;
	58550	:	785;
	58551	:	786;
	58552	:	786;
	58553	:	786;
	58554	:	796;
	58555	:	785;
	58556	:	787;
	58557	:	587;
	58558	:	466;
	58559	:	566;
	58560	:	533;
	58561	:	322;
	58562	:	432;
	58563	:	643;
	58564	:	632;
	58565	:	632;
	58566	:	622;
	58567	:	622;
	58568	:	622;
	58569	:	522;
	58570	:	522;
	58571	:	633;
	58572	:	633;
	58573	:	633;
	58574	:	622;
	58575	:	622;
	58576	:	732;
	58577	:	733;
	58578	:	843;
	58579	:	732;
	58580	:	732;
	58581	:	833;
	58582	:	843;
	58583	:	943;
	58584	:	943;
	58585	:	833;
	58586	:	832;
	58587	:	832;
	58588	:	832;
	58589	:	832;
	58590	:	832;
	58591	:	732;
	58592	:	722;
	58593	:	832;
	58594	:	832;
	58595	:	722;
	58596	:	832;
	58597	:	832;
	58598	:	832;
	58599	:	832;
	58600	:	832;
	58601	:	832;
	58602	:	722;
	58603	:	832;
	58604	:	832;
	58605	:	832;
	58606	:	832;
	58607	:	722;
	58608	:	722;
	58609	:	722;
	58610	:	722;
	58611	:	722;
	58612	:	722;
	58613	:	722;
	58614	:	722;
	58615	:	722;
	58616	:	722;
	58617	:	832;
	58618	:	832;
	58619	:	822;
	58620	:	832;
	58621	:	722;
	58622	:	832;
	58623	:	832;
	58624	:	453;
	58625	:	553;
	58626	:	453;
	58627	:	563;
	58628	:	563;
	58629	:	563;
	58630	:	563;
	58631	:	563;
	58632	:	463;
	58633	:	453;
	58634	:	453;
	58635	:	453;
	58636	:	453;
	58637	:	453;
	58638	:	453;
	58639	:	453;
	58640	:	554;
	58641	:	554;
	58642	:	554;
	58643	:	554;
	58644	:	554;
	58645	:	554;
	58646	:	554;
	58647	:	554;
	58648	:	554;
	58649	:	554;
	58650	:	554;
	58651	:	554;
	58652	:	554;
	58653	:	544;
	58654	:	554;
	58655	:	554;
	58656	:	454;
	58657	:	677;
	58658	:	69a;
	58659	:	477;
	58660	:	565;
	58661	:	982;
	58662	:	a91;
	58663	:	b90;
	58664	:	ca0;
	58665	:	ca0;
	58666	:	da0;
	58667	:	db1;
	58668	:	da1;
	58669	:	db1;
	58670	:	db1;
	58671	:	da1;
	58672	:	da0;
	58673	:	da0;
	58674	:	da0;
	58675	:	eb0;
	58676	:	eb0;
	58677	:	eb1;
	58678	:	fc2;
	58679	:	ec2;
	58680	:	fc2;
	58681	:	eb1;
	58682	:	ec1;
	58683	:	eb0;
	58684	:	ec1;
	58685	:	fc0;
	58686	:	fc0;
	58687	:	fc1;
	58688	:	fc1;
	58689	:	fc1;
	58690	:	fc0;
	58691	:	fc0;
	58692	:	fc1;
	58693	:	fc1;
	58694	:	ec1;
	58695	:	eb1;
	58696	:	eb1;
	58697	:	eb1;
	58698	:	eb1;
	58699	:	eb0;
	58700	:	fb0;
	58701	:	eb0;
	58702	:	eb0;
	58703	:	fb1;
	58704	:	eb1;
	58705	:	eb0;
	58706	:	fb1;
	58707	:	fc1;
	58708	:	fc0;
	58709	:	fc0;
	58710	:	fb0;
	58711	:	fb0;
	58712	:	fb0;
	58713	:	eb0;
	58714	:	ea0;
	58715	:	da0;
	58716	:	da0;
	58717	:	da0;
	58718	:	c90;
	58719	:	b80;
	58720	:	9a7;
	58721	:	699;
	58722	:	588;
	58723	:	478;
	58724	:	478;
	58725	:	478;
	58726	:	467;
	58727	:	588;
	58728	:	488;
	58729	:	589;
	58730	:	478;
	58731	:	478;
	58732	:	578;
	58733	:	578;
	58734	:	589;
	58735	:	589;
	58736	:	578;
	58737	:	589;
	58738	:	578;
	58739	:	578;
	58740	:	478;
	58741	:	699;
	58742	:	599;
	58743	:	599;
	58744	:	599;
	58745	:	589;
	58746	:	588;
	58747	:	488;
	58748	:	599;
	58749	:	478;
	58750	:	588;
	58751	:	588;
	58752	:	599;
	58753	:	478;
	58754	:	589;
	58755	:	599;
	58756	:	59a;
	58757	:	6ab;
	58758	:	6ab;
	58759	:	69a;
	58760	:	6aa;
	58761	:	478;
	58762	:	477;
	58763	:	69a;
	58764	:	577;
	58765	:	232;
	58766	:	786;
	58767	:	795;
	58768	:	795;
	58769	:	794;
	58770	:	684;
	58771	:	684;
	58772	:	684;
	58773	:	684;
	58774	:	684;
	58775	:	684;
	58776	:	684;
	58777	:	684;
	58778	:	684;
	58779	:	584;
	58780	:	584;
	58781	:	574;
	58782	:	574;
	58783	:	574;
	58784	:	574;
	58785	:	574;
	58786	:	563;
	58787	:	563;
	58788	:	563;
	58789	:	563;
	58790	:	564;
	58791	:	554;
	58792	:	554;
	58793	:	554;
	58794	:	664;
	58795	:	664;
	58796	:	664;
	58797	:	664;
	58798	:	675;
	58799	:	675;
	58800	:	675;
	58801	:	675;
	58802	:	675;
	58803	:	675;
	58804	:	675;
	58805	:	685;
	58806	:	785;
	58807	:	786;
	58808	:	786;
	58809	:	786;
	58810	:	796;
	58811	:	796;
	58812	:	786;
	58813	:	688;
	58814	:	466;
	58815	:	466;
	58816	:	543;
	58817	:	433;
	58818	:	422;
	58819	:	633;
	58820	:	633;
	58821	:	622;
	58822	:	622;
	58823	:	632;
	58824	:	622;
	58825	:	522;
	58826	:	533;
	58827	:	633;
	58828	:	733;
	58829	:	633;
	58830	:	622;
	58831	:	622;
	58832	:	732;
	58833	:	733;
	58834	:	843;
	58835	:	732;
	58836	:	732;
	58837	:	832;
	58838	:	843;
	58839	:	844;
	58840	:	833;
	58841	:	833;
	58842	:	732;
	58843	:	832;
	58844	:	832;
	58845	:	832;
	58846	:	732;
	58847	:	732;
	58848	:	722;
	58849	:	722;
	58850	:	722;
	58851	:	722;
	58852	:	732;
	58853	:	722;
	58854	:	722;
	58855	:	832;
	58856	:	832;
	58857	:	822;
	58858	:	832;
	58859	:	822;
	58860	:	832;
	58861	:	832;
	58862	:	832;
	58863	:	722;
	58864	:	722;
	58865	:	722;
	58866	:	722;
	58867	:	722;
	58868	:	722;
	58869	:	722;
	58870	:	722;
	58871	:	722;
	58872	:	722;
	58873	:	832;
	58874	:	822;
	58875	:	822;
	58876	:	722;
	58877	:	832;
	58878	:	832;
	58879	:	722;
	58880	:	453;
	58881	:	553;
	58882	:	453;
	58883	:	563;
	58884	:	563;
	58885	:	563;
	58886	:	563;
	58887	:	563;
	58888	:	463;
	58889	:	453;
	58890	:	453;
	58891	:	453;
	58892	:	453;
	58893	:	453;
	58894	:	453;
	58895	:	453;
	58896	:	554;
	58897	:	554;
	58898	:	554;
	58899	:	554;
	58900	:	554;
	58901	:	554;
	58902	:	554;
	58903	:	554;
	58904	:	554;
	58905	:	554;
	58906	:	554;
	58907	:	554;
	58908	:	554;
	58909	:	544;
	58910	:	554;
	58911	:	554;
	58912	:	454;
	58913	:	677;
	58914	:	69a;
	58915	:	477;
	58916	:	565;
	58917	:	982;
	58918	:	a91;
	58919	:	b90;
	58920	:	ca0;
	58921	:	ca0;
	58922	:	da0;
	58923	:	db1;
	58924	:	da1;
	58925	:	db1;
	58926	:	db1;
	58927	:	da1;
	58928	:	da0;
	58929	:	da0;
	58930	:	da0;
	58931	:	eb0;
	58932	:	eb0;
	58933	:	eb1;
	58934	:	fc2;
	58935	:	ec2;
	58936	:	fc2;
	58937	:	eb1;
	58938	:	ec1;
	58939	:	eb0;
	58940	:	ec1;
	58941	:	fc0;
	58942	:	fc0;
	58943	:	fc1;
	58944	:	fc1;
	58945	:	fc1;
	58946	:	fc0;
	58947	:	fc0;
	58948	:	fc1;
	58949	:	fc1;
	58950	:	ec1;
	58951	:	eb1;
	58952	:	eb1;
	58953	:	eb1;
	58954	:	eb1;
	58955	:	eb0;
	58956	:	fb0;
	58957	:	eb0;
	58958	:	eb0;
	58959	:	fb1;
	58960	:	eb1;
	58961	:	eb0;
	58962	:	fb1;
	58963	:	fc1;
	58964	:	fc0;
	58965	:	fc0;
	58966	:	fb0;
	58967	:	fb0;
	58968	:	fb0;
	58969	:	eb0;
	58970	:	ea0;
	58971	:	da0;
	58972	:	da0;
	58973	:	da0;
	58974	:	c90;
	58975	:	b80;
	58976	:	9a7;
	58977	:	699;
	58978	:	588;
	58979	:	478;
	58980	:	478;
	58981	:	478;
	58982	:	467;
	58983	:	588;
	58984	:	488;
	58985	:	589;
	58986	:	478;
	58987	:	478;
	58988	:	578;
	58989	:	578;
	58990	:	589;
	58991	:	589;
	58992	:	578;
	58993	:	589;
	58994	:	578;
	58995	:	578;
	58996	:	478;
	58997	:	699;
	58998	:	599;
	58999	:	599;
	59000	:	599;
	59001	:	589;
	59002	:	588;
	59003	:	488;
	59004	:	599;
	59005	:	478;
	59006	:	588;
	59007	:	588;
	59008	:	599;
	59009	:	478;
	59010	:	589;
	59011	:	599;
	59012	:	59a;
	59013	:	6ab;
	59014	:	6ab;
	59015	:	69a;
	59016	:	6aa;
	59017	:	478;
	59018	:	477;
	59019	:	69a;
	59020	:	577;
	59021	:	232;
	59022	:	786;
	59023	:	795;
	59024	:	795;
	59025	:	794;
	59026	:	684;
	59027	:	684;
	59028	:	684;
	59029	:	684;
	59030	:	684;
	59031	:	684;
	59032	:	684;
	59033	:	684;
	59034	:	684;
	59035	:	584;
	59036	:	584;
	59037	:	574;
	59038	:	574;
	59039	:	574;
	59040	:	574;
	59041	:	574;
	59042	:	563;
	59043	:	563;
	59044	:	563;
	59045	:	563;
	59046	:	564;
	59047	:	554;
	59048	:	554;
	59049	:	554;
	59050	:	664;
	59051	:	664;
	59052	:	664;
	59053	:	664;
	59054	:	675;
	59055	:	675;
	59056	:	675;
	59057	:	675;
	59058	:	675;
	59059	:	675;
	59060	:	675;
	59061	:	685;
	59062	:	785;
	59063	:	786;
	59064	:	786;
	59065	:	786;
	59066	:	796;
	59067	:	796;
	59068	:	786;
	59069	:	688;
	59070	:	466;
	59071	:	466;
	59072	:	543;
	59073	:	433;
	59074	:	422;
	59075	:	633;
	59076	:	633;
	59077	:	622;
	59078	:	622;
	59079	:	632;
	59080	:	622;
	59081	:	522;
	59082	:	533;
	59083	:	633;
	59084	:	733;
	59085	:	633;
	59086	:	622;
	59087	:	622;
	59088	:	732;
	59089	:	733;
	59090	:	843;
	59091	:	732;
	59092	:	732;
	59093	:	832;
	59094	:	843;
	59095	:	844;
	59096	:	833;
	59097	:	833;
	59098	:	732;
	59099	:	832;
	59100	:	832;
	59101	:	832;
	59102	:	732;
	59103	:	732;
	59104	:	722;
	59105	:	722;
	59106	:	722;
	59107	:	722;
	59108	:	732;
	59109	:	722;
	59110	:	722;
	59111	:	832;
	59112	:	832;
	59113	:	822;
	59114	:	832;
	59115	:	822;
	59116	:	832;
	59117	:	832;
	59118	:	832;
	59119	:	722;
	59120	:	722;
	59121	:	722;
	59122	:	722;
	59123	:	722;
	59124	:	722;
	59125	:	722;
	59126	:	722;
	59127	:	722;
	59128	:	722;
	59129	:	832;
	59130	:	822;
	59131	:	822;
	59132	:	722;
	59133	:	832;
	59134	:	832;
	59135	:	722;
	59136	:	453;
	59137	:	553;
	59138	:	553;
	59139	:	553;
	59140	:	553;
	59141	:	553;
	59142	:	553;
	59143	:	563;
	59144	:	563;
	59145	:	563;
	59146	:	453;
	59147	:	453;
	59148	:	453;
	59149	:	553;
	59150	:	553;
	59151	:	554;
	59152	:	554;
	59153	:	554;
	59154	:	554;
	59155	:	554;
	59156	:	554;
	59157	:	554;
	59158	:	554;
	59159	:	554;
	59160	:	554;
	59161	:	554;
	59162	:	554;
	59163	:	554;
	59164	:	554;
	59165	:	554;
	59166	:	554;
	59167	:	554;
	59168	:	565;
	59169	:	799;
	59170	:	589;
	59171	:	477;
	59172	:	465;
	59173	:	883;
	59174	:	a91;
	59175	:	ba0;
	59176	:	ca0;
	59177	:	da0;
	59178	:	da0;
	59179	:	da0;
	59180	:	db0;
	59181	:	eb0;
	59182	:	db0;
	59183	:	da0;
	59184	:	da0;
	59185	:	da0;
	59186	:	db0;
	59187	:	ec1;
	59188	:	eb0;
	59189	:	eb0;
	59190	:	ec1;
	59191	:	eb0;
	59192	:	ec1;
	59193	:	eb0;
	59194	:	ec0;
	59195	:	ec0;
	59196	:	eb0;
	59197	:	fc0;
	59198	:	fc0;
	59199	:	fc1;
	59200	:	ec1;
	59201	:	fc0;
	59202	:	eb0;
	59203	:	fc0;
	59204	:	ec1;
	59205	:	fc1;
	59206	:	fc1;
	59207	:	ec1;
	59208	:	ec1;
	59209	:	eb0;
	59210	:	eb0;
	59211	:	eb1;
	59212	:	eb1;
	59213	:	eb1;
	59214	:	eb0;
	59215	:	fb0;
	59216	:	fb0;
	59217	:	fb0;
	59218	:	fc0;
	59219	:	fc0;
	59220	:	fb0;
	59221	:	fc0;
	59222	:	fb0;
	59223	:	eb0;
	59224	:	eb0;
	59225	:	eb0;
	59226	:	eb0;
	59227	:	ea0;
	59228	:	da0;
	59229	:	da0;
	59230	:	c90;
	59231	:	b90;
	59232	:	996;
	59233	:	699;
	59234	:	578;
	59235	:	466;
	59236	:	578;
	59237	:	478;
	59238	:	478;
	59239	:	478;
	59240	:	588;
	59241	:	478;
	59242	:	477;
	59243	:	578;
	59244	:	466;
	59245	:	467;
	59246	:	578;
	59247	:	589;
	59248	:	578;
	59249	:	589;
	59250	:	578;
	59251	:	578;
	59252	:	578;
	59253	:	466;
	59254	:	467;
	59255	:	589;
	59256	:	599;
	59257	:	488;
	59258	:	488;
	59259	:	478;
	59260	:	477;
	59261	:	488;
	59262	:	488;
	59263	:	588;
	59264	:	589;
	59265	:	478;
	59266	:	588;
	59267	:	589;
	59268	:	589;
	59269	:	6ab;
	59270	:	59a;
	59271	:	69a;
	59272	:	6aa;
	59273	:	699;
	59274	:	6ab;
	59275	:	377;
	59276	:	6aa;
	59277	:	599;
	59278	:	564;
	59279	:	795;
	59280	:	795;
	59281	:	795;
	59282	:	795;
	59283	:	694;
	59284	:	694;
	59285	:	684;
	59286	:	684;
	59287	:	684;
	59288	:	684;
	59289	:	684;
	59290	:	684;
	59291	:	584;
	59292	:	574;
	59293	:	574;
	59294	:	574;
	59295	:	573;
	59296	:	564;
	59297	:	564;
	59298	:	564;
	59299	:	564;
	59300	:	564;
	59301	:	553;
	59302	:	553;
	59303	:	554;
	59304	:	554;
	59305	:	654;
	59306	:	664;
	59307	:	664;
	59308	:	664;
	59309	:	664;
	59310	:	665;
	59311	:	675;
	59312	:	675;
	59313	:	675;
	59314	:	675;
	59315	:	675;
	59316	:	675;
	59317	:	785;
	59318	:	786;
	59319	:	786;
	59320	:	786;
	59321	:	786;
	59322	:	796;
	59323	:	785;
	59324	:	786;
	59325	:	687;
	59326	:	577;
	59327	:	355;
	59328	:	544;
	59329	:	533;
	59330	:	322;
	59331	:	532;
	59332	:	632;
	59333	:	632;
	59334	:	622;
	59335	:	632;
	59336	:	532;
	59337	:	532;
	59338	:	632;
	59339	:	732;
	59340	:	632;
	59341	:	632;
	59342	:	632;
	59343	:	622;
	59344	:	732;
	59345	:	732;
	59346	:	732;
	59347	:	833;
	59348	:	732;
	59349	:	832;
	59350	:	833;
	59351	:	843;
	59352	:	843;
	59353	:	833;
	59354	:	722;
	59355	:	732;
	59356	:	722;
	59357	:	732;
	59358	:	732;
	59359	:	732;
	59360	:	732;
	59361	:	722;
	59362	:	722;
	59363	:	722;
	59364	:	732;
	59365	:	732;
	59366	:	722;
	59367	:	722;
	59368	:	722;
	59369	:	732;
	59370	:	722;
	59371	:	722;
	59372	:	722;
	59373	:	832;
	59374	:	722;
	59375	:	832;
	59376	:	722;
	59377	:	722;
	59378	:	722;
	59379	:	722;
	59380	:	722;
	59381	:	722;
	59382	:	721;
	59383	:	722;
	59384	:	832;
	59385	:	832;
	59386	:	832;
	59387	:	722;
	59388	:	832;
	59389	:	832;
	59390	:	832;
	59391	:	732;
	59392	:	453;
	59393	:	553;
	59394	:	553;
	59395	:	553;
	59396	:	553;
	59397	:	553;
	59398	:	553;
	59399	:	563;
	59400	:	563;
	59401	:	563;
	59402	:	453;
	59403	:	453;
	59404	:	453;
	59405	:	553;
	59406	:	553;
	59407	:	554;
	59408	:	554;
	59409	:	554;
	59410	:	554;
	59411	:	554;
	59412	:	554;
	59413	:	554;
	59414	:	554;
	59415	:	554;
	59416	:	554;
	59417	:	554;
	59418	:	554;
	59419	:	554;
	59420	:	554;
	59421	:	554;
	59422	:	554;
	59423	:	554;
	59424	:	565;
	59425	:	799;
	59426	:	589;
	59427	:	477;
	59428	:	465;
	59429	:	883;
	59430	:	a91;
	59431	:	ba0;
	59432	:	ca0;
	59433	:	da0;
	59434	:	da0;
	59435	:	da0;
	59436	:	db0;
	59437	:	eb0;
	59438	:	db0;
	59439	:	da0;
	59440	:	da0;
	59441	:	da0;
	59442	:	db0;
	59443	:	ec1;
	59444	:	eb0;
	59445	:	eb0;
	59446	:	ec1;
	59447	:	eb0;
	59448	:	ec1;
	59449	:	eb0;
	59450	:	ec0;
	59451	:	ec0;
	59452	:	eb0;
	59453	:	fc0;
	59454	:	fc0;
	59455	:	fc1;
	59456	:	ec1;
	59457	:	fc0;
	59458	:	eb0;
	59459	:	fc0;
	59460	:	ec1;
	59461	:	fc1;
	59462	:	fc1;
	59463	:	ec1;
	59464	:	ec1;
	59465	:	eb0;
	59466	:	eb0;
	59467	:	eb1;
	59468	:	eb1;
	59469	:	eb1;
	59470	:	eb0;
	59471	:	fb0;
	59472	:	fb0;
	59473	:	fb0;
	59474	:	fc0;
	59475	:	fc0;
	59476	:	fb0;
	59477	:	fc0;
	59478	:	fb0;
	59479	:	eb0;
	59480	:	eb0;
	59481	:	eb0;
	59482	:	eb0;
	59483	:	ea0;
	59484	:	da0;
	59485	:	da0;
	59486	:	c90;
	59487	:	b90;
	59488	:	996;
	59489	:	699;
	59490	:	578;
	59491	:	466;
	59492	:	578;
	59493	:	478;
	59494	:	478;
	59495	:	478;
	59496	:	588;
	59497	:	478;
	59498	:	477;
	59499	:	578;
	59500	:	466;
	59501	:	467;
	59502	:	578;
	59503	:	589;
	59504	:	578;
	59505	:	589;
	59506	:	578;
	59507	:	578;
	59508	:	578;
	59509	:	466;
	59510	:	467;
	59511	:	589;
	59512	:	599;
	59513	:	488;
	59514	:	488;
	59515	:	478;
	59516	:	477;
	59517	:	488;
	59518	:	488;
	59519	:	588;
	59520	:	589;
	59521	:	478;
	59522	:	588;
	59523	:	589;
	59524	:	589;
	59525	:	6ab;
	59526	:	59a;
	59527	:	69a;
	59528	:	6aa;
	59529	:	699;
	59530	:	6ab;
	59531	:	377;
	59532	:	6aa;
	59533	:	599;
	59534	:	564;
	59535	:	795;
	59536	:	795;
	59537	:	795;
	59538	:	795;
	59539	:	694;
	59540	:	694;
	59541	:	684;
	59542	:	684;
	59543	:	684;
	59544	:	684;
	59545	:	684;
	59546	:	684;
	59547	:	584;
	59548	:	574;
	59549	:	574;
	59550	:	574;
	59551	:	573;
	59552	:	564;
	59553	:	564;
	59554	:	564;
	59555	:	564;
	59556	:	564;
	59557	:	553;
	59558	:	553;
	59559	:	554;
	59560	:	554;
	59561	:	654;
	59562	:	664;
	59563	:	664;
	59564	:	664;
	59565	:	664;
	59566	:	665;
	59567	:	675;
	59568	:	675;
	59569	:	675;
	59570	:	675;
	59571	:	675;
	59572	:	675;
	59573	:	785;
	59574	:	786;
	59575	:	786;
	59576	:	786;
	59577	:	786;
	59578	:	796;
	59579	:	785;
	59580	:	786;
	59581	:	687;
	59582	:	577;
	59583	:	355;
	59584	:	544;
	59585	:	533;
	59586	:	322;
	59587	:	532;
	59588	:	632;
	59589	:	632;
	59590	:	622;
	59591	:	632;
	59592	:	532;
	59593	:	532;
	59594	:	632;
	59595	:	732;
	59596	:	632;
	59597	:	632;
	59598	:	632;
	59599	:	622;
	59600	:	732;
	59601	:	732;
	59602	:	732;
	59603	:	833;
	59604	:	732;
	59605	:	832;
	59606	:	833;
	59607	:	843;
	59608	:	843;
	59609	:	833;
	59610	:	722;
	59611	:	732;
	59612	:	722;
	59613	:	732;
	59614	:	732;
	59615	:	732;
	59616	:	732;
	59617	:	722;
	59618	:	722;
	59619	:	722;
	59620	:	732;
	59621	:	732;
	59622	:	722;
	59623	:	722;
	59624	:	722;
	59625	:	732;
	59626	:	722;
	59627	:	722;
	59628	:	722;
	59629	:	832;
	59630	:	722;
	59631	:	832;
	59632	:	722;
	59633	:	722;
	59634	:	722;
	59635	:	722;
	59636	:	722;
	59637	:	722;
	59638	:	721;
	59639	:	722;
	59640	:	832;
	59641	:	832;
	59642	:	832;
	59643	:	722;
	59644	:	832;
	59645	:	832;
	59646	:	832;
	59647	:	732;
	59648	:	453;
	59649	:	453;
	59650	:	453;
	59651	:	553;
	59652	:	553;
	59653	:	553;
	59654	:	553;
	59655	:	553;
	59656	:	453;
	59657	:	563;
	59658	:	463;
	59659	:	453;
	59660	:	553;
	59661	:	453;
	59662	:	553;
	59663	:	553;
	59664	:	554;
	59665	:	554;
	59666	:	554;
	59667	:	554;
	59668	:	554;
	59669	:	554;
	59670	:	554;
	59671	:	554;
	59672	:	554;
	59673	:	554;
	59674	:	554;
	59675	:	554;
	59676	:	554;
	59677	:	544;
	59678	:	554;
	59679	:	554;
	59680	:	687;
	59681	:	69a;
	59682	:	478;
	59683	:	466;
	59684	:	465;
	59685	:	883;
	59686	:	b91;
	59687	:	b90;
	59688	:	ca0;
	59689	:	ca0;
	59690	:	db0;
	59691	:	da0;
	59692	:	db0;
	59693	:	eb0;
	59694	:	eb0;
	59695	:	eb0;
	59696	:	eb0;
	59697	:	eb0;
	59698	:	db0;
	59699	:	ec1;
	59700	:	eb1;
	59701	:	ec1;
	59702	:	eb1;
	59703	:	eb1;
	59704	:	eb1;
	59705	:	ec1;
	59706	:	ec0;
	59707	:	fc0;
	59708	:	eb0;
	59709	:	eb0;
	59710	:	fc1;
	59711	:	fc1;
	59712	:	fc1;
	59713	:	fc0;
	59714	:	fc0;
	59715	:	fc1;
	59716	:	fc2;
	59717	:	fc2;
	59718	:	eb1;
	59719	:	fc1;
	59720	:	eb1;
	59721	:	eb1;
	59722	:	eb1;
	59723	:	eb1;
	59724	:	eb1;
	59725	:	fb0;
	59726	:	eb0;
	59727	:	fb0;
	59728	:	fb0;
	59729	:	fb0;
	59730	:	fb0;
	59731	:	fb0;
	59732	:	fb0;
	59733	:	fb0;
	59734	:	fb0;
	59735	:	fb0;
	59736	:	fb1;
	59737	:	eb1;
	59738	:	eb1;
	59739	:	eb0;
	59740	:	da0;
	59741	:	da0;
	59742	:	c90;
	59743	:	c90;
	59744	:	9a7;
	59745	:	699;
	59746	:	588;
	59747	:	456;
	59748	:	467;
	59749	:	478;
	59750	:	588;
	59751	:	467;
	59752	:	477;
	59753	:	578;
	59754	:	444;
	59755	:	444;
	59756	:	344;
	59757	:	566;
	59758	:	589;
	59759	:	599;
	59760	:	578;
	59761	:	589;
	59762	:	588;
	59763	:	578;
	59764	:	578;
	59765	:	577;
	59766	:	577;
	59767	:	455;
	59768	:	578;
	59769	:	589;
	59770	:	366;
	59771	:	477;
	59772	:	488;
	59773	:	488;
	59774	:	488;
	59775	:	589;
	59776	:	589;
	59777	:	589;
	59778	:	588;
	59779	:	588;
	59780	:	588;
	59781	:	59a;
	59782	:	599;
	59783	:	69a;
	59784	:	599;
	59785	:	69a;
	59786	:	589;
	59787	:	589;
	59788	:	254;
	59789	:	6aa;
	59790	:	476;
	59791	:	796;
	59792	:	795;
	59793	:	795;
	59794	:	795;
	59795	:	694;
	59796	:	694;
	59797	:	684;
	59798	:	684;
	59799	:	684;
	59800	:	684;
	59801	:	584;
	59802	:	584;
	59803	:	574;
	59804	:	574;
	59805	:	574;
	59806	:	573;
	59807	:	563;
	59808	:	564;
	59809	:	563;
	59810	:	564;
	59811	:	563;
	59812	:	563;
	59813	:	553;
	59814	:	554;
	59815	:	664;
	59816	:	664;
	59817	:	664;
	59818	:	664;
	59819	:	664;
	59820	:	664;
	59821	:	665;
	59822	:	675;
	59823	:	675;
	59824	:	675;
	59825	:	675;
	59826	:	675;
	59827	:	685;
	59828	:	785;
	59829	:	785;
	59830	:	786;
	59831	:	796;
	59832	:	786;
	59833	:	786;
	59834	:	785;
	59835	:	785;
	59836	:	786;
	59837	:	786;
	59838	:	687;
	59839	:	465;
	59840	:	555;
	59841	:	544;
	59842	:	433;
	59843	:	322;
	59844	:	532;
	59845	:	632;
	59846	:	632;
	59847	:	622;
	59848	:	633;
	59849	:	633;
	59850	:	632;
	59851	:	733;
	59852	:	732;
	59853	:	632;
	59854	:	632;
	59855	:	632;
	59856	:	732;
	59857	:	733;
	59858	:	833;
	59859	:	833;
	59860	:	732;
	59861	:	832;
	59862	:	732;
	59863	:	832;
	59864	:	833;
	59865	:	843;
	59866	:	732;
	59867	:	732;
	59868	:	732;
	59869	:	722;
	59870	:	722;
	59871	:	732;
	59872	:	732;
	59873	:	732;
	59874	:	732;
	59875	:	722;
	59876	:	732;
	59877	:	732;
	59878	:	722;
	59879	:	722;
	59880	:	722;
	59881	:	722;
	59882	:	722;
	59883	:	722;
	59884	:	722;
	59885	:	722;
	59886	:	732;
	59887	:	722;
	59888	:	722;
	59889	:	732;
	59890	:	732;
	59891	:	722;
	59892	:	722;
	59893	:	722;
	59894	:	722;
	59895	:	832;
	59896	:	722;
	59897	:	822;
	59898	:	832;
	59899	:	832;
	59900	:	832;
	59901	:	832;
	59902	:	722;
	59903	:	732;
	59904	:	453;
	59905	:	453;
	59906	:	453;
	59907	:	553;
	59908	:	553;
	59909	:	553;
	59910	:	553;
	59911	:	553;
	59912	:	453;
	59913	:	563;
	59914	:	463;
	59915	:	453;
	59916	:	553;
	59917	:	453;
	59918	:	553;
	59919	:	553;
	59920	:	554;
	59921	:	554;
	59922	:	554;
	59923	:	554;
	59924	:	554;
	59925	:	554;
	59926	:	554;
	59927	:	554;
	59928	:	554;
	59929	:	554;
	59930	:	554;
	59931	:	554;
	59932	:	554;
	59933	:	544;
	59934	:	554;
	59935	:	554;
	59936	:	687;
	59937	:	69a;
	59938	:	478;
	59939	:	466;
	59940	:	465;
	59941	:	883;
	59942	:	b91;
	59943	:	b90;
	59944	:	ca0;
	59945	:	ca0;
	59946	:	db0;
	59947	:	da0;
	59948	:	db0;
	59949	:	eb0;
	59950	:	eb0;
	59951	:	eb0;
	59952	:	eb0;
	59953	:	eb0;
	59954	:	db0;
	59955	:	ec1;
	59956	:	eb1;
	59957	:	ec1;
	59958	:	eb1;
	59959	:	eb1;
	59960	:	eb1;
	59961	:	ec1;
	59962	:	ec0;
	59963	:	fc0;
	59964	:	eb0;
	59965	:	eb0;
	59966	:	fc1;
	59967	:	fc1;
	59968	:	fc1;
	59969	:	fc0;
	59970	:	fc0;
	59971	:	fc1;
	59972	:	fc2;
	59973	:	fc2;
	59974	:	eb1;
	59975	:	fc1;
	59976	:	eb1;
	59977	:	eb1;
	59978	:	eb1;
	59979	:	eb1;
	59980	:	eb1;
	59981	:	fb0;
	59982	:	eb0;
	59983	:	fb0;
	59984	:	fb0;
	59985	:	fb0;
	59986	:	fb0;
	59987	:	fb0;
	59988	:	fb0;
	59989	:	fb0;
	59990	:	fb0;
	59991	:	fb0;
	59992	:	fb1;
	59993	:	eb1;
	59994	:	eb1;
	59995	:	eb0;
	59996	:	da0;
	59997	:	da0;
	59998	:	c90;
	59999	:	c90;
	60000	:	9a7;
	60001	:	699;
	60002	:	588;
	60003	:	456;
	60004	:	467;
	60005	:	478;
	60006	:	588;
	60007	:	467;
	60008	:	477;
	60009	:	578;
	60010	:	444;
	60011	:	444;
	60012	:	344;
	60013	:	566;
	60014	:	589;
	60015	:	599;
	60016	:	578;
	60017	:	589;
	60018	:	588;
	60019	:	578;
	60020	:	578;
	60021	:	577;
	60022	:	577;
	60023	:	455;
	60024	:	578;
	60025	:	589;
	60026	:	366;
	60027	:	477;
	60028	:	488;
	60029	:	488;
	60030	:	488;
	60031	:	589;
	60032	:	589;
	60033	:	589;
	60034	:	588;
	60035	:	588;
	60036	:	588;
	60037	:	59a;
	60038	:	599;
	60039	:	69a;
	60040	:	599;
	60041	:	69a;
	60042	:	589;
	60043	:	589;
	60044	:	254;
	60045	:	6aa;
	60046	:	476;
	60047	:	796;
	60048	:	795;
	60049	:	795;
	60050	:	795;
	60051	:	694;
	60052	:	694;
	60053	:	684;
	60054	:	684;
	60055	:	684;
	60056	:	684;
	60057	:	584;
	60058	:	584;
	60059	:	574;
	60060	:	574;
	60061	:	574;
	60062	:	573;
	60063	:	563;
	60064	:	564;
	60065	:	563;
	60066	:	564;
	60067	:	563;
	60068	:	563;
	60069	:	553;
	60070	:	554;
	60071	:	664;
	60072	:	664;
	60073	:	664;
	60074	:	664;
	60075	:	664;
	60076	:	664;
	60077	:	665;
	60078	:	675;
	60079	:	675;
	60080	:	675;
	60081	:	675;
	60082	:	675;
	60083	:	685;
	60084	:	785;
	60085	:	785;
	60086	:	786;
	60087	:	796;
	60088	:	786;
	60089	:	786;
	60090	:	785;
	60091	:	785;
	60092	:	786;
	60093	:	786;
	60094	:	687;
	60095	:	465;
	60096	:	555;
	60097	:	544;
	60098	:	433;
	60099	:	322;
	60100	:	532;
	60101	:	632;
	60102	:	632;
	60103	:	622;
	60104	:	633;
	60105	:	633;
	60106	:	632;
	60107	:	733;
	60108	:	732;
	60109	:	632;
	60110	:	632;
	60111	:	632;
	60112	:	732;
	60113	:	733;
	60114	:	833;
	60115	:	833;
	60116	:	732;
	60117	:	832;
	60118	:	732;
	60119	:	832;
	60120	:	833;
	60121	:	843;
	60122	:	732;
	60123	:	732;
	60124	:	732;
	60125	:	722;
	60126	:	722;
	60127	:	732;
	60128	:	732;
	60129	:	732;
	60130	:	732;
	60131	:	722;
	60132	:	732;
	60133	:	732;
	60134	:	722;
	60135	:	722;
	60136	:	722;
	60137	:	722;
	60138	:	722;
	60139	:	722;
	60140	:	722;
	60141	:	722;
	60142	:	732;
	60143	:	722;
	60144	:	722;
	60145	:	732;
	60146	:	732;
	60147	:	722;
	60148	:	722;
	60149	:	722;
	60150	:	722;
	60151	:	832;
	60152	:	722;
	60153	:	822;
	60154	:	832;
	60155	:	832;
	60156	:	832;
	60157	:	832;
	60158	:	722;
	60159	:	732;
	60160	:	452;
	60161	:	452;
	60162	:	452;
	60163	:	452;
	60164	:	453;
	60165	:	453;
	60166	:	453;
	60167	:	453;
	60168	:	453;
	60169	:	453;
	60170	:	463;
	60171	:	463;
	60172	:	453;
	60173	:	463;
	60174	:	563;
	60175	:	553;
	60176	:	553;
	60177	:	554;
	60178	:	554;
	60179	:	554;
	60180	:	554;
	60181	:	554;
	60182	:	554;
	60183	:	544;
	60184	:	554;
	60185	:	444;
	60186	:	554;
	60187	:	554;
	60188	:	444;
	60189	:	554;
	60190	:	444;
	60191	:	454;
	60192	:	79a;
	60193	:	589;
	60194	:	477;
	60195	:	466;
	60196	:	465;
	60197	:	883;
	60198	:	982;
	60199	:	ba0;
	60200	:	ca0;
	60201	:	ca0;
	60202	:	da0;
	60203	:	db0;
	60204	:	db0;
	60205	:	eb0;
	60206	:	db0;
	60207	:	eb0;
	60208	:	eb0;
	60209	:	eb0;
	60210	:	eb1;
	60211	:	eb2;
	60212	:	eb1;
	60213	:	eb1;
	60214	:	ec1;
	60215	:	fc1;
	60216	:	eb1;
	60217	:	eb1;
	60218	:	eb1;
	60219	:	eb0;
	60220	:	eb0;
	60221	:	eb0;
	60222	:	eb0;
	60223	:	eb0;
	60224	:	fc2;
	60225	:	eb0;
	60226	:	fc1;
	60227	:	fc2;
	60228	:	ec2;
	60229	:	ec2;
	60230	:	ec2;
	60231	:	eb1;
	60232	:	fc1;
	60233	:	eb0;
	60234	:	ec1;
	60235	:	eb0;
	60236	:	eb0;
	60237	:	eb0;
	60238	:	fc0;
	60239	:	fb0;
	60240	:	fb0;
	60241	:	fc0;
	60242	:	fb0;
	60243	:	fb0;
	60244	:	fb0;
	60245	:	fb0;
	60246	:	fb0;
	60247	:	fb0;
	60248	:	fb1;
	60249	:	eb0;
	60250	:	eb1;
	60251	:	eb0;
	60252	:	da0;
	60253	:	da0;
	60254	:	c90;
	60255	:	c91;
	60256	:	aa7;
	60257	:	699;
	60258	:	589;
	60259	:	466;
	60260	:	344;
	60261	:	466;
	60262	:	466;
	60263	:	455;
	60264	:	456;
	60265	:	455;
	60266	:	444;
	60267	:	444;
	60268	:	444;
	60269	:	455;
	60270	:	577;
	60271	:	699;
	60272	:	588;
	60273	:	589;
	60274	:	467;
	60275	:	578;
	60276	:	578;
	60277	:	578;
	60278	:	467;
	60279	:	466;
	60280	:	589;
	60281	:	589;
	60282	:	477;
	60283	:	578;
	60284	:	589;
	60285	:	589;
	60286	:	589;
	60287	:	589;
	60288	:	59a;
	60289	:	589;
	60290	:	589;
	60291	:	588;
	60292	:	589;
	60293	:	59a;
	60294	:	69a;
	60295	:	478;
	60296	:	599;
	60297	:	6aa;
	60298	:	599;
	60299	:	6aa;
	60300	:	476;
	60301	:	243;
	60302	:	7bc;
	60303	:	476;
	60304	:	675;
	60305	:	795;
	60306	:	795;
	60307	:	694;
	60308	:	694;
	60309	:	684;
	60310	:	684;
	60311	:	684;
	60312	:	584;
	60313	:	584;
	60314	:	574;
	60315	:	574;
	60316	:	573;
	60317	:	574;
	60318	:	563;
	60319	:	563;
	60320	:	563;
	60321	:	563;
	60322	:	563;
	60323	:	563;
	60324	:	553;
	60325	:	563;
	60326	:	563;
	60327	:	664;
	60328	:	564;
	60329	:	664;
	60330	:	664;
	60331	:	664;
	60332	:	664;
	60333	:	675;
	60334	:	675;
	60335	:	675;
	60336	:	675;
	60337	:	675;
	60338	:	675;
	60339	:	785;
	60340	:	786;
	60341	:	786;
	60342	:	786;
	60343	:	786;
	60344	:	785;
	60345	:	785;
	60346	:	685;
	60347	:	685;
	60348	:	685;
	60349	:	785;
	60350	:	786;
	60351	:	687;
	60352	:	454;
	60353	:	544;
	60354	:	544;
	60355	:	433;
	60356	:	422;
	60357	:	522;
	60358	:	622;
	60359	:	632;
	60360	:	732;
	60361	:	632;
	60362	:	632;
	60363	:	732;
	60364	:	732;
	60365	:	632;
	60366	:	622;
	60367	:	622;
	60368	:	632;
	60369	:	733;
	60370	:	732;
	60371	:	843;
	60372	:	732;
	60373	:	732;
	60374	:	843;
	60375	:	732;
	60376	:	832;
	60377	:	833;
	60378	:	833;
	60379	:	732;
	60380	:	722;
	60381	:	622;
	60382	:	722;
	60383	:	622;
	60384	:	732;
	60385	:	732;
	60386	:	732;
	60387	:	722;
	60388	:	732;
	60389	:	722;
	60390	:	722;
	60391	:	732;
	60392	:	722;
	60393	:	732;
	60394	:	722;
	60395	:	722;
	60396	:	722;
	60397	:	732;
	60398	:	722;
	60399	:	722;
	60400	:	722;
	60401	:	722;
	60402	:	732;
	60403	:	722;
	60404	:	722;
	60405	:	722;
	60406	:	722;
	60407	:	722;
	60408	:	722;
	60409	:	722;
	60410	:	832;
	60411	:	732;
	60412	:	722;
	60413	:	732;
	60414	:	722;
	60415	:	722;
	60416	:	452;
	60417	:	452;
	60418	:	452;
	60419	:	452;
	60420	:	452;
	60421	:	453;
	60422	:	453;
	60423	:	453;
	60424	:	453;
	60425	:	452;
	60426	:	452;
	60427	:	453;
	60428	:	463;
	60429	:	453;
	60430	:	453;
	60431	:	553;
	60432	:	553;
	60433	:	554;
	60434	:	554;
	60435	:	554;
	60436	:	554;
	60437	:	554;
	60438	:	554;
	60439	:	554;
	60440	:	554;
	60441	:	554;
	60442	:	554;
	60443	:	554;
	60444	:	444;
	60445	:	444;
	60446	:	444;
	60447	:	454;
	60448	:	79a;
	60449	:	589;
	60450	:	477;
	60451	:	467;
	60452	:	466;
	60453	:	774;
	60454	:	a92;
	60455	:	ba0;
	60456	:	ca0;
	60457	:	ca0;
	60458	:	da0;
	60459	:	db0;
	60460	:	eb0;
	60461	:	eb0;
	60462	:	eb0;
	60463	:	eb0;
	60464	:	eb0;
	60465	:	eb0;
	60466	:	ec1;
	60467	:	ec2;
	60468	:	eb1;
	60469	:	ec1;
	60470	:	eb1;
	60471	:	eb0;
	60472	:	ec0;
	60473	:	eb0;
	60474	:	ec0;
	60475	:	eb0;
	60476	:	eb0;
	60477	:	eb0;
	60478	:	eb0;
	60479	:	eb0;
	60480	:	fc2;
	60481	:	ec1;
	60482	:	fc2;
	60483	:	ec2;
	60484	:	fc2;
	60485	:	fc2;
	60486	:	eb2;
	60487	:	eb1;
	60488	:	eb1;
	60489	:	fc1;
	60490	:	eb0;
	60491	:	eb0;
	60492	:	eb0;
	60493	:	eb0;
	60494	:	fc0;
	60495	:	fc0;
	60496	:	fb0;
	60497	:	fc0;
	60498	:	fb0;
	60499	:	fb0;
	60500	:	fb0;
	60501	:	fc0;
	60502	:	fb0;
	60503	:	fb0;
	60504	:	fb0;
	60505	:	eb0;
	60506	:	eb0;
	60507	:	eb0;
	60508	:	da0;
	60509	:	da0;
	60510	:	c91;
	60511	:	c91;
	60512	:	aa7;
	60513	:	699;
	60514	:	589;
	60515	:	577;
	60516	:	344;
	60517	:	577;
	60518	:	455;
	60519	:	444;
	60520	:	455;
	60521	:	455;
	60522	:	455;
	60523	:	444;
	60524	:	444;
	60525	:	566;
	60526	:	577;
	60527	:	699;
	60528	:	588;
	60529	:	588;
	60530	:	578;
	60531	:	467;
	60532	:	577;
	60533	:	577;
	60534	:	567;
	60535	:	577;
	60536	:	489;
	60537	:	589;
	60538	:	478;
	60539	:	488;
	60540	:	488;
	60541	:	589;
	60542	:	589;
	60543	:	589;
	60544	:	59a;
	60545	:	589;
	60546	:	589;
	60547	:	488;
	60548	:	599;
	60549	:	59a;
	60550	:	589;
	60551	:	589;
	60552	:	478;
	60553	:	59a;
	60554	:	6aa;
	60555	:	59a;
	60556	:	6aa;
	60557	:	232;
	60558	:	7aa;
	60559	:	699;
	60560	:	353;
	60561	:	685;
	60562	:	795;
	60563	:	694;
	60564	:	684;
	60565	:	684;
	60566	:	684;
	60567	:	584;
	60568	:	573;
	60569	:	574;
	60570	:	574;
	60571	:	573;
	60572	:	573;
	60573	:	574;
	60574	:	564;
	60575	:	563;
	60576	:	564;
	60577	:	563;
	60578	:	563;
	60579	:	563;
	60580	:	553;
	60581	:	564;
	60582	:	664;
	60583	:	664;
	60584	:	664;
	60585	:	664;
	60586	:	664;
	60587	:	664;
	60588	:	665;
	60589	:	664;
	60590	:	675;
	60591	:	675;
	60592	:	675;
	60593	:	675;
	60594	:	685;
	60595	:	785;
	60596	:	786;
	60597	:	786;
	60598	:	786;
	60599	:	785;
	60600	:	785;
	60601	:	685;
	60602	:	685;
	60603	:	685;
	60604	:	685;
	60605	:	685;
	60606	:	786;
	60607	:	687;
	60608	:	344;
	60609	:	544;
	60610	:	544;
	60611	:	533;
	60612	:	322;
	60613	:	422;
	60614	:	632;
	60615	:	632;
	60616	:	732;
	60617	:	632;
	60618	:	632;
	60619	:	622;
	60620	:	732;
	60621	:	632;
	60622	:	632;
	60623	:	622;
	60624	:	622;
	60625	:	732;
	60626	:	733;
	60627	:	843;
	60628	:	732;
	60629	:	732;
	60630	:	732;
	60631	:	833;
	60632	:	732;
	60633	:	833;
	60634	:	833;
	60635	:	732;
	60636	:	722;
	60637	:	622;
	60638	:	722;
	60639	:	722;
	60640	:	732;
	60641	:	722;
	60642	:	732;
	60643	:	722;
	60644	:	732;
	60645	:	622;
	60646	:	722;
	60647	:	722;
	60648	:	722;
	60649	:	722;
	60650	:	722;
	60651	:	722;
	60652	:	722;
	60653	:	722;
	60654	:	722;
	60655	:	722;
	60656	:	722;
	60657	:	722;
	60658	:	722;
	60659	:	722;
	60660	:	722;
	60661	:	722;
	60662	:	722;
	60663	:	722;
	60664	:	722;
	60665	:	832;
	60666	:	722;
	60667	:	732;
	60668	:	732;
	60669	:	732;
	60670	:	732;
	60671	:	732;
	60672	:	452;
	60673	:	452;
	60674	:	452;
	60675	:	452;
	60676	:	452;
	60677	:	452;
	60678	:	452;
	60679	:	452;
	60680	:	462;
	60681	:	462;
	60682	:	462;
	60683	:	452;
	60684	:	462;
	60685	:	453;
	60686	:	553;
	60687	:	563;
	60688	:	553;
	60689	:	553;
	60690	:	554;
	60691	:	554;
	60692	:	554;
	60693	:	554;
	60694	:	554;
	60695	:	554;
	60696	:	554;
	60697	:	554;
	60698	:	444;
	60699	:	444;
	60700	:	444;
	60701	:	544;
	60702	:	444;
	60703	:	454;
	60704	:	7aa;
	60705	:	589;
	60706	:	477;
	60707	:	466;
	60708	:	466;
	60709	:	774;
	60710	:	a92;
	60711	:	ba0;
	60712	:	ca0;
	60713	:	ca0;
	60714	:	db0;
	60715	:	db0;
	60716	:	db0;
	60717	:	db0;
	60718	:	eb0;
	60719	:	eb0;
	60720	:	eb0;
	60721	:	eb0;
	60722	:	fc2;
	60723	:	eb1;
	60724	:	ec1;
	60725	:	ec1;
	60726	:	ec1;
	60727	:	eb0;
	60728	:	eb0;
	60729	:	eb0;
	60730	:	eb0;
	60731	:	ec0;
	60732	:	fc0;
	60733	:	eb1;
	60734	:	eb1;
	60735	:	eb0;
	60736	:	fc2;
	60737	:	eb0;
	60738	:	fc1;
	60739	:	eb1;
	60740	:	ec2;
	60741	:	eb2;
	60742	:	eb1;
	60743	:	eb1;
	60744	:	eb1;
	60745	:	eb1;
	60746	:	eb0;
	60747	:	eb0;
	60748	:	eb0;
	60749	:	fc0;
	60750	:	fc1;
	60751	:	fc1;
	60752	:	fc0;
	60753	:	fc0;
	60754	:	fc0;
	60755	:	fc0;
	60756	:	fc0;
	60757	:	fc0;
	60758	:	fb0;
	60759	:	fb0;
	60760	:	eb0;
	60761	:	eb0;
	60762	:	eb0;
	60763	:	eb0;
	60764	:	da0;
	60765	:	da1;
	60766	:	d90;
	60767	:	b90;
	60768	:	bb7;
	60769	:	688;
	60770	:	589;
	60771	:	478;
	60772	:	577;
	60773	:	566;
	60774	:	344;
	60775	:	444;
	60776	:	566;
	60777	:	455;
	60778	:	677;
	60779	:	445;
	60780	:	444;
	60781	:	455;
	60782	:	578;
	60783	:	689;
	60784	:	578;
	60785	:	578;
	60786	:	578;
	60787	:	577;
	60788	:	577;
	60789	:	577;
	60790	:	477;
	60791	:	478;
	60792	:	489;
	60793	:	589;
	60794	:	478;
	60795	:	589;
	60796	:	478;
	60797	:	589;
	60798	:	489;
	60799	:	589;
	60800	:	599;
	60801	:	489;
	60802	:	488;
	60803	:	589;
	60804	:	589;
	60805	:	69a;
	60806	:	488;
	60807	:	589;
	60808	:	367;
	60809	:	6aa;
	60810	:	6ab;
	60811	:	589;
	60812	:	6ab;
	60813	:	355;
	60814	:	466;
	60815	:	7aa;
	60816	:	354;
	60817	:	564;
	60818	:	685;
	60819	:	684;
	60820	:	684;
	60821	:	684;
	60822	:	584;
	60823	:	584;
	60824	:	574;
	60825	:	574;
	60826	:	574;
	60827	:	574;
	60828	:	573;
	60829	:	563;
	60830	:	564;
	60831	:	564;
	60832	:	563;
	60833	:	563;
	60834	:	563;
	60835	:	563;
	60836	:	563;
	60837	:	563;
	60838	:	664;
	60839	:	664;
	60840	:	664;
	60841	:	664;
	60842	:	664;
	60843	:	664;
	60844	:	675;
	60845	:	675;
	60846	:	675;
	60847	:	775;
	60848	:	675;
	60849	:	675;
	60850	:	685;
	60851	:	786;
	60852	:	786;
	60853	:	786;
	60854	:	786;
	60855	:	785;
	60856	:	785;
	60857	:	685;
	60858	:	685;
	60859	:	685;
	60860	:	685;
	60861	:	685;
	60862	:	786;
	60863	:	687;
	60864	:	354;
	60865	:	444;
	60866	:	544;
	60867	:	544;
	60868	:	433;
	60869	:	422;
	60870	:	522;
	60871	:	633;
	60872	:	633;
	60873	:	632;
	60874	:	622;
	60875	:	622;
	60876	:	732;
	60877	:	732;
	60878	:	632;
	60879	:	632;
	60880	:	622;
	60881	:	732;
	60882	:	843;
	60883	:	833;
	60884	:	733;
	60885	:	722;
	60886	:	732;
	60887	:	833;
	60888	:	732;
	60889	:	833;
	60890	:	833;
	60891	:	732;
	60892	:	732;
	60893	:	622;
	60894	:	622;
	60895	:	722;
	60896	:	722;
	60897	:	732;
	60898	:	732;
	60899	:	722;
	60900	:	732;
	60901	:	722;
	60902	:	722;
	60903	:	722;
	60904	:	722;
	60905	:	722;
	60906	:	722;
	60907	:	722;
	60908	:	722;
	60909	:	722;
	60910	:	722;
	60911	:	722;
	60912	:	722;
	60913	:	722;
	60914	:	722;
	60915	:	722;
	60916	:	722;
	60917	:	722;
	60918	:	722;
	60919	:	722;
	60920	:	722;
	60921	:	722;
	60922	:	722;
	60923	:	732;
	60924	:	722;
	60925	:	622;
	60926	:	732;
	60927	:	732;
	60928	:	452;
	60929	:	452;
	60930	:	452;
	60931	:	452;
	60932	:	452;
	60933	:	452;
	60934	:	452;
	60935	:	452;
	60936	:	462;
	60937	:	462;
	60938	:	462;
	60939	:	452;
	60940	:	462;
	60941	:	453;
	60942	:	553;
	60943	:	563;
	60944	:	553;
	60945	:	553;
	60946	:	554;
	60947	:	554;
	60948	:	554;
	60949	:	554;
	60950	:	554;
	60951	:	554;
	60952	:	554;
	60953	:	554;
	60954	:	444;
	60955	:	444;
	60956	:	444;
	60957	:	544;
	60958	:	444;
	60959	:	454;
	60960	:	7aa;
	60961	:	589;
	60962	:	477;
	60963	:	466;
	60964	:	466;
	60965	:	774;
	60966	:	a92;
	60967	:	ba0;
	60968	:	ca0;
	60969	:	ca0;
	60970	:	db0;
	60971	:	db0;
	60972	:	db0;
	60973	:	db0;
	60974	:	eb0;
	60975	:	eb0;
	60976	:	eb0;
	60977	:	eb0;
	60978	:	fc2;
	60979	:	eb1;
	60980	:	ec1;
	60981	:	ec1;
	60982	:	ec1;
	60983	:	eb0;
	60984	:	eb0;
	60985	:	eb0;
	60986	:	eb0;
	60987	:	ec0;
	60988	:	fc0;
	60989	:	eb1;
	60990	:	eb1;
	60991	:	eb0;
	60992	:	fc2;
	60993	:	eb0;
	60994	:	fc1;
	60995	:	eb1;
	60996	:	ec2;
	60997	:	eb2;
	60998	:	eb1;
	60999	:	eb1;
	61000	:	eb1;
	61001	:	eb1;
	61002	:	eb0;
	61003	:	eb0;
	61004	:	eb0;
	61005	:	fc0;
	61006	:	fc1;
	61007	:	fc1;
	61008	:	fc0;
	61009	:	fc0;
	61010	:	fc0;
	61011	:	fc0;
	61012	:	fc0;
	61013	:	fc0;
	61014	:	fb0;
	61015	:	fb0;
	61016	:	eb0;
	61017	:	eb0;
	61018	:	eb0;
	61019	:	eb0;
	61020	:	da0;
	61021	:	da1;
	61022	:	d90;
	61023	:	b90;
	61024	:	bb7;
	61025	:	688;
	61026	:	589;
	61027	:	478;
	61028	:	577;
	61029	:	566;
	61030	:	344;
	61031	:	444;
	61032	:	566;
	61033	:	455;
	61034	:	677;
	61035	:	445;
	61036	:	444;
	61037	:	455;
	61038	:	578;
	61039	:	689;
	61040	:	578;
	61041	:	578;
	61042	:	578;
	61043	:	577;
	61044	:	577;
	61045	:	577;
	61046	:	477;
	61047	:	478;
	61048	:	489;
	61049	:	589;
	61050	:	478;
	61051	:	589;
	61052	:	478;
	61053	:	589;
	61054	:	489;
	61055	:	589;
	61056	:	599;
	61057	:	489;
	61058	:	488;
	61059	:	589;
	61060	:	589;
	61061	:	69a;
	61062	:	488;
	61063	:	589;
	61064	:	367;
	61065	:	6aa;
	61066	:	6ab;
	61067	:	589;
	61068	:	6ab;
	61069	:	355;
	61070	:	466;
	61071	:	7aa;
	61072	:	354;
	61073	:	564;
	61074	:	685;
	61075	:	684;
	61076	:	684;
	61077	:	684;
	61078	:	584;
	61079	:	584;
	61080	:	574;
	61081	:	574;
	61082	:	574;
	61083	:	574;
	61084	:	573;
	61085	:	563;
	61086	:	564;
	61087	:	564;
	61088	:	563;
	61089	:	563;
	61090	:	563;
	61091	:	563;
	61092	:	563;
	61093	:	563;
	61094	:	664;
	61095	:	664;
	61096	:	664;
	61097	:	664;
	61098	:	664;
	61099	:	664;
	61100	:	675;
	61101	:	675;
	61102	:	675;
	61103	:	775;
	61104	:	675;
	61105	:	675;
	61106	:	685;
	61107	:	786;
	61108	:	786;
	61109	:	786;
	61110	:	786;
	61111	:	785;
	61112	:	785;
	61113	:	685;
	61114	:	685;
	61115	:	685;
	61116	:	685;
	61117	:	685;
	61118	:	786;
	61119	:	687;
	61120	:	354;
	61121	:	444;
	61122	:	544;
	61123	:	544;
	61124	:	433;
	61125	:	422;
	61126	:	522;
	61127	:	633;
	61128	:	633;
	61129	:	632;
	61130	:	622;
	61131	:	622;
	61132	:	732;
	61133	:	732;
	61134	:	632;
	61135	:	632;
	61136	:	622;
	61137	:	732;
	61138	:	843;
	61139	:	833;
	61140	:	733;
	61141	:	722;
	61142	:	732;
	61143	:	833;
	61144	:	732;
	61145	:	833;
	61146	:	833;
	61147	:	732;
	61148	:	732;
	61149	:	622;
	61150	:	622;
	61151	:	722;
	61152	:	722;
	61153	:	732;
	61154	:	732;
	61155	:	722;
	61156	:	732;
	61157	:	722;
	61158	:	722;
	61159	:	722;
	61160	:	722;
	61161	:	722;
	61162	:	722;
	61163	:	722;
	61164	:	722;
	61165	:	722;
	61166	:	722;
	61167	:	722;
	61168	:	722;
	61169	:	722;
	61170	:	722;
	61171	:	722;
	61172	:	722;
	61173	:	722;
	61174	:	722;
	61175	:	722;
	61176	:	722;
	61177	:	722;
	61178	:	722;
	61179	:	732;
	61180	:	722;
	61181	:	622;
	61182	:	732;
	61183	:	732;
	61184	:	462;
	61185	:	462;
	61186	:	452;
	61187	:	452;
	61188	:	452;
	61189	:	452;
	61190	:	452;
	61191	:	452;
	61192	:	452;
	61193	:	462;
	61194	:	462;
	61195	:	462;
	61196	:	462;
	61197	:	462;
	61198	:	462;
	61199	:	463;
	61200	:	563;
	61201	:	553;
	61202	:	553;
	61203	:	553;
	61204	:	554;
	61205	:	554;
	61206	:	554;
	61207	:	554;
	61208	:	444;
	61209	:	554;
	61210	:	444;
	61211	:	554;
	61212	:	544;
	61213	:	444;
	61214	:	443;
	61215	:	565;
	61216	:	589;
	61217	:	477;
	61218	:	467;
	61219	:	477;
	61220	:	466;
	61221	:	995;
	61222	:	ca2;
	61223	:	ca0;
	61224	:	ba0;
	61225	:	ca0;
	61226	:	ca0;
	61227	:	da0;
	61228	:	db0;
	61229	:	eb0;
	61230	:	eb0;
	61231	:	ec0;
	61232	:	ec0;
	61233	:	ec0;
	61234	:	ec1;
	61235	:	ec1;
	61236	:	eb1;
	61237	:	eb0;
	61238	:	eb0;
	61239	:	eb0;
	61240	:	eb0;
	61241	:	eb0;
	61242	:	eb0;
	61243	:	fc0;
	61244	:	eb0;
	61245	:	ec1;
	61246	:	eb1;
	61247	:	eb1;
	61248	:	fc2;
	61249	:	eb1;
	61250	:	eb1;
	61251	:	eb2;
	61252	:	ec2;
	61253	:	eb2;
	61254	:	eb1;
	61255	:	fc1;
	61256	:	eb0;
	61257	:	eb0;
	61258	:	fc0;
	61259	:	fc0;
	61260	:	fc0;
	61261	:	fc0;
	61262	:	fc1;
	61263	:	fd2;
	61264	:	fc1;
	61265	:	fc0;
	61266	:	fc0;
	61267	:	fc0;
	61268	:	fc0;
	61269	:	fc0;
	61270	:	fc0;
	61271	:	fb0;
	61272	:	fb0;
	61273	:	fb0;
	61274	:	eb0;
	61275	:	eb1;
	61276	:	eb0;
	61277	:	da0;
	61278	:	da0;
	61279	:	c91;
	61280	:	a96;
	61281	:	bb9;
	61282	:	9a9;
	61283	:	688;
	61284	:	677;
	61285	:	444;
	61286	:	555;
	61287	:	444;
	61288	:	455;
	61289	:	455;
	61290	:	578;
	61291	:	578;
	61292	:	344;
	61293	:	444;
	61294	:	444;
	61295	:	566;
	61296	:	578;
	61297	:	578;
	61298	:	567;
	61299	:	578;
	61300	:	467;
	61301	:	566;
	61302	:	344;
	61303	:	478;
	61304	:	489;
	61305	:	589;
	61306	:	488;
	61307	:	467;
	61308	:	588;
	61309	:	488;
	61310	:	589;
	61311	:	489;
	61312	:	599;
	61313	:	489;
	61314	:	489;
	61315	:	489;
	61316	:	589;
	61317	:	489;
	61318	:	488;
	61319	:	589;
	61320	:	478;
	61321	:	488;
	61322	:	6ab;
	61323	:	59a;
	61324	:	6ab;
	61325	:	7bb;
	61326	:	132;
	61327	:	577;
	61328	:	355;
	61329	:	333;
	61330	:	454;
	61331	:	684;
	61332	:	584;
	61333	:	584;
	61334	:	584;
	61335	:	574;
	61336	:	574;
	61337	:	574;
	61338	:	574;
	61339	:	574;
	61340	:	574;
	61341	:	564;
	61342	:	563;
	61343	:	563;
	61344	:	563;
	61345	:	563;
	61346	:	563;
	61347	:	563;
	61348	:	664;
	61349	:	664;
	61350	:	564;
	61351	:	664;
	61352	:	664;
	61353	:	664;
	61354	:	675;
	61355	:	675;
	61356	:	675;
	61357	:	675;
	61358	:	675;
	61359	:	675;
	61360	:	675;
	61361	:	785;
	61362	:	785;
	61363	:	786;
	61364	:	786;
	61365	:	786;
	61366	:	785;
	61367	:	685;
	61368	:	785;
	61369	:	685;
	61370	:	685;
	61371	:	685;
	61372	:	685;
	61373	:	685;
	61374	:	685;
	61375	:	686;
	61376	:	576;
	61377	:	343;
	61378	:	444;
	61379	:	544;
	61380	:	544;
	61381	:	322;
	61382	:	422;
	61383	:	644;
	61384	:	644;
	61385	:	633;
	61386	:	732;
	61387	:	732;
	61388	:	732;
	61389	:	733;
	61390	:	632;
	61391	:	632;
	61392	:	622;
	61393	:	622;
	61394	:	733;
	61395	:	732;
	61396	:	833;
	61397	:	732;
	61398	:	722;
	61399	:	732;
	61400	:	833;
	61401	:	732;
	61402	:	833;
	61403	:	833;
	61404	:	732;
	61405	:	722;
	61406	:	622;
	61407	:	622;
	61408	:	722;
	61409	:	722;
	61410	:	722;
	61411	:	722;
	61412	:	722;
	61413	:	722;
	61414	:	622;
	61415	:	722;
	61416	:	722;
	61417	:	722;
	61418	:	722;
	61419	:	722;
	61420	:	722;
	61421	:	722;
	61422	:	722;
	61423	:	722;
	61424	:	722;
	61425	:	722;
	61426	:	722;
	61427	:	722;
	61428	:	722;
	61429	:	722;
	61430	:	722;
	61431	:	722;
	61432	:	722;
	61433	:	722;
	61434	:	732;
	61435	:	732;
	61436	:	621;
	61437	:	622;
	61438	:	622;
	61439	:	722;
	61440	:	462;
	61441	:	462;
	61442	:	452;
	61443	:	452;
	61444	:	452;
	61445	:	452;
	61446	:	452;
	61447	:	452;
	61448	:	452;
	61449	:	462;
	61450	:	462;
	61451	:	462;
	61452	:	462;
	61453	:	462;
	61454	:	462;
	61455	:	463;
	61456	:	563;
	61457	:	553;
	61458	:	553;
	61459	:	553;
	61460	:	554;
	61461	:	554;
	61462	:	554;
	61463	:	554;
	61464	:	444;
	61465	:	554;
	61466	:	444;
	61467	:	554;
	61468	:	544;
	61469	:	444;
	61470	:	443;
	61471	:	565;
	61472	:	589;
	61473	:	477;
	61474	:	467;
	61475	:	477;
	61476	:	466;
	61477	:	995;
	61478	:	ca2;
	61479	:	ca0;
	61480	:	ba0;
	61481	:	ca0;
	61482	:	ca0;
	61483	:	da0;
	61484	:	db0;
	61485	:	eb0;
	61486	:	eb0;
	61487	:	ec0;
	61488	:	ec0;
	61489	:	ec0;
	61490	:	ec1;
	61491	:	ec1;
	61492	:	eb1;
	61493	:	eb0;
	61494	:	eb0;
	61495	:	eb0;
	61496	:	eb0;
	61497	:	eb0;
	61498	:	eb0;
	61499	:	fc0;
	61500	:	eb0;
	61501	:	ec1;
	61502	:	eb1;
	61503	:	eb1;
	61504	:	fc2;
	61505	:	eb1;
	61506	:	eb1;
	61507	:	eb2;
	61508	:	ec2;
	61509	:	eb2;
	61510	:	eb1;
	61511	:	fc1;
	61512	:	eb0;
	61513	:	eb0;
	61514	:	fc0;
	61515	:	fc0;
	61516	:	fc0;
	61517	:	fc0;
	61518	:	fc1;
	61519	:	fd2;
	61520	:	fc1;
	61521	:	fc0;
	61522	:	fc0;
	61523	:	fc0;
	61524	:	fc0;
	61525	:	fc0;
	61526	:	fc0;
	61527	:	fb0;
	61528	:	fb0;
	61529	:	fb0;
	61530	:	eb0;
	61531	:	eb1;
	61532	:	eb0;
	61533	:	da0;
	61534	:	da0;
	61535	:	c91;
	61536	:	a96;
	61537	:	bb9;
	61538	:	9a9;
	61539	:	688;
	61540	:	677;
	61541	:	444;
	61542	:	555;
	61543	:	444;
	61544	:	455;
	61545	:	455;
	61546	:	578;
	61547	:	578;
	61548	:	344;
	61549	:	444;
	61550	:	444;
	61551	:	566;
	61552	:	578;
	61553	:	578;
	61554	:	567;
	61555	:	578;
	61556	:	467;
	61557	:	566;
	61558	:	344;
	61559	:	478;
	61560	:	489;
	61561	:	589;
	61562	:	488;
	61563	:	467;
	61564	:	588;
	61565	:	488;
	61566	:	589;
	61567	:	489;
	61568	:	599;
	61569	:	489;
	61570	:	489;
	61571	:	489;
	61572	:	589;
	61573	:	489;
	61574	:	488;
	61575	:	589;
	61576	:	478;
	61577	:	488;
	61578	:	6ab;
	61579	:	59a;
	61580	:	6ab;
	61581	:	7bb;
	61582	:	132;
	61583	:	577;
	61584	:	355;
	61585	:	333;
	61586	:	454;
	61587	:	684;
	61588	:	584;
	61589	:	584;
	61590	:	584;
	61591	:	574;
	61592	:	574;
	61593	:	574;
	61594	:	574;
	61595	:	574;
	61596	:	574;
	61597	:	564;
	61598	:	563;
	61599	:	563;
	61600	:	563;
	61601	:	563;
	61602	:	563;
	61603	:	563;
	61604	:	664;
	61605	:	664;
	61606	:	564;
	61607	:	664;
	61608	:	664;
	61609	:	664;
	61610	:	675;
	61611	:	675;
	61612	:	675;
	61613	:	675;
	61614	:	675;
	61615	:	675;
	61616	:	675;
	61617	:	785;
	61618	:	785;
	61619	:	786;
	61620	:	786;
	61621	:	786;
	61622	:	785;
	61623	:	685;
	61624	:	785;
	61625	:	685;
	61626	:	685;
	61627	:	685;
	61628	:	685;
	61629	:	685;
	61630	:	685;
	61631	:	686;
	61632	:	576;
	61633	:	343;
	61634	:	444;
	61635	:	544;
	61636	:	544;
	61637	:	322;
	61638	:	422;
	61639	:	644;
	61640	:	644;
	61641	:	633;
	61642	:	732;
	61643	:	732;
	61644	:	732;
	61645	:	733;
	61646	:	632;
	61647	:	632;
	61648	:	622;
	61649	:	622;
	61650	:	733;
	61651	:	732;
	61652	:	833;
	61653	:	732;
	61654	:	722;
	61655	:	732;
	61656	:	833;
	61657	:	732;
	61658	:	833;
	61659	:	833;
	61660	:	732;
	61661	:	722;
	61662	:	622;
	61663	:	622;
	61664	:	722;
	61665	:	722;
	61666	:	722;
	61667	:	722;
	61668	:	722;
	61669	:	722;
	61670	:	622;
	61671	:	722;
	61672	:	722;
	61673	:	722;
	61674	:	722;
	61675	:	722;
	61676	:	722;
	61677	:	722;
	61678	:	722;
	61679	:	722;
	61680	:	722;
	61681	:	722;
	61682	:	722;
	61683	:	722;
	61684	:	722;
	61685	:	722;
	61686	:	722;
	61687	:	722;
	61688	:	722;
	61689	:	722;
	61690	:	732;
	61691	:	732;
	61692	:	621;
	61693	:	622;
	61694	:	622;
	61695	:	722;
	61696	:	462;
	61697	:	462;
	61698	:	462;
	61699	:	462;
	61700	:	452;
	61701	:	452;
	61702	:	452;
	61703	:	452;
	61704	:	452;
	61705	:	452;
	61706	:	452;
	61707	:	462;
	61708	:	462;
	61709	:	462;
	61710	:	462;
	61711	:	562;
	61712	:	562;
	61713	:	563;
	61714	:	553;
	61715	:	563;
	61716	:	553;
	61717	:	553;
	61718	:	553;
	61719	:	553;
	61720	:	553;
	61721	:	553;
	61722	:	553;
	61723	:	454;
	61724	:	453;
	61725	:	453;
	61726	:	453;
	61727	:	677;
	61728	:	456;
	61729	:	455;
	61730	:	577;
	61731	:	577;
	61732	:	787;
	61733	:	cc8;
	61734	:	cb4;
	61735	:	ba3;
	61736	:	b92;
	61737	:	a91;
	61738	:	a90;
	61739	:	db0;
	61740	:	db0;
	61741	:	db0;
	61742	:	db0;
	61743	:	ec0;
	61744	:	eb0;
	61745	:	ec0;
	61746	:	ec1;
	61747	:	fc3;
	61748	:	eb1;
	61749	:	eb1;
	61750	:	eb1;
	61751	:	eb1;
	61752	:	eb1;
	61753	:	ec1;
	61754	:	ec1;
	61755	:	ec1;
	61756	:	ec1;
	61757	:	ec1;
	61758	:	eb1;
	61759	:	ec1;
	61760	:	eb1;
	61761	:	eb1;
	61762	:	eb1;
	61763	:	eb1;
	61764	:	eb1;
	61765	:	eb1;
	61766	:	eb1;
	61767	:	eb0;
	61768	:	fb0;
	61769	:	fc0;
	61770	:	fc0;
	61771	:	fc0;
	61772	:	fc0;
	61773	:	fc0;
	61774	:	fc1;
	61775	:	fc2;
	61776	:	fc1;
	61777	:	fc0;
	61778	:	fc0;
	61779	:	fc0;
	61780	:	fc0;
	61781	:	fc0;
	61782	:	fb0;
	61783	:	fb0;
	61784	:	fb0;
	61785	:	fb1;
	61786	:	fb1;
	61787	:	eb1;
	61788	:	eb0;
	61789	:	da1;
	61790	:	da1;
	61791	:	c91;
	61792	:	cb7;
	61793	:	ee9;
	61794	:	ba8;
	61795	:	cbb;
	61796	:	888;
	61797	:	567;
	61798	:	555;
	61799	:	444;
	61800	:	445;
	61801	:	444;
	61802	:	578;
	61803	:	589;
	61804	:	466;
	61805	:	444;
	61806	:	444;
	61807	:	445;
	61808	:	566;
	61809	:	455;
	61810	:	466;
	61811	:	566;
	61812	:	456;
	61813	:	344;
	61814	:	577;
	61815	:	488;
	61816	:	489;
	61817	:	489;
	61818	:	589;
	61819	:	355;
	61820	:	588;
	61821	:	488;
	61822	:	488;
	61823	:	489;
	61824	:	489;
	61825	:	599;
	61826	:	488;
	61827	:	489;
	61828	:	499;
	61829	:	478;
	61830	:	589;
	61831	:	589;
	61832	:	588;
	61833	:	488;
	61834	:	6ab;
	61835	:	6ab;
	61836	:	59a;
	61837	:	6bb;
	61838	:	254;
	61839	:	232;
	61840	:	566;
	61841	:	333;
	61842	:	333;
	61843	:	564;
	61844	:	574;
	61845	:	584;
	61846	:	584;
	61847	:	574;
	61848	:	574;
	61849	:	574;
	61850	:	574;
	61851	:	574;
	61852	:	563;
	61853	:	563;
	61854	:	563;
	61855	:	563;
	61856	:	563;
	61857	:	563;
	61858	:	563;
	61859	:	563;
	61860	:	664;
	61861	:	664;
	61862	:	664;
	61863	:	664;
	61864	:	674;
	61865	:	674;
	61866	:	675;
	61867	:	675;
	61868	:	675;
	61869	:	675;
	61870	:	675;
	61871	:	675;
	61872	:	785;
	61873	:	685;
	61874	:	685;
	61875	:	786;
	61876	:	786;
	61877	:	786;
	61878	:	785;
	61879	:	685;
	61880	:	785;
	61881	:	685;
	61882	:	685;
	61883	:	685;
	61884	:	685;
	61885	:	785;
	61886	:	685;
	61887	:	685;
	61888	:	685;
	61889	:	465;
	61890	:	343;
	61891	:	444;
	61892	:	544;
	61893	:	433;
	61894	:	322;
	61895	:	432;
	61896	:	633;
	61897	:	633;
	61898	:	632;
	61899	:	632;
	61900	:	732;
	61901	:	732;
	61902	:	732;
	61903	:	632;
	61904	:	622;
	61905	:	622;
	61906	:	732;
	61907	:	733;
	61908	:	844;
	61909	:	833;
	61910	:	732;
	61911	:	722;
	61912	:	722;
	61913	:	722;
	61914	:	733;
	61915	:	833;
	61916	:	733;
	61917	:	732;
	61918	:	622;
	61919	:	622;
	61920	:	622;
	61921	:	622;
	61922	:	722;
	61923	:	722;
	61924	:	722;
	61925	:	722;
	61926	:	622;
	61927	:	622;
	61928	:	732;
	61929	:	622;
	61930	:	732;
	61931	:	722;
	61932	:	722;
	61933	:	722;
	61934	:	722;
	61935	:	722;
	61936	:	722;
	61937	:	722;
	61938	:	722;
	61939	:	722;
	61940	:	722;
	61941	:	722;
	61942	:	722;
	61943	:	722;
	61944	:	722;
	61945	:	722;
	61946	:	722;
	61947	:	622;
	61948	:	622;
	61949	:	622;
	61950	:	722;
	61951	:	732;
	61952	:	462;
	61953	:	462;
	61954	:	462;
	61955	:	462;
	61956	:	452;
	61957	:	452;
	61958	:	452;
	61959	:	452;
	61960	:	452;
	61961	:	452;
	61962	:	452;
	61963	:	462;
	61964	:	462;
	61965	:	462;
	61966	:	462;
	61967	:	562;
	61968	:	562;
	61969	:	563;
	61970	:	553;
	61971	:	563;
	61972	:	553;
	61973	:	553;
	61974	:	553;
	61975	:	553;
	61976	:	553;
	61977	:	553;
	61978	:	553;
	61979	:	454;
	61980	:	453;
	61981	:	453;
	61982	:	453;
	61983	:	677;
	61984	:	456;
	61985	:	455;
	61986	:	577;
	61987	:	577;
	61988	:	787;
	61989	:	cc8;
	61990	:	cb4;
	61991	:	ba3;
	61992	:	b92;
	61993	:	a91;
	61994	:	a90;
	61995	:	db0;
	61996	:	db0;
	61997	:	db0;
	61998	:	db0;
	61999	:	ec0;
	62000	:	eb0;
	62001	:	ec0;
	62002	:	ec1;
	62003	:	fc3;
	62004	:	eb1;
	62005	:	eb1;
	62006	:	eb1;
	62007	:	eb1;
	62008	:	eb1;
	62009	:	ec1;
	62010	:	ec1;
	62011	:	ec1;
	62012	:	ec1;
	62013	:	ec1;
	62014	:	eb1;
	62015	:	ec1;
	62016	:	eb1;
	62017	:	eb1;
	62018	:	eb1;
	62019	:	eb1;
	62020	:	eb1;
	62021	:	eb1;
	62022	:	eb1;
	62023	:	eb0;
	62024	:	fb0;
	62025	:	fc0;
	62026	:	fc0;
	62027	:	fc0;
	62028	:	fc0;
	62029	:	fc0;
	62030	:	fc1;
	62031	:	fc2;
	62032	:	fc1;
	62033	:	fc0;
	62034	:	fc0;
	62035	:	fc0;
	62036	:	fc0;
	62037	:	fc0;
	62038	:	fb0;
	62039	:	fb0;
	62040	:	fb0;
	62041	:	fb1;
	62042	:	fb1;
	62043	:	eb1;
	62044	:	eb0;
	62045	:	da1;
	62046	:	da1;
	62047	:	c91;
	62048	:	cb7;
	62049	:	ee9;
	62050	:	ba8;
	62051	:	cbb;
	62052	:	888;
	62053	:	567;
	62054	:	555;
	62055	:	444;
	62056	:	445;
	62057	:	444;
	62058	:	578;
	62059	:	589;
	62060	:	466;
	62061	:	444;
	62062	:	444;
	62063	:	445;
	62064	:	566;
	62065	:	455;
	62066	:	466;
	62067	:	566;
	62068	:	456;
	62069	:	344;
	62070	:	577;
	62071	:	488;
	62072	:	489;
	62073	:	489;
	62074	:	589;
	62075	:	355;
	62076	:	588;
	62077	:	488;
	62078	:	488;
	62079	:	489;
	62080	:	489;
	62081	:	599;
	62082	:	488;
	62083	:	489;
	62084	:	499;
	62085	:	478;
	62086	:	589;
	62087	:	589;
	62088	:	588;
	62089	:	488;
	62090	:	6ab;
	62091	:	6ab;
	62092	:	59a;
	62093	:	6bb;
	62094	:	254;
	62095	:	232;
	62096	:	566;
	62097	:	333;
	62098	:	333;
	62099	:	564;
	62100	:	574;
	62101	:	584;
	62102	:	584;
	62103	:	574;
	62104	:	574;
	62105	:	574;
	62106	:	574;
	62107	:	574;
	62108	:	563;
	62109	:	563;
	62110	:	563;
	62111	:	563;
	62112	:	563;
	62113	:	563;
	62114	:	563;
	62115	:	563;
	62116	:	664;
	62117	:	664;
	62118	:	664;
	62119	:	664;
	62120	:	674;
	62121	:	674;
	62122	:	675;
	62123	:	675;
	62124	:	675;
	62125	:	675;
	62126	:	675;
	62127	:	675;
	62128	:	785;
	62129	:	685;
	62130	:	685;
	62131	:	786;
	62132	:	786;
	62133	:	786;
	62134	:	785;
	62135	:	685;
	62136	:	785;
	62137	:	685;
	62138	:	685;
	62139	:	685;
	62140	:	685;
	62141	:	785;
	62142	:	685;
	62143	:	685;
	62144	:	685;
	62145	:	465;
	62146	:	343;
	62147	:	444;
	62148	:	544;
	62149	:	433;
	62150	:	322;
	62151	:	432;
	62152	:	633;
	62153	:	633;
	62154	:	632;
	62155	:	632;
	62156	:	732;
	62157	:	732;
	62158	:	732;
	62159	:	632;
	62160	:	622;
	62161	:	622;
	62162	:	732;
	62163	:	733;
	62164	:	844;
	62165	:	833;
	62166	:	732;
	62167	:	722;
	62168	:	722;
	62169	:	722;
	62170	:	733;
	62171	:	833;
	62172	:	733;
	62173	:	732;
	62174	:	622;
	62175	:	622;
	62176	:	622;
	62177	:	622;
	62178	:	722;
	62179	:	722;
	62180	:	722;
	62181	:	722;
	62182	:	622;
	62183	:	622;
	62184	:	732;
	62185	:	622;
	62186	:	732;
	62187	:	722;
	62188	:	722;
	62189	:	722;
	62190	:	722;
	62191	:	722;
	62192	:	722;
	62193	:	722;
	62194	:	722;
	62195	:	722;
	62196	:	722;
	62197	:	722;
	62198	:	722;
	62199	:	722;
	62200	:	722;
	62201	:	722;
	62202	:	722;
	62203	:	622;
	62204	:	622;
	62205	:	622;
	62206	:	722;
	62207	:	732;
	62208	:	462;
	62209	:	462;
	62210	:	462;
	62211	:	462;
	62212	:	462;
	62213	:	452;
	62214	:	452;
	62215	:	452;
	62216	:	452;
	62217	:	462;
	62218	:	462;
	62219	:	451;
	62220	:	462;
	62221	:	461;
	62222	:	462;
	62223	:	462;
	62224	:	462;
	62225	:	562;
	62226	:	562;
	62227	:	563;
	62228	:	553;
	62229	:	553;
	62230	:	553;
	62231	:	553;
	62232	:	553;
	62233	:	453;
	62234	:	453;
	62235	:	553;
	62236	:	453;
	62237	:	453;
	62238	:	454;
	62239	:	578;
	62240	:	445;
	62241	:	455;
	62242	:	578;
	62243	:	566;
	62244	:	aa9;
	62245	:	ba6;
	62246	:	ba4;
	62247	:	ba4;
	62248	:	984;
	62249	:	873;
	62250	:	a92;
	62251	:	cb2;
	62252	:	db1;
	62253	:	db0;
	62254	:	db0;
	62255	:	ec0;
	62256	:	ec0;
	62257	:	ec1;
	62258	:	ec1;
	62259	:	fc3;
	62260	:	ec2;
	62261	:	ec2;
	62262	:	eb2;
	62263	:	eb2;
	62264	:	eb2;
	62265	:	ec2;
	62266	:	ec2;
	62267	:	ec1;
	62268	:	eb0;
	62269	:	eb1;
	62270	:	eb1;
	62271	:	eb1;
	62272	:	eb1;
	62273	:	eb0;
	62274	:	eb0;
	62275	:	eb1;
	62276	:	eb1;
	62277	:	eb1;
	62278	:	fc0;
	62279	:	fc0;
	62280	:	fc0;
	62281	:	fc0;
	62282	:	fc0;
	62283	:	fc0;
	62284	:	fc0;
	62285	:	fc0;
	62286	:	fc0;
	62287	:	fc1;
	62288	:	fb0;
	62289	:	fc0;
	62290	:	fc0;
	62291	:	fc0;
	62292	:	fb0;
	62293	:	fb0;
	62294	:	fb0;
	62295	:	fb0;
	62296	:	fb1;
	62297	:	fb1;
	62298	:	fb1;
	62299	:	eb1;
	62300	:	da0;
	62301	:	da1;
	62302	:	ca1;
	62303	:	ca2;
	62304	:	dc8;
	62305	:	dc8;
	62306	:	997;
	62307	:	ccb;
	62308	:	778;
	62309	:	457;
	62310	:	545;
	62311	:	444;
	62312	:	455;
	62313	:	445;
	62314	:	477;
	62315	:	589;
	62316	:	489;
	62317	:	588;
	62318	:	589;
	62319	:	345;
	62320	:	444;
	62321	:	333;
	62322	:	344;
	62323	:	444;
	62324	:	344;
	62325	:	477;
	62326	:	478;
	62327	:	478;
	62328	:	489;
	62329	:	489;
	62330	:	589;
	62331	:	355;
	62332	:	478;
	62333	:	489;
	62334	:	489;
	62335	:	489;
	62336	:	489;
	62337	:	589;
	62338	:	489;
	62339	:	489;
	62340	:	589;
	62341	:	488;
	62342	:	589;
	62343	:	488;
	62344	:	488;
	62345	:	588;
	62346	:	6ab;
	62347	:	59a;
	62348	:	59a;
	62349	:	6ab;
	62350	:	699;
	62351	:	133;
	62352	:	354;
	62353	:	566;
	62354	:	333;
	62355	:	343;
	62356	:	464;
	62357	:	584;
	62358	:	574;
	62359	:	574;
	62360	:	574;
	62361	:	574;
	62362	:	574;
	62363	:	563;
	62364	:	563;
	62365	:	564;
	62366	:	563;
	62367	:	563;
	62368	:	563;
	62369	:	563;
	62370	:	563;
	62371	:	564;
	62372	:	664;
	62373	:	664;
	62374	:	664;
	62375	:	674;
	62376	:	674;
	62377	:	675;
	62378	:	675;
	62379	:	675;
	62380	:	675;
	62381	:	775;
	62382	:	675;
	62383	:	685;
	62384	:	685;
	62385	:	685;
	62386	:	786;
	62387	:	685;
	62388	:	786;
	62389	:	786;
	62390	:	785;
	62391	:	785;
	62392	:	685;
	62393	:	685;
	62394	:	685;
	62395	:	685;
	62396	:	685;
	62397	:	685;
	62398	:	685;
	62399	:	685;
	62400	:	685;
	62401	:	564;
	62402	:	344;
	62403	:	333;
	62404	:	433;
	62405	:	544;
	62406	:	433;
	62407	:	322;
	62408	:	422;
	62409	:	533;
	62410	:	543;
	62411	:	532;
	62412	:	632;
	62413	:	732;
	62414	:	632;
	62415	:	622;
	62416	:	622;
	62417	:	622;
	62418	:	632;
	62419	:	733;
	62420	:	844;
	62421	:	833;
	62422	:	833;
	62423	:	722;
	62424	:	622;
	62425	:	722;
	62426	:	733;
	62427	:	733;
	62428	:	732;
	62429	:	732;
	62430	:	722;
	62431	:	732;
	62432	:	622;
	62433	:	622;
	62434	:	622;
	62435	:	732;
	62436	:	622;
	62437	:	622;
	62438	:	622;
	62439	:	622;
	62440	:	722;
	62441	:	722;
	62442	:	722;
	62443	:	722;
	62444	:	722;
	62445	:	722;
	62446	:	722;
	62447	:	722;
	62448	:	622;
	62449	:	722;
	62450	:	722;
	62451	:	722;
	62452	:	722;
	62453	:	722;
	62454	:	722;
	62455	:	722;
	62456	:	622;
	62457	:	722;
	62458	:	622;
	62459	:	622;
	62460	:	722;
	62461	:	722;
	62462	:	722;
	62463	:	622;
	62464	:	462;
	62465	:	452;
	62466	:	452;
	62467	:	452;
	62468	:	452;
	62469	:	452;
	62470	:	451;
	62471	:	452;
	62472	:	452;
	62473	:	452;
	62474	:	462;
	62475	:	462;
	62476	:	461;
	62477	:	461;
	62478	:	462;
	62479	:	462;
	62480	:	462;
	62481	:	562;
	62482	:	562;
	62483	:	562;
	62484	:	562;
	62485	:	563;
	62486	:	553;
	62487	:	553;
	62488	:	453;
	62489	:	553;
	62490	:	453;
	62491	:	553;
	62492	:	453;
	62493	:	553;
	62494	:	454;
	62495	:	577;
	62496	:	344;
	62497	:	445;
	62498	:	578;
	62499	:	567;
	62500	:	aa9;
	62501	:	a96;
	62502	:	aa5;
	62503	:	a94;
	62504	:	885;
	62505	:	664;
	62506	:	a93;
	62507	:	ca2;
	62508	:	db2;
	62509	:	db1;
	62510	:	eb0;
	62511	:	ec0;
	62512	:	ec0;
	62513	:	ec1;
	62514	:	ec1;
	62515	:	fc3;
	62516	:	ec2;
	62517	:	eb1;
	62518	:	eb2;
	62519	:	eb2;
	62520	:	ec2;
	62521	:	ec2;
	62522	:	eb1;
	62523	:	ec1;
	62524	:	eb1;
	62525	:	eb1;
	62526	:	eb0;
	62527	:	eb0;
	62528	:	eb0;
	62529	:	eb0;
	62530	:	ec1;
	62531	:	eb1;
	62532	:	eb0;
	62533	:	fc0;
	62534	:	fc0;
	62535	:	fc0;
	62536	:	fc0;
	62537	:	fc0;
	62538	:	fc0;
	62539	:	fc0;
	62540	:	fc0;
	62541	:	fc0;
	62542	:	fc0;
	62543	:	fc1;
	62544	:	fc1;
	62545	:	fc0;
	62546	:	fc0;
	62547	:	fb0;
	62548	:	fb0;
	62549	:	fb0;
	62550	:	fb0;
	62551	:	fc1;
	62552	:	fb1;
	62553	:	fb1;
	62554	:	fb1;
	62555	:	eb0;
	62556	:	eb1;
	62557	:	db1;
	62558	:	ca1;
	62559	:	c92;
	62560	:	dc8;
	62561	:	a96;
	62562	:	997;
	62563	:	ccb;
	62564	:	778;
	62565	:	457;
	62566	:	444;
	62567	:	555;
	62568	:	455;
	62569	:	455;
	62570	:	478;
	62571	:	489;
	62572	:	489;
	62573	:	489;
	62574	:	489;
	62575	:	477;
	62576	:	334;
	62577	:	444;
	62578	:	344;
	62579	:	344;
	62580	:	577;
	62581	:	477;
	62582	:	478;
	62583	:	478;
	62584	:	378;
	62585	:	489;
	62586	:	589;
	62587	:	356;
	62588	:	367;
	62589	:	589;
	62590	:	489;
	62591	:	489;
	62592	:	488;
	62593	:	589;
	62594	:	488;
	62595	:	488;
	62596	:	488;
	62597	:	488;
	62598	:	589;
	62599	:	478;
	62600	:	488;
	62601	:	588;
	62602	:	6ab;
	62603	:	5ab;
	62604	:	59a;
	62605	:	59a;
	62606	:	69a;
	62607	:	244;
	62608	:	244;
	62609	:	688;
	62610	:	344;
	62611	:	333;
	62612	:	354;
	62613	:	574;
	62614	:	574;
	62615	:	574;
	62616	:	574;
	62617	:	574;
	62618	:	574;
	62619	:	564;
	62620	:	563;
	62621	:	563;
	62622	:	563;
	62623	:	563;
	62624	:	563;
	62625	:	563;
	62626	:	563;
	62627	:	664;
	62628	:	664;
	62629	:	664;
	62630	:	664;
	62631	:	674;
	62632	:	674;
	62633	:	675;
	62634	:	675;
	62635	:	675;
	62636	:	675;
	62637	:	675;
	62638	:	675;
	62639	:	675;
	62640	:	785;
	62641	:	785;
	62642	:	685;
	62643	:	786;
	62644	:	785;
	62645	:	785;
	62646	:	785;
	62647	:	785;
	62648	:	685;
	62649	:	685;
	62650	:	685;
	62651	:	685;
	62652	:	685;
	62653	:	685;
	62654	:	685;
	62655	:	685;
	62656	:	685;
	62657	:	575;
	62658	:	354;
	62659	:	333;
	62660	:	333;
	62661	:	544;
	62662	:	444;
	62663	:	433;
	62664	:	322;
	62665	:	533;
	62666	:	633;
	62667	:	532;
	62668	:	632;
	62669	:	632;
	62670	:	632;
	62671	:	622;
	62672	:	622;
	62673	:	622;
	62674	:	632;
	62675	:	733;
	62676	:	733;
	62677	:	733;
	62678	:	733;
	62679	:	732;
	62680	:	722;
	62681	:	722;
	62682	:	733;
	62683	:	733;
	62684	:	732;
	62685	:	732;
	62686	:	622;
	62687	:	732;
	62688	:	622;
	62689	:	622;
	62690	:	622;
	62691	:	622;
	62692	:	732;
	62693	:	622;
	62694	:	622;
	62695	:	732;
	62696	:	622;
	62697	:	722;
	62698	:	722;
	62699	:	622;
	62700	:	722;
	62701	:	722;
	62702	:	722;
	62703	:	722;
	62704	:	722;
	62705	:	722;
	62706	:	722;
	62707	:	722;
	62708	:	722;
	62709	:	732;
	62710	:	722;
	62711	:	622;
	62712	:	722;
	62713	:	622;
	62714	:	622;
	62715	:	622;
	62716	:	722;
	62717	:	621;
	62718	:	622;
	62719	:	622;
	62720	:	351;
	62721	:	452;
	62722	:	452;
	62723	:	452;
	62724	:	452;
	62725	:	452;
	62726	:	452;
	62727	:	351;
	62728	:	352;
	62729	:	452;
	62730	:	451;
	62731	:	451;
	62732	:	461;
	62733	:	461;
	62734	:	461;
	62735	:	461;
	62736	:	462;
	62737	:	462;
	62738	:	462;
	62739	:	462;
	62740	:	562;
	62741	:	562;
	62742	:	552;
	62743	:	553;
	62744	:	553;
	62745	:	453;
	62746	:	453;
	62747	:	453;
	62748	:	453;
	62749	:	453;
	62750	:	454;
	62751	:	577;
	62752	:	333;
	62753	:	456;
	62754	:	579;
	62755	:	467;
	62756	:	888;
	62757	:	886;
	62758	:	984;
	62759	:	995;
	62760	:	665;
	62761	:	565;
	62762	:	983;
	62763	:	ba2;
	62764	:	db1;
	62765	:	db0;
	62766	:	eb0;
	62767	:	ec0;
	62768	:	ec0;
	62769	:	ec1;
	62770	:	ec1;
	62771	:	fc2;
	62772	:	ec2;
	62773	:	eb1;
	62774	:	eb2;
	62775	:	eb2;
	62776	:	ec2;
	62777	:	ec2;
	62778	:	ec2;
	62779	:	ec1;
	62780	:	eb1;
	62781	:	eb0;
	62782	:	eb0;
	62783	:	eb0;
	62784	:	eb0;
	62785	:	eb0;
	62786	:	eb1;
	62787	:	eb1;
	62788	:	fc1;
	62789	:	fc0;
	62790	:	fc0;
	62791	:	fc0;
	62792	:	fc0;
	62793	:	fc0;
	62794	:	fc0;
	62795	:	fc0;
	62796	:	fc0;
	62797	:	fc0;
	62798	:	fc0;
	62799	:	fc0;
	62800	:	fc0;
	62801	:	fb0;
	62802	:	fc0;
	62803	:	fb0;
	62804	:	fb0;
	62805	:	fc0;
	62806	:	fb0;
	62807	:	fc1;
	62808	:	fb1;
	62809	:	fb0;
	62810	:	fb1;
	62811	:	eb1;
	62812	:	eb1;
	62813	:	eb1;
	62814	:	ca1;
	62815	:	b91;
	62816	:	a96;
	62817	:	996;
	62818	:	886;
	62819	:	bba;
	62820	:	678;
	62821	:	457;
	62822	:	555;
	62823	:	454;
	62824	:	455;
	62825	:	455;
	62826	:	477;
	62827	:	589;
	62828	:	489;
	62829	:	489;
	62830	:	489;
	62831	:	489;
	62832	:	589;
	62833	:	467;
	62834	:	466;
	62835	:	577;
	62836	:	477;
	62837	:	477;
	62838	:	477;
	62839	:	478;
	62840	:	489;
	62841	:	489;
	62842	:	589;
	62843	:	466;
	62844	:	367;
	62845	:	589;
	62846	:	489;
	62847	:	489;
	62848	:	489;
	62849	:	489;
	62850	:	488;
	62851	:	478;
	62852	:	488;
	62853	:	489;
	62854	:	589;
	62855	:	478;
	62856	:	588;
	62857	:	488;
	62858	:	59a;
	62859	:	5ab;
	62860	:	5aa;
	62861	:	599;
	62862	:	59a;
	62863	:	366;
	62864	:	244;
	62865	:	799;
	62866	:	344;
	62867	:	333;
	62868	:	343;
	62869	:	564;
	62870	:	574;
	62871	:	574;
	62872	:	574;
	62873	:	574;
	62874	:	563;
	62875	:	563;
	62876	:	563;
	62877	:	563;
	62878	:	564;
	62879	:	563;
	62880	:	563;
	62881	:	564;
	62882	:	564;
	62883	:	664;
	62884	:	664;
	62885	:	664;
	62886	:	664;
	62887	:	674;
	62888	:	675;
	62889	:	675;
	62890	:	675;
	62891	:	675;
	62892	:	675;
	62893	:	675;
	62894	:	675;
	62895	:	685;
	62896	:	785;
	62897	:	685;
	62898	:	786;
	62899	:	786;
	62900	:	786;
	62901	:	786;
	62902	:	785;
	62903	:	685;
	62904	:	685;
	62905	:	685;
	62906	:	685;
	62907	:	685;
	62908	:	685;
	62909	:	685;
	62910	:	685;
	62911	:	685;
	62912	:	685;
	62913	:	575;
	62914	:	454;
	62915	:	344;
	62916	:	333;
	62917	:	444;
	62918	:	444;
	62919	:	433;
	62920	:	322;
	62921	:	422;
	62922	:	533;
	62923	:	522;
	62924	:	522;
	62925	:	532;
	62926	:	632;
	62927	:	622;
	62928	:	632;
	62929	:	622;
	62930	:	622;
	62931	:	733;
	62932	:	743;
	62933	:	733;
	62934	:	733;
	62935	:	733;
	62936	:	722;
	62937	:	622;
	62938	:	622;
	62939	:	732;
	62940	:	732;
	62941	:	622;
	62942	:	622;
	62943	:	622;
	62944	:	622;
	62945	:	622;
	62946	:	622;
	62947	:	622;
	62948	:	622;
	62949	:	732;
	62950	:	732;
	62951	:	622;
	62952	:	622;
	62953	:	622;
	62954	:	622;
	62955	:	622;
	62956	:	622;
	62957	:	722;
	62958	:	722;
	62959	:	722;
	62960	:	622;
	62961	:	722;
	62962	:	722;
	62963	:	722;
	62964	:	722;
	62965	:	722;
	62966	:	722;
	62967	:	622;
	62968	:	722;
	62969	:	722;
	62970	:	622;
	62971	:	722;
	62972	:	622;
	62973	:	622;
	62974	:	622;
	62975	:	622;
	62976	:	351;
	62977	:	452;
	62978	:	452;
	62979	:	452;
	62980	:	452;
	62981	:	452;
	62982	:	452;
	62983	:	351;
	62984	:	352;
	62985	:	452;
	62986	:	451;
	62987	:	451;
	62988	:	461;
	62989	:	461;
	62990	:	461;
	62991	:	461;
	62992	:	462;
	62993	:	462;
	62994	:	462;
	62995	:	462;
	62996	:	562;
	62997	:	562;
	62998	:	552;
	62999	:	553;
	63000	:	553;
	63001	:	453;
	63002	:	453;
	63003	:	453;
	63004	:	453;
	63005	:	453;
	63006	:	454;
	63007	:	577;
	63008	:	333;
	63009	:	456;
	63010	:	579;
	63011	:	467;
	63012	:	888;
	63013	:	886;
	63014	:	984;
	63015	:	995;
	63016	:	665;
	63017	:	565;
	63018	:	983;
	63019	:	ba2;
	63020	:	db1;
	63021	:	db0;
	63022	:	eb0;
	63023	:	ec0;
	63024	:	ec0;
	63025	:	ec1;
	63026	:	ec1;
	63027	:	fc2;
	63028	:	ec2;
	63029	:	eb1;
	63030	:	eb2;
	63031	:	eb2;
	63032	:	ec2;
	63033	:	ec2;
	63034	:	ec2;
	63035	:	ec1;
	63036	:	eb1;
	63037	:	eb0;
	63038	:	eb0;
	63039	:	eb0;
	63040	:	eb0;
	63041	:	eb0;
	63042	:	eb1;
	63043	:	eb1;
	63044	:	fc1;
	63045	:	fc0;
	63046	:	fc0;
	63047	:	fc0;
	63048	:	fc0;
	63049	:	fc0;
	63050	:	fc0;
	63051	:	fc0;
	63052	:	fc0;
	63053	:	fc0;
	63054	:	fc0;
	63055	:	fc0;
	63056	:	fc0;
	63057	:	fb0;
	63058	:	fc0;
	63059	:	fb0;
	63060	:	fb0;
	63061	:	fc0;
	63062	:	fb0;
	63063	:	fc1;
	63064	:	fb1;
	63065	:	fb0;
	63066	:	fb1;
	63067	:	eb1;
	63068	:	eb1;
	63069	:	eb1;
	63070	:	ca1;
	63071	:	b91;
	63072	:	a96;
	63073	:	996;
	63074	:	886;
	63075	:	bba;
	63076	:	678;
	63077	:	457;
	63078	:	555;
	63079	:	454;
	63080	:	455;
	63081	:	455;
	63082	:	477;
	63083	:	589;
	63084	:	489;
	63085	:	489;
	63086	:	489;
	63087	:	489;
	63088	:	589;
	63089	:	467;
	63090	:	466;
	63091	:	577;
	63092	:	477;
	63093	:	477;
	63094	:	477;
	63095	:	478;
	63096	:	489;
	63097	:	489;
	63098	:	589;
	63099	:	466;
	63100	:	367;
	63101	:	589;
	63102	:	489;
	63103	:	489;
	63104	:	489;
	63105	:	489;
	63106	:	488;
	63107	:	478;
	63108	:	488;
	63109	:	489;
	63110	:	589;
	63111	:	478;
	63112	:	588;
	63113	:	488;
	63114	:	59a;
	63115	:	5ab;
	63116	:	5aa;
	63117	:	599;
	63118	:	59a;
	63119	:	366;
	63120	:	244;
	63121	:	799;
	63122	:	344;
	63123	:	333;
	63124	:	343;
	63125	:	564;
	63126	:	574;
	63127	:	574;
	63128	:	574;
	63129	:	574;
	63130	:	563;
	63131	:	563;
	63132	:	563;
	63133	:	563;
	63134	:	564;
	63135	:	563;
	63136	:	563;
	63137	:	564;
	63138	:	564;
	63139	:	664;
	63140	:	664;
	63141	:	664;
	63142	:	664;
	63143	:	674;
	63144	:	675;
	63145	:	675;
	63146	:	675;
	63147	:	675;
	63148	:	675;
	63149	:	675;
	63150	:	675;
	63151	:	685;
	63152	:	785;
	63153	:	685;
	63154	:	786;
	63155	:	786;
	63156	:	786;
	63157	:	786;
	63158	:	785;
	63159	:	685;
	63160	:	685;
	63161	:	685;
	63162	:	685;
	63163	:	685;
	63164	:	685;
	63165	:	685;
	63166	:	685;
	63167	:	685;
	63168	:	685;
	63169	:	575;
	63170	:	454;
	63171	:	344;
	63172	:	333;
	63173	:	444;
	63174	:	444;
	63175	:	433;
	63176	:	322;
	63177	:	422;
	63178	:	533;
	63179	:	522;
	63180	:	522;
	63181	:	532;
	63182	:	632;
	63183	:	622;
	63184	:	632;
	63185	:	622;
	63186	:	622;
	63187	:	733;
	63188	:	743;
	63189	:	733;
	63190	:	733;
	63191	:	733;
	63192	:	722;
	63193	:	622;
	63194	:	622;
	63195	:	732;
	63196	:	732;
	63197	:	622;
	63198	:	622;
	63199	:	622;
	63200	:	622;
	63201	:	622;
	63202	:	622;
	63203	:	622;
	63204	:	622;
	63205	:	732;
	63206	:	732;
	63207	:	622;
	63208	:	622;
	63209	:	622;
	63210	:	622;
	63211	:	622;
	63212	:	622;
	63213	:	722;
	63214	:	722;
	63215	:	722;
	63216	:	622;
	63217	:	722;
	63218	:	722;
	63219	:	722;
	63220	:	722;
	63221	:	722;
	63222	:	722;
	63223	:	622;
	63224	:	722;
	63225	:	722;
	63226	:	622;
	63227	:	722;
	63228	:	622;
	63229	:	622;
	63230	:	622;
	63231	:	622;
	63232	:	351;
	63233	:	351;
	63234	:	351;
	63235	:	351;
	63236	:	351;
	63237	:	351;
	63238	:	352;
	63239	:	351;
	63240	:	351;
	63241	:	351;
	63242	:	352;
	63243	:	351;
	63244	:	351;
	63245	:	351;
	63246	:	451;
	63247	:	451;
	63248	:	451;
	63249	:	461;
	63250	:	461;
	63251	:	452;
	63252	:	452;
	63253	:	452;
	63254	:	452;
	63255	:	452;
	63256	:	453;
	63257	:	453;
	63258	:	553;
	63259	:	453;
	63260	:	453;
	63261	:	453;
	63262	:	566;
	63263	:	466;
	63264	:	333;
	63265	:	457;
	63266	:	469;
	63267	:	457;
	63268	:	888;
	63269	:	666;
	63270	:	675;
	63271	:	675;
	63272	:	566;
	63273	:	565;
	63274	:	883;
	63275	:	a92;
	63276	:	db1;
	63277	:	db0;
	63278	:	eb0;
	63279	:	ec0;
	63280	:	ec1;
	63281	:	ec1;
	63282	:	ec1;
	63283	:	ec2;
	63284	:	ec2;
	63285	:	eb1;
	63286	:	eb1;
	63287	:	eb2;
	63288	:	eb2;
	63289	:	eb1;
	63290	:	eb1;
	63291	:	eb0;
	63292	:	eb0;
	63293	:	db0;
	63294	:	eb0;
	63295	:	eb0;
	63296	:	eb0;
	63297	:	eb1;
	63298	:	eb1;
	63299	:	eb1;
	63300	:	fb1;
	63301	:	fc0;
	63302	:	fb0;
	63303	:	fc0;
	63304	:	fc0;
	63305	:	fc0;
	63306	:	fc0;
	63307	:	fc0;
	63308	:	fc0;
	63309	:	fc0;
	63310	:	fb0;
	63311	:	fb0;
	63312	:	fb0;
	63313	:	fc0;
	63314	:	fb0;
	63315	:	fc0;
	63316	:	fb0;
	63317	:	fc0;
	63318	:	fc0;
	63319	:	fc0;
	63320	:	fc0;
	63321	:	eb0;
	63322	:	fb1;
	63323	:	eb1;
	63324	:	db2;
	63325	:	ec3;
	63326	:	ca1;
	63327	:	b91;
	63328	:	984;
	63329	:	986;
	63330	:	886;
	63331	:	776;
	63332	:	567;
	63333	:	457;
	63334	:	444;
	63335	:	444;
	63336	:	455;
	63337	:	555;
	63338	:	355;
	63339	:	589;
	63340	:	489;
	63341	:	489;
	63342	:	489;
	63343	:	489;
	63344	:	489;
	63345	:	478;
	63346	:	478;
	63347	:	477;
	63348	:	478;
	63349	:	478;
	63350	:	478;
	63351	:	489;
	63352	:	489;
	63353	:	489;
	63354	:	367;
	63355	:	478;
	63356	:	477;
	63357	:	478;
	63358	:	599;
	63359	:	489;
	63360	:	489;
	63361	:	489;
	63362	:	489;
	63363	:	488;
	63364	:	488;
	63365	:	489;
	63366	:	478;
	63367	:	478;
	63368	:	588;
	63369	:	589;
	63370	:	589;
	63371	:	589;
	63372	:	59a;
	63373	:	6aa;
	63374	:	6ab;
	63375	:	589;
	63376	:	255;
	63377	:	365;
	63378	:	466;
	63379	:	333;
	63380	:	333;
	63381	:	343;
	63382	:	564;
	63383	:	574;
	63384	:	563;
	63385	:	563;
	63386	:	563;
	63387	:	563;
	63388	:	563;
	63389	:	563;
	63390	:	563;
	63391	:	563;
	63392	:	564;
	63393	:	664;
	63394	:	664;
	63395	:	664;
	63396	:	674;
	63397	:	664;
	63398	:	674;
	63399	:	674;
	63400	:	675;
	63401	:	675;
	63402	:	675;
	63403	:	675;
	63404	:	675;
	63405	:	675;
	63406	:	675;
	63407	:	685;
	63408	:	685;
	63409	:	685;
	63410	:	786;
	63411	:	685;
	63412	:	785;
	63413	:	685;
	63414	:	685;
	63415	:	685;
	63416	:	685;
	63417	:	685;
	63418	:	685;
	63419	:	685;
	63420	:	685;
	63421	:	685;
	63422	:	685;
	63423	:	685;
	63424	:	684;
	63425	:	684;
	63426	:	575;
	63427	:	343;
	63428	:	343;
	63429	:	333;
	63430	:	434;
	63431	:	444;
	63432	:	433;
	63433	:	333;
	63434	:	433;
	63435	:	655;
	63436	:	755;
	63437	:	544;
	63438	:	533;
	63439	:	632;
	63440	:	632;
	63441	:	622;
	63442	:	622;
	63443	:	632;
	63444	:	733;
	63445	:	743;
	63446	:	732;
	63447	:	843;
	63448	:	833;
	63449	:	732;
	63450	:	622;
	63451	:	622;
	63452	:	632;
	63453	:	632;
	63454	:	622;
	63455	:	622;
	63456	:	622;
	63457	:	622;
	63458	:	622;
	63459	:	622;
	63460	:	622;
	63461	:	622;
	63462	:	632;
	63463	:	622;
	63464	:	632;
	63465	:	622;
	63466	:	622;
	63467	:	622;
	63468	:	622;
	63469	:	622;
	63470	:	732;
	63471	:	622;
	63472	:	622;
	63473	:	622;
	63474	:	622;
	63475	:	722;
	63476	:	722;
	63477	:	622;
	63478	:	722;
	63479	:	622;
	63480	:	622;
	63481	:	722;
	63482	:	622;
	63483	:	622;
	63484	:	622;
	63485	:	622;
	63486	:	622;
	63487	:	622;
	63488	:	351;
	63489	:	351;
	63490	:	351;
	63491	:	351;
	63492	:	351;
	63493	:	351;
	63494	:	352;
	63495	:	351;
	63496	:	351;
	63497	:	351;
	63498	:	352;
	63499	:	351;
	63500	:	351;
	63501	:	351;
	63502	:	451;
	63503	:	451;
	63504	:	451;
	63505	:	461;
	63506	:	461;
	63507	:	452;
	63508	:	452;
	63509	:	452;
	63510	:	452;
	63511	:	452;
	63512	:	453;
	63513	:	453;
	63514	:	553;
	63515	:	453;
	63516	:	453;
	63517	:	453;
	63518	:	566;
	63519	:	466;
	63520	:	333;
	63521	:	457;
	63522	:	469;
	63523	:	457;
	63524	:	888;
	63525	:	666;
	63526	:	675;
	63527	:	675;
	63528	:	566;
	63529	:	565;
	63530	:	883;
	63531	:	a92;
	63532	:	db1;
	63533	:	db0;
	63534	:	eb0;
	63535	:	ec0;
	63536	:	ec1;
	63537	:	ec1;
	63538	:	ec1;
	63539	:	ec2;
	63540	:	ec2;
	63541	:	eb1;
	63542	:	eb1;
	63543	:	eb2;
	63544	:	eb2;
	63545	:	eb1;
	63546	:	eb1;
	63547	:	eb0;
	63548	:	eb0;
	63549	:	db0;
	63550	:	eb0;
	63551	:	eb0;
	63552	:	eb0;
	63553	:	eb1;
	63554	:	eb1;
	63555	:	eb1;
	63556	:	fb1;
	63557	:	fc0;
	63558	:	fb0;
	63559	:	fc0;
	63560	:	fc0;
	63561	:	fc0;
	63562	:	fc0;
	63563	:	fc0;
	63564	:	fc0;
	63565	:	fc0;
	63566	:	fb0;
	63567	:	fb0;
	63568	:	fb0;
	63569	:	fc0;
	63570	:	fb0;
	63571	:	fc0;
	63572	:	fb0;
	63573	:	fc0;
	63574	:	fc0;
	63575	:	fc0;
	63576	:	fc0;
	63577	:	eb0;
	63578	:	fb1;
	63579	:	eb1;
	63580	:	db2;
	63581	:	ec3;
	63582	:	ca1;
	63583	:	b91;
	63584	:	984;
	63585	:	986;
	63586	:	886;
	63587	:	776;
	63588	:	567;
	63589	:	457;
	63590	:	444;
	63591	:	444;
	63592	:	455;
	63593	:	555;
	63594	:	355;
	63595	:	589;
	63596	:	489;
	63597	:	489;
	63598	:	489;
	63599	:	489;
	63600	:	489;
	63601	:	478;
	63602	:	478;
	63603	:	477;
	63604	:	478;
	63605	:	478;
	63606	:	478;
	63607	:	489;
	63608	:	489;
	63609	:	489;
	63610	:	367;
	63611	:	478;
	63612	:	477;
	63613	:	478;
	63614	:	599;
	63615	:	489;
	63616	:	489;
	63617	:	489;
	63618	:	489;
	63619	:	488;
	63620	:	488;
	63621	:	489;
	63622	:	478;
	63623	:	478;
	63624	:	588;
	63625	:	589;
	63626	:	589;
	63627	:	589;
	63628	:	59a;
	63629	:	6aa;
	63630	:	6ab;
	63631	:	589;
	63632	:	255;
	63633	:	365;
	63634	:	466;
	63635	:	333;
	63636	:	333;
	63637	:	343;
	63638	:	564;
	63639	:	574;
	63640	:	563;
	63641	:	563;
	63642	:	563;
	63643	:	563;
	63644	:	563;
	63645	:	563;
	63646	:	563;
	63647	:	563;
	63648	:	564;
	63649	:	664;
	63650	:	664;
	63651	:	664;
	63652	:	674;
	63653	:	664;
	63654	:	674;
	63655	:	674;
	63656	:	675;
	63657	:	675;
	63658	:	675;
	63659	:	675;
	63660	:	675;
	63661	:	675;
	63662	:	675;
	63663	:	685;
	63664	:	685;
	63665	:	685;
	63666	:	786;
	63667	:	685;
	63668	:	785;
	63669	:	685;
	63670	:	685;
	63671	:	685;
	63672	:	685;
	63673	:	685;
	63674	:	685;
	63675	:	685;
	63676	:	685;
	63677	:	685;
	63678	:	685;
	63679	:	685;
	63680	:	684;
	63681	:	684;
	63682	:	575;
	63683	:	343;
	63684	:	343;
	63685	:	333;
	63686	:	434;
	63687	:	444;
	63688	:	433;
	63689	:	333;
	63690	:	433;
	63691	:	655;
	63692	:	755;
	63693	:	544;
	63694	:	533;
	63695	:	632;
	63696	:	632;
	63697	:	622;
	63698	:	622;
	63699	:	632;
	63700	:	733;
	63701	:	743;
	63702	:	732;
	63703	:	843;
	63704	:	833;
	63705	:	732;
	63706	:	622;
	63707	:	622;
	63708	:	632;
	63709	:	632;
	63710	:	622;
	63711	:	622;
	63712	:	622;
	63713	:	622;
	63714	:	622;
	63715	:	622;
	63716	:	622;
	63717	:	622;
	63718	:	632;
	63719	:	622;
	63720	:	632;
	63721	:	622;
	63722	:	622;
	63723	:	622;
	63724	:	622;
	63725	:	622;
	63726	:	732;
	63727	:	622;
	63728	:	622;
	63729	:	622;
	63730	:	622;
	63731	:	722;
	63732	:	722;
	63733	:	622;
	63734	:	722;
	63735	:	622;
	63736	:	622;
	63737	:	722;
	63738	:	622;
	63739	:	622;
	63740	:	622;
	63741	:	622;
	63742	:	622;
	63743	:	622;
	63744	:	341;
	63745	:	341;
	63746	:	341;
	63747	:	341;
	63748	:	341;
	63749	:	351;
	63750	:	351;
	63751	:	351;
	63752	:	351;
	63753	:	351;
	63754	:	351;
	63755	:	351;
	63756	:	351;
	63757	:	451;
	63758	:	351;
	63759	:	351;
	63760	:	451;
	63761	:	451;
	63762	:	452;
	63763	:	452;
	63764	:	451;
	63765	:	462;
	63766	:	452;
	63767	:	452;
	63768	:	452;
	63769	:	452;
	63770	:	452;
	63771	:	453;
	63772	:	453;
	63773	:	463;
	63774	:	577;
	63775	:	455;
	63776	:	344;
	63777	:	568;
	63778	:	468;
	63779	:	466;
	63780	:	676;
	63781	:	555;
	63782	:	454;
	63783	:	465;
	63784	:	466;
	63785	:	466;
	63786	:	675;
	63787	:	983;
	63788	:	ca2;
	63789	:	da0;
	63790	:	eb0;
	63791	:	ec1;
	63792	:	fc2;
	63793	:	ec1;
	63794	:	ec1;
	63795	:	ec2;
	63796	:	ec2;
	63797	:	eb2;
	63798	:	eb1;
	63799	:	eb1;
	63800	:	eb1;
	63801	:	eb1;
	63802	:	eb0;
	63803	:	db0;
	63804	:	db0;
	63805	:	db0;
	63806	:	db0;
	63807	:	eb1;
	63808	:	eb0;
	63809	:	eb0;
	63810	:	eb0;
	63811	:	eb0;
	63812	:	eb1;
	63813	:	fc1;
	63814	:	fb0;
	63815	:	fc0;
	63816	:	fc0;
	63817	:	fc0;
	63818	:	fc0;
	63819	:	fc0;
	63820	:	fc0;
	63821	:	fc0;
	63822	:	fb0;
	63823	:	fc0;
	63824	:	fc0;
	63825	:	fc0;
	63826	:	fc0;
	63827	:	fc0;
	63828	:	fb1;
	63829	:	fc1;
	63830	:	fc0;
	63831	:	fc2;
	63832	:	fc2;
	63833	:	fb1;
	63834	:	eb0;
	63835	:	eb0;
	63836	:	eb2;
	63837	:	db4;
	63838	:	ca3;
	63839	:	b92;
	63840	:	874;
	63841	:	886;
	63842	:	998;
	63843	:	455;
	63844	:	458;
	63845	:	457;
	63846	:	444;
	63847	:	444;
	63848	:	455;
	63849	:	445;
	63850	:	344;
	63851	:	589;
	63852	:	489;
	63853	:	489;
	63854	:	489;
	63855	:	489;
	63856	:	489;
	63857	:	488;
	63858	:	488;
	63859	:	478;
	63860	:	478;
	63861	:	478;
	63862	:	478;
	63863	:	489;
	63864	:	489;
	63865	:	599;
	63866	:	356;
	63867	:	478;
	63868	:	477;
	63869	:	367;
	63870	:	589;
	63871	:	489;
	63872	:	489;
	63873	:	488;
	63874	:	488;
	63875	:	488;
	63876	:	489;
	63877	:	589;
	63878	:	488;
	63879	:	488;
	63880	:	488;
	63881	:	599;
	63882	:	589;
	63883	:	599;
	63884	:	59a;
	63885	:	6ab;
	63886	:	6ab;
	63887	:	59a;
	63888	:	488;
	63889	:	477;
	63890	:	588;
	63891	:	333;
	63892	:	333;
	63893	:	333;
	63894	:	444;
	63895	:	463;
	63896	:	463;
	63897	:	563;
	63898	:	563;
	63899	:	563;
	63900	:	563;
	63901	:	563;
	63902	:	563;
	63903	:	563;
	63904	:	664;
	63905	:	664;
	63906	:	664;
	63907	:	664;
	63908	:	674;
	63909	:	674;
	63910	:	674;
	63911	:	675;
	63912	:	675;
	63913	:	675;
	63914	:	675;
	63915	:	675;
	63916	:	675;
	63917	:	675;
	63918	:	675;
	63919	:	685;
	63920	:	685;
	63921	:	685;
	63922	:	685;
	63923	:	685;
	63924	:	685;
	63925	:	685;
	63926	:	685;
	63927	:	685;
	63928	:	685;
	63929	:	685;
	63930	:	685;
	63931	:	685;
	63932	:	685;
	63933	:	685;
	63934	:	684;
	63935	:	685;
	63936	:	684;
	63937	:	574;
	63938	:	574;
	63939	:	575;
	63940	:	333;
	63941	:	333;
	63942	:	333;
	63943	:	333;
	63944	:	444;
	63945	:	333;
	63946	:	322;
	63947	:	533;
	63948	:	754;
	63949	:	644;
	63950	:	533;
	63951	:	532;
	63952	:	522;
	63953	:	522;
	63954	:	522;
	63955	:	622;
	63956	:	632;
	63957	:	733;
	63958	:	733;
	63959	:	733;
	63960	:	844;
	63961	:	733;
	63962	:	732;
	63963	:	622;
	63964	:	622;
	63965	:	622;
	63966	:	622;
	63967	:	622;
	63968	:	622;
	63969	:	622;
	63970	:	622;
	63971	:	622;
	63972	:	622;
	63973	:	622;
	63974	:	622;
	63975	:	622;
	63976	:	622;
	63977	:	622;
	63978	:	622;
	63979	:	622;
	63980	:	622;
	63981	:	622;
	63982	:	622;
	63983	:	622;
	63984	:	622;
	63985	:	622;
	63986	:	622;
	63987	:	622;
	63988	:	622;
	63989	:	622;
	63990	:	622;
	63991	:	622;
	63992	:	622;
	63993	:	622;
	63994	:	622;
	63995	:	622;
	63996	:	622;
	63997	:	622;
	63998	:	622;
	63999	:	621;
	64000	:	341;
	64001	:	341;
	64002	:	341;
	64003	:	341;
	64004	:	341;
	64005	:	351;
	64006	:	351;
	64007	:	351;
	64008	:	351;
	64009	:	351;
	64010	:	351;
	64011	:	351;
	64012	:	351;
	64013	:	451;
	64014	:	351;
	64015	:	351;
	64016	:	451;
	64017	:	451;
	64018	:	452;
	64019	:	452;
	64020	:	451;
	64021	:	462;
	64022	:	452;
	64023	:	452;
	64024	:	452;
	64025	:	452;
	64026	:	452;
	64027	:	453;
	64028	:	453;
	64029	:	463;
	64030	:	577;
	64031	:	455;
	64032	:	344;
	64033	:	568;
	64034	:	468;
	64035	:	466;
	64036	:	676;
	64037	:	555;
	64038	:	454;
	64039	:	465;
	64040	:	466;
	64041	:	466;
	64042	:	675;
	64043	:	983;
	64044	:	ca2;
	64045	:	da0;
	64046	:	eb0;
	64047	:	ec1;
	64048	:	fc2;
	64049	:	ec1;
	64050	:	ec1;
	64051	:	ec2;
	64052	:	ec2;
	64053	:	eb2;
	64054	:	eb1;
	64055	:	eb1;
	64056	:	eb1;
	64057	:	eb1;
	64058	:	eb0;
	64059	:	db0;
	64060	:	db0;
	64061	:	db0;
	64062	:	db0;
	64063	:	eb1;
	64064	:	eb0;
	64065	:	eb0;
	64066	:	eb0;
	64067	:	eb0;
	64068	:	eb1;
	64069	:	fc1;
	64070	:	fb0;
	64071	:	fc0;
	64072	:	fc0;
	64073	:	fc0;
	64074	:	fc0;
	64075	:	fc0;
	64076	:	fc0;
	64077	:	fc0;
	64078	:	fb0;
	64079	:	fc0;
	64080	:	fc0;
	64081	:	fc0;
	64082	:	fc0;
	64083	:	fc0;
	64084	:	fb1;
	64085	:	fc1;
	64086	:	fc0;
	64087	:	fc2;
	64088	:	fc2;
	64089	:	fb1;
	64090	:	eb0;
	64091	:	eb0;
	64092	:	eb2;
	64093	:	db4;
	64094	:	ca3;
	64095	:	b92;
	64096	:	874;
	64097	:	886;
	64098	:	998;
	64099	:	455;
	64100	:	458;
	64101	:	457;
	64102	:	444;
	64103	:	444;
	64104	:	455;
	64105	:	445;
	64106	:	344;
	64107	:	589;
	64108	:	489;
	64109	:	489;
	64110	:	489;
	64111	:	489;
	64112	:	489;
	64113	:	488;
	64114	:	488;
	64115	:	478;
	64116	:	478;
	64117	:	478;
	64118	:	478;
	64119	:	489;
	64120	:	489;
	64121	:	599;
	64122	:	356;
	64123	:	478;
	64124	:	477;
	64125	:	367;
	64126	:	589;
	64127	:	489;
	64128	:	489;
	64129	:	488;
	64130	:	488;
	64131	:	488;
	64132	:	489;
	64133	:	589;
	64134	:	488;
	64135	:	488;
	64136	:	488;
	64137	:	599;
	64138	:	589;
	64139	:	599;
	64140	:	59a;
	64141	:	6ab;
	64142	:	6ab;
	64143	:	59a;
	64144	:	488;
	64145	:	477;
	64146	:	588;
	64147	:	333;
	64148	:	333;
	64149	:	333;
	64150	:	444;
	64151	:	463;
	64152	:	463;
	64153	:	563;
	64154	:	563;
	64155	:	563;
	64156	:	563;
	64157	:	563;
	64158	:	563;
	64159	:	563;
	64160	:	664;
	64161	:	664;
	64162	:	664;
	64163	:	664;
	64164	:	674;
	64165	:	674;
	64166	:	674;
	64167	:	675;
	64168	:	675;
	64169	:	675;
	64170	:	675;
	64171	:	675;
	64172	:	675;
	64173	:	675;
	64174	:	675;
	64175	:	685;
	64176	:	685;
	64177	:	685;
	64178	:	685;
	64179	:	685;
	64180	:	685;
	64181	:	685;
	64182	:	685;
	64183	:	685;
	64184	:	685;
	64185	:	685;
	64186	:	685;
	64187	:	685;
	64188	:	685;
	64189	:	685;
	64190	:	684;
	64191	:	685;
	64192	:	684;
	64193	:	574;
	64194	:	574;
	64195	:	575;
	64196	:	333;
	64197	:	333;
	64198	:	333;
	64199	:	333;
	64200	:	444;
	64201	:	333;
	64202	:	322;
	64203	:	533;
	64204	:	754;
	64205	:	644;
	64206	:	533;
	64207	:	532;
	64208	:	522;
	64209	:	522;
	64210	:	522;
	64211	:	622;
	64212	:	632;
	64213	:	733;
	64214	:	733;
	64215	:	733;
	64216	:	844;
	64217	:	733;
	64218	:	732;
	64219	:	622;
	64220	:	622;
	64221	:	622;
	64222	:	622;
	64223	:	622;
	64224	:	622;
	64225	:	622;
	64226	:	622;
	64227	:	622;
	64228	:	622;
	64229	:	622;
	64230	:	622;
	64231	:	622;
	64232	:	622;
	64233	:	622;
	64234	:	622;
	64235	:	622;
	64236	:	622;
	64237	:	622;
	64238	:	622;
	64239	:	622;
	64240	:	622;
	64241	:	622;
	64242	:	622;
	64243	:	622;
	64244	:	622;
	64245	:	622;
	64246	:	622;
	64247	:	622;
	64248	:	622;
	64249	:	622;
	64250	:	622;
	64251	:	622;
	64252	:	622;
	64253	:	622;
	64254	:	622;
	64255	:	621;
	64256	:	341;
	64257	:	241;
	64258	:	341;
	64259	:	341;
	64260	:	341;
	64261	:	341;
	64262	:	351;
	64263	:	351;
	64264	:	351;
	64265	:	351;
	64266	:	351;
	64267	:	351;
	64268	:	351;
	64269	:	351;
	64270	:	351;
	64271	:	351;
	64272	:	451;
	64273	:	451;
	64274	:	451;
	64275	:	452;
	64276	:	462;
	64277	:	452;
	64278	:	452;
	64279	:	452;
	64280	:	452;
	64281	:	452;
	64282	:	452;
	64283	:	453;
	64284	:	453;
	64285	:	463;
	64286	:	577;
	64287	:	344;
	64288	:	344;
	64289	:	579;
	64290	:	468;
	64291	:	677;
	64292	:	666;
	64293	:	454;
	64294	:	455;
	64295	:	465;
	64296	:	466;
	64297	:	466;
	64298	:	454;
	64299	:	774;
	64300	:	a92;
	64301	:	ca0;
	64302	:	db0;
	64303	:	ec2;
	64304	:	ec2;
	64305	:	ec1;
	64306	:	ec1;
	64307	:	ec2;
	64308	:	ec2;
	64309	:	eb1;
	64310	:	eb1;
	64311	:	eb2;
	64312	:	db1;
	64313	:	eb1;
	64314	:	eb1;
	64315	:	eb1;
	64316	:	db1;
	64317	:	db1;
	64318	:	db1;
	64319	:	db1;
	64320	:	eb0;
	64321	:	eb0;
	64322	:	eb0;
	64323	:	eb1;
	64324	:	fb1;
	64325	:	fb1;
	64326	:	fc1;
	64327	:	fb0;
	64328	:	fc0;
	64329	:	fc0;
	64330	:	fc0;
	64331	:	fc0;
	64332	:	fc0;
	64333	:	fc1;
	64334	:	fc1;
	64335	:	fc1;
	64336	:	fc1;
	64337	:	fc1;
	64338	:	fc0;
	64339	:	fb0;
	64340	:	fb1;
	64341	:	fc1;
	64342	:	fc1;
	64343	:	fc1;
	64344	:	fc1;
	64345	:	fb0;
	64346	:	eb0;
	64347	:	eb0;
	64348	:	eb3;
	64349	:	db4;
	64350	:	ca3;
	64351	:	ba3;
	64352	:	874;
	64353	:	776;
	64354	:	998;
	64355	:	456;
	64356	:	468;
	64357	:	457;
	64358	:	444;
	64359	:	444;
	64360	:	444;
	64361	:	455;
	64362	:	356;
	64363	:	589;
	64364	:	489;
	64365	:	489;
	64366	:	489;
	64367	:	489;
	64368	:	489;
	64369	:	478;
	64370	:	488;
	64371	:	478;
	64372	:	488;
	64373	:	478;
	64374	:	489;
	64375	:	489;
	64376	:	479;
	64377	:	59a;
	64378	:	356;
	64379	:	478;
	64380	:	377;
	64381	:	377;
	64382	:	478;
	64383	:	489;
	64384	:	499;
	64385	:	489;
	64386	:	489;
	64387	:	489;
	64388	:	489;
	64389	:	488;
	64390	:	488;
	64391	:	489;
	64392	:	589;
	64393	:	588;
	64394	:	488;
	64395	:	599;
	64396	:	59a;
	64397	:	6ab;
	64398	:	6ab;
	64399	:	6ab;
	64400	:	59a;
	64401	:	477;
	64402	:	366;
	64403	:	343;
	64404	:	333;
	64405	:	333;
	64406	:	343;
	64407	:	464;
	64408	:	463;
	64409	:	563;
	64410	:	563;
	64411	:	563;
	64412	:	563;
	64413	:	563;
	64414	:	563;
	64415	:	563;
	64416	:	564;
	64417	:	664;
	64418	:	664;
	64419	:	674;
	64420	:	674;
	64421	:	674;
	64422	:	674;
	64423	:	674;
	64424	:	675;
	64425	:	675;
	64426	:	675;
	64427	:	675;
	64428	:	675;
	64429	:	675;
	64430	:	675;
	64431	:	685;
	64432	:	685;
	64433	:	685;
	64434	:	685;
	64435	:	685;
	64436	:	685;
	64437	:	685;
	64438	:	685;
	64439	:	685;
	64440	:	685;
	64441	:	685;
	64442	:	685;
	64443	:	684;
	64444	:	685;
	64445	:	685;
	64446	:	685;
	64447	:	685;
	64448	:	574;
	64449	:	574;
	64450	:	674;
	64451	:	575;
	64452	:	454;
	64453	:	333;
	64454	:	333;
	64455	:	333;
	64456	:	333;
	64457	:	333;
	64458	:	333;
	64459	:	432;
	64460	:	643;
	64461	:	644;
	64462	:	543;
	64463	:	532;
	64464	:	532;
	64465	:	522;
	64466	:	522;
	64467	:	532;
	64468	:	632;
	64469	:	732;
	64470	:	733;
	64471	:	733;
	64472	:	844;
	64473	:	733;
	64474	:	733;
	64475	:	622;
	64476	:	622;
	64477	:	622;
	64478	:	622;
	64479	:	622;
	64480	:	622;
	64481	:	622;
	64482	:	622;
	64483	:	622;
	64484	:	622;
	64485	:	622;
	64486	:	622;
	64487	:	622;
	64488	:	622;
	64489	:	632;
	64490	:	622;
	64491	:	622;
	64492	:	622;
	64493	:	622;
	64494	:	622;
	64495	:	622;
	64496	:	622;
	64497	:	622;
	64498	:	622;
	64499	:	622;
	64500	:	622;
	64501	:	622;
	64502	:	622;
	64503	:	622;
	64504	:	622;
	64505	:	622;
	64506	:	622;
	64507	:	622;
	64508	:	622;
	64509	:	622;
	64510	:	622;
	64511	:	622;
	64512	:	241;
	64513	:	241;
	64514	:	341;
	64515	:	241;
	64516	:	341;
	64517	:	341;
	64518	:	341;
	64519	:	341;
	64520	:	351;
	64521	:	351;
	64522	:	351;
	64523	:	351;
	64524	:	351;
	64525	:	351;
	64526	:	351;
	64527	:	351;
	64528	:	451;
	64529	:	351;
	64530	:	351;
	64531	:	351;
	64532	:	451;
	64533	:	452;
	64534	:	452;
	64535	:	452;
	64536	:	452;
	64537	:	452;
	64538	:	452;
	64539	:	452;
	64540	:	452;
	64541	:	464;
	64542	:	567;
	64543	:	232;
	64544	:	345;
	64545	:	579;
	64546	:	468;
	64547	:	677;
	64548	:	666;
	64549	:	444;
	64550	:	455;
	64551	:	466;
	64552	:	466;
	64553	:	465;
	64554	:	343;
	64555	:	443;
	64556	:	983;
	64557	:	db2;
	64558	:	db2;
	64559	:	ec2;
	64560	:	ec1;
	64561	:	eb1;
	64562	:	eb1;
	64563	:	eb1;
	64564	:	eb2;
	64565	:	eb2;
	64566	:	eb1;
	64567	:	eb1;
	64568	:	db1;
	64569	:	eb2;
	64570	:	eb2;
	64571	:	eb2;
	64572	:	db1;
	64573	:	db1;
	64574	:	db1;
	64575	:	da0;
	64576	:	db0;
	64577	:	db0;
	64578	:	eb1;
	64579	:	eb1;
	64580	:	eb1;
	64581	:	eb0;
	64582	:	fb0;
	64583	:	fb0;
	64584	:	fc0;
	64585	:	fc0;
	64586	:	fb0;
	64587	:	fc0;
	64588	:	fc0;
	64589	:	fc1;
	64590	:	fb0;
	64591	:	fb0;
	64592	:	fb0;
	64593	:	fb0;
	64594	:	fb0;
	64595	:	fb0;
	64596	:	fb1;
	64597	:	fc2;
	64598	:	eb0;
	64599	:	fc1;
	64600	:	eb0;
	64601	:	eb0;
	64602	:	eb0;
	64603	:	db0;
	64604	:	db1;
	64605	:	ca2;
	64606	:	ca2;
	64607	:	ba2;
	64608	:	996;
	64609	:	787;
	64610	:	788;
	64611	:	678;
	64612	:	468;
	64613	:	357;
	64614	:	445;
	64615	:	444;
	64616	:	334;
	64617	:	455;
	64618	:	466;
	64619	:	367;
	64620	:	489;
	64621	:	489;
	64622	:	489;
	64623	:	489;
	64624	:	489;
	64625	:	488;
	64626	:	478;
	64627	:	478;
	64628	:	478;
	64629	:	488;
	64630	:	489;
	64631	:	378;
	64632	:	489;
	64633	:	589;
	64634	:	477;
	64635	:	477;
	64636	:	377;
	64637	:	377;
	64638	:	377;
	64639	:	488;
	64640	:	489;
	64641	:	489;
	64642	:	488;
	64643	:	488;
	64644	:	489;
	64645	:	588;
	64646	:	478;
	64647	:	589;
	64648	:	467;
	64649	:	477;
	64650	:	488;
	64651	:	59a;
	64652	:	59a;
	64653	:	59a;
	64654	:	59a;
	64655	:	6ab;
	64656	:	59a;
	64657	:	6ab;
	64658	:	377;
	64659	:	355;
	64660	:	233;
	64661	:	333;
	64662	:	333;
	64663	:	454;
	64664	:	464;
	64665	:	463;
	64666	:	563;
	64667	:	563;
	64668	:	563;
	64669	:	563;
	64670	:	563;
	64671	:	563;
	64672	:	564;
	64673	:	674;
	64674	:	674;
	64675	:	674;
	64676	:	674;
	64677	:	674;
	64678	:	674;
	64679	:	674;
	64680	:	675;
	64681	:	675;
	64682	:	675;
	64683	:	675;
	64684	:	675;
	64685	:	675;
	64686	:	685;
	64687	:	685;
	64688	:	685;
	64689	:	685;
	64690	:	685;
	64691	:	685;
	64692	:	685;
	64693	:	685;
	64694	:	685;
	64695	:	685;
	64696	:	685;
	64697	:	685;
	64698	:	685;
	64699	:	685;
	64700	:	685;
	64701	:	685;
	64702	:	685;
	64703	:	674;
	64704	:	685;
	64705	:	685;
	64706	:	685;
	64707	:	685;
	64708	:	675;
	64709	:	232;
	64710	:	332;
	64711	:	333;
	64712	:	333;
	64713	:	323;
	64714	:	333;
	64715	:	322;
	64716	:	322;
	64717	:	533;
	64718	:	543;
	64719	:	532;
	64720	:	522;
	64721	:	532;
	64722	:	522;
	64723	:	522;
	64724	:	632;
	64725	:	632;
	64726	:	632;
	64727	:	732;
	64728	:	733;
	64729	:	733;
	64730	:	733;
	64731	:	732;
	64732	:	622;
	64733	:	622;
	64734	:	622;
	64735	:	622;
	64736	:	622;
	64737	:	622;
	64738	:	622;
	64739	:	622;
	64740	:	621;
	64741	:	622;
	64742	:	622;
	64743	:	622;
	64744	:	622;
	64745	:	622;
	64746	:	622;
	64747	:	622;
	64748	:	622;
	64749	:	622;
	64750	:	622;
	64751	:	622;
	64752	:	622;
	64753	:	621;
	64754	:	622;
	64755	:	622;
	64756	:	622;
	64757	:	622;
	64758	:	622;
	64759	:	621;
	64760	:	622;
	64761	:	622;
	64762	:	622;
	64763	:	622;
	64764	:	622;
	64765	:	622;
	64766	:	622;
	64767	:	621;
	64768	:	241;
	64769	:	241;
	64770	:	241;
	64771	:	341;
	64772	:	341;
	64773	:	341;
	64774	:	341;
	64775	:	341;
	64776	:	341;
	64777	:	352;
	64778	:	351;
	64779	:	351;
	64780	:	351;
	64781	:	351;
	64782	:	352;
	64783	:	352;
	64784	:	452;
	64785	:	351;
	64786	:	451;
	64787	:	351;
	64788	:	351;
	64789	:	451;
	64790	:	451;
	64791	:	452;
	64792	:	452;
	64793	:	452;
	64794	:	452;
	64795	:	452;
	64796	:	452;
	64797	:	465;
	64798	:	577;
	64799	:	232;
	64800	:	345;
	64801	:	579;
	64802	:	468;
	64803	:	677;
	64804	:	666;
	64805	:	444;
	64806	:	466;
	64807	:	466;
	64808	:	466;
	64809	:	465;
	64810	:	344;
	64811	:	442;
	64812	:	b93;
	64813	:	db2;
	64814	:	ec2;
	64815	:	ec1;
	64816	:	ec1;
	64817	:	ec1;
	64818	:	eb1;
	64819	:	eb1;
	64820	:	eb1;
	64821	:	eb1;
	64822	:	eb1;
	64823	:	eb1;
	64824	:	eb1;
	64825	:	eb2;
	64826	:	eb2;
	64827	:	db1;
	64828	:	db1;
	64829	:	db1;
	64830	:	da0;
	64831	:	da0;
	64832	:	db0;
	64833	:	eb1;
	64834	:	eb1;
	64835	:	eb1;
	64836	:	eb1;
	64837	:	eb0;
	64838	:	eb0;
	64839	:	fb0;
	64840	:	fc0;
	64841	:	fb0;
	64842	:	fc0;
	64843	:	fb0;
	64844	:	fc0;
	64845	:	fb0;
	64846	:	fb0;
	64847	:	fb0;
	64848	:	fb0;
	64849	:	fb0;
	64850	:	eb0;
	64851	:	fb1;
	64852	:	eb1;
	64853	:	fc2;
	64854	:	fc1;
	64855	:	eb0;
	64856	:	eb0;
	64857	:	eb0;
	64858	:	eb0;
	64859	:	db0;
	64860	:	da1;
	64861	:	ca1;
	64862	:	ca2;
	64863	:	ba2;
	64864	:	985;
	64865	:	787;
	64866	:	788;
	64867	:	567;
	64868	:	468;
	64869	:	357;
	64870	:	445;
	64871	:	444;
	64872	:	334;
	64873	:	445;
	64874	:	455;
	64875	:	356;
	64876	:	589;
	64877	:	489;
	64878	:	489;
	64879	:	489;
	64880	:	489;
	64881	:	478;
	64882	:	488;
	64883	:	478;
	64884	:	488;
	64885	:	489;
	64886	:	489;
	64887	:	489;
	64888	:	489;
	64889	:	488;
	64890	:	478;
	64891	:	478;
	64892	:	377;
	64893	:	477;
	64894	:	477;
	64895	:	477;
	64896	:	488;
	64897	:	488;
	64898	:	489;
	64899	:	488;
	64900	:	367;
	64901	:	356;
	64902	:	477;
	64903	:	478;
	64904	:	477;
	64905	:	478;
	64906	:	588;
	64907	:	599;
	64908	:	59a;
	64909	:	5aa;
	64910	:	599;
	64911	:	59a;
	64912	:	5aa;
	64913	:	6aa;
	64914	:	599;
	64915	:	355;
	64916	:	232;
	64917	:	333;
	64918	:	334;
	64919	:	454;
	64920	:	464;
	64921	:	463;
	64922	:	563;
	64923	:	563;
	64924	:	563;
	64925	:	563;
	64926	:	564;
	64927	:	564;
	64928	:	664;
	64929	:	674;
	64930	:	674;
	64931	:	674;
	64932	:	674;
	64933	:	674;
	64934	:	674;
	64935	:	674;
	64936	:	674;
	64937	:	675;
	64938	:	675;
	64939	:	675;
	64940	:	675;
	64941	:	675;
	64942	:	685;
	64943	:	685;
	64944	:	675;
	64945	:	674;
	64946	:	685;
	64947	:	685;
	64948	:	685;
	64949	:	685;
	64950	:	685;
	64951	:	685;
	64952	:	685;
	64953	:	685;
	64954	:	685;
	64955	:	685;
	64956	:	685;
	64957	:	685;
	64958	:	675;
	64959	:	674;
	64960	:	685;
	64961	:	675;
	64962	:	685;
	64963	:	685;
	64964	:	685;
	64965	:	343;
	64966	:	222;
	64967	:	333;
	64968	:	333;
	64969	:	323;
	64970	:	323;
	64971	:	322;
	64972	:	322;
	64973	:	322;
	64974	:	543;
	64975	:	432;
	64976	:	422;
	64977	:	533;
	64978	:	532;
	64979	:	522;
	64980	:	632;
	64981	:	632;
	64982	:	622;
	64983	:	632;
	64984	:	732;
	64985	:	733;
	64986	:	732;
	64987	:	733;
	64988	:	622;
	64989	:	622;
	64990	:	622;
	64991	:	622;
	64992	:	622;
	64993	:	622;
	64994	:	622;
	64995	:	621;
	64996	:	621;
	64997	:	622;
	64998	:	622;
	64999	:	622;
	65000	:	622;
	65001	:	622;
	65002	:	622;
	65003	:	622;
	65004	:	622;
	65005	:	622;
	65006	:	621;
	65007	:	622;
	65008	:	622;
	65009	:	622;
	65010	:	622;
	65011	:	622;
	65012	:	621;
	65013	:	622;
	65014	:	621;
	65015	:	621;
	65016	:	622;
	65017	:	621;
	65018	:	622;
	65019	:	622;
	65020	:	622;
	65021	:	622;
	65022	:	622;
	65023	:	622;
	65024	:	241;
	65025	:	241;
	65026	:	241;
	65027	:	341;
	65028	:	341;
	65029	:	341;
	65030	:	341;
	65031	:	341;
	65032	:	341;
	65033	:	352;
	65034	:	351;
	65035	:	351;
	65036	:	351;
	65037	:	351;
	65038	:	352;
	65039	:	352;
	65040	:	452;
	65041	:	351;
	65042	:	451;
	65043	:	351;
	65044	:	351;
	65045	:	451;
	65046	:	451;
	65047	:	452;
	65048	:	452;
	65049	:	452;
	65050	:	452;
	65051	:	452;
	65052	:	452;
	65053	:	465;
	65054	:	577;
	65055	:	232;
	65056	:	345;
	65057	:	579;
	65058	:	468;
	65059	:	677;
	65060	:	666;
	65061	:	444;
	65062	:	466;
	65063	:	466;
	65064	:	466;
	65065	:	465;
	65066	:	344;
	65067	:	442;
	65068	:	b93;
	65069	:	db2;
	65070	:	ec2;
	65071	:	ec1;
	65072	:	ec1;
	65073	:	ec1;
	65074	:	eb1;
	65075	:	eb1;
	65076	:	eb1;
	65077	:	eb1;
	65078	:	eb1;
	65079	:	eb1;
	65080	:	eb1;
	65081	:	eb2;
	65082	:	eb2;
	65083	:	db1;
	65084	:	db1;
	65085	:	db1;
	65086	:	da0;
	65087	:	da0;
	65088	:	db0;
	65089	:	eb1;
	65090	:	eb1;
	65091	:	eb1;
	65092	:	eb1;
	65093	:	eb0;
	65094	:	eb0;
	65095	:	fb0;
	65096	:	fc0;
	65097	:	fb0;
	65098	:	fc0;
	65099	:	fb0;
	65100	:	fc0;
	65101	:	fb0;
	65102	:	fb0;
	65103	:	fb0;
	65104	:	fb0;
	65105	:	fb0;
	65106	:	eb0;
	65107	:	fb1;
	65108	:	eb1;
	65109	:	fc2;
	65110	:	fc1;
	65111	:	eb0;
	65112	:	eb0;
	65113	:	eb0;
	65114	:	eb0;
	65115	:	db0;
	65116	:	da1;
	65117	:	ca1;
	65118	:	ca2;
	65119	:	ba2;
	65120	:	985;
	65121	:	787;
	65122	:	788;
	65123	:	567;
	65124	:	468;
	65125	:	357;
	65126	:	445;
	65127	:	444;
	65128	:	334;
	65129	:	445;
	65130	:	455;
	65131	:	356;
	65132	:	589;
	65133	:	489;
	65134	:	489;
	65135	:	489;
	65136	:	489;
	65137	:	478;
	65138	:	488;
	65139	:	478;
	65140	:	488;
	65141	:	489;
	65142	:	489;
	65143	:	489;
	65144	:	489;
	65145	:	488;
	65146	:	478;
	65147	:	478;
	65148	:	377;
	65149	:	477;
	65150	:	477;
	65151	:	477;
	65152	:	488;
	65153	:	488;
	65154	:	489;
	65155	:	488;
	65156	:	367;
	65157	:	356;
	65158	:	477;
	65159	:	478;
	65160	:	477;
	65161	:	478;
	65162	:	588;
	65163	:	599;
	65164	:	59a;
	65165	:	5aa;
	65166	:	599;
	65167	:	59a;
	65168	:	5aa;
	65169	:	6aa;
	65170	:	599;
	65171	:	355;
	65172	:	232;
	65173	:	333;
	65174	:	334;
	65175	:	454;
	65176	:	464;
	65177	:	463;
	65178	:	563;
	65179	:	563;
	65180	:	563;
	65181	:	563;
	65182	:	564;
	65183	:	564;
	65184	:	664;
	65185	:	674;
	65186	:	674;
	65187	:	674;
	65188	:	674;
	65189	:	674;
	65190	:	674;
	65191	:	674;
	65192	:	674;
	65193	:	675;
	65194	:	675;
	65195	:	675;
	65196	:	675;
	65197	:	675;
	65198	:	685;
	65199	:	685;
	65200	:	675;
	65201	:	674;
	65202	:	685;
	65203	:	685;
	65204	:	685;
	65205	:	685;
	65206	:	685;
	65207	:	685;
	65208	:	685;
	65209	:	685;
	65210	:	685;
	65211	:	685;
	65212	:	685;
	65213	:	685;
	65214	:	675;
	65215	:	674;
	65216	:	685;
	65217	:	675;
	65218	:	685;
	65219	:	685;
	65220	:	685;
	65221	:	343;
	65222	:	222;
	65223	:	333;
	65224	:	333;
	65225	:	323;
	65226	:	323;
	65227	:	322;
	65228	:	322;
	65229	:	322;
	65230	:	543;
	65231	:	432;
	65232	:	422;
	65233	:	533;
	65234	:	532;
	65235	:	522;
	65236	:	632;
	65237	:	632;
	65238	:	622;
	65239	:	632;
	65240	:	732;
	65241	:	733;
	65242	:	732;
	65243	:	733;
	65244	:	622;
	65245	:	622;
	65246	:	622;
	65247	:	622;
	65248	:	622;
	65249	:	622;
	65250	:	622;
	65251	:	621;
	65252	:	621;
	65253	:	622;
	65254	:	622;
	65255	:	622;
	65256	:	622;
	65257	:	622;
	65258	:	622;
	65259	:	622;
	65260	:	622;
	65261	:	622;
	65262	:	621;
	65263	:	622;
	65264	:	622;
	65265	:	622;
	65266	:	622;
	65267	:	622;
	65268	:	621;
	65269	:	622;
	65270	:	621;
	65271	:	621;
	65272	:	622;
	65273	:	621;
	65274	:	622;
	65275	:	622;
	65276	:	622;
	65277	:	622;
	65278	:	622;
	65279	:	622;
	65280	:	241;
	65281	:	241;
	65282	:	241;
	65283	:	341;
	65284	:	241;
	65285	:	341;
	65286	:	341;
	65287	:	341;
	65288	:	341;
	65289	:	341;
	65290	:	351;
	65291	:	351;
	65292	:	351;
	65293	:	351;
	65294	:	351;
	65295	:	351;
	65296	:	351;
	65297	:	351;
	65298	:	351;
	65299	:	351;
	65300	:	352;
	65301	:	351;
	65302	:	351;
	65303	:	351;
	65304	:	451;
	65305	:	452;
	65306	:	452;
	65307	:	452;
	65308	:	452;
	65309	:	576;
	65310	:	455;
	65311	:	232;
	65312	:	356;
	65313	:	479;
	65314	:	357;
	65315	:	577;
	65316	:	565;
	65317	:	455;
	65318	:	466;
	65319	:	466;
	65320	:	466;
	65321	:	455;
	65322	:	344;
	65323	:	562;
	65324	:	ca3;
	65325	:	db2;
	65326	:	eb1;
	65327	:	eb1;
	65328	:	eb1;
	65329	:	eb1;
	65330	:	eb1;
	65331	:	eb1;
	65332	:	eb1;
	65333	:	db1;
	65334	:	db1;
	65335	:	eb1;
	65336	:	eb1;
	65337	:	eb1;
	65338	:	eb1;
	65339	:	db1;
	65340	:	db0;
	65341	:	da0;
	65342	:	da0;
	65343	:	da1;
	65344	:	eb1;
	65345	:	eb1;
	65346	:	eb0;
	65347	:	eb0;
	65348	:	eb0;
	65349	:	eb0;
	65350	:	eb0;
	65351	:	fb0;
	65352	:	eb0;
	65353	:	fb0;
	65354	:	fc0;
	65355	:	ec0;
	65356	:	fb0;
	65357	:	fc1;
	65358	:	fc0;
	65359	:	fb0;
	65360	:	fb0;
	65361	:	fb0;
	65362	:	eb0;
	65363	:	eb1;
	65364	:	eb1;
	65365	:	fb1;
	65366	:	eb1;
	65367	:	eb0;
	65368	:	eb0;
	65369	:	eb0;
	65370	:	db0;
	65371	:	db0;
	65372	:	db0;
	65373	:	ca1;
	65374	:	ca1;
	65375	:	ba1;
	65376	:	984;
	65377	:	676;
	65378	:	898;
	65379	:	899;
	65380	:	468;
	65381	:	358;
	65382	:	345;
	65383	:	334;
	65384	:	455;
	65385	:	345;
	65386	:	344;
	65387	:	577;
	65388	:	477;
	65389	:	489;
	65390	:	488;
	65391	:	489;
	65392	:	478;
	65393	:	378;
	65394	:	378;
	65395	:	478;
	65396	:	488;
	65397	:	489;
	65398	:	378;
	65399	:	488;
	65400	:	489;
	65401	:	377;
	65402	:	488;
	65403	:	378;
	65404	:	367;
	65405	:	377;
	65406	:	477;
	65407	:	478;
	65408	:	489;
	65409	:	489;
	65410	:	488;
	65411	:	488;
	65412	:	488;
	65413	:	489;
	65414	:	489;
	65415	:	488;
	65416	:	478;
	65417	:	488;
	65418	:	489;
	65419	:	488;
	65420	:	59a;
	65421	:	59a;
	65422	:	59a;
	65423	:	5ab;
	65424	:	5aa;
	65425	:	49a;
	65426	:	6bb;
	65427	:	355;
	65428	:	232;
	65429	:	333;
	65430	:	333;
	65431	:	454;
	65432	:	464;
	65433	:	463;
	65434	:	463;
	65435	:	463;
	65436	:	563;
	65437	:	564;
	65438	:	564;
	65439	:	564;
	65440	:	674;
	65441	:	674;
	65442	:	674;
	65443	:	674;
	65444	:	674;
	65445	:	674;
	65446	:	674;
	65447	:	674;
	65448	:	574;
	65449	:	675;
	65450	:	675;
	65451	:	675;
	65452	:	675;
	65453	:	574;
	65454	:	574;
	65455	:	574;
	65456	:	584;
	65457	:	685;
	65458	:	574;
	65459	:	685;
	65460	:	685;
	65461	:	674;
	65462	:	674;
	65463	:	684;
	65464	:	685;
	65465	:	685;
	65466	:	685;
	65467	:	685;
	65468	:	685;
	65469	:	674;
	65470	:	674;
	65471	:	574;
	65472	:	685;
	65473	:	685;
	65474	:	685;
	65475	:	685;
	65476	:	685;
	65477	:	675;
	65478	:	343;
	65479	:	222;
	65480	:	332;
	65481	:	333;
	65482	:	323;
	65483	:	222;
	65484	:	222;
	65485	:	222;
	65486	:	533;
	65487	:	544;
	65488	:	544;
	65489	:	432;
	65490	:	422;
	65491	:	422;
	65492	:	522;
	65493	:	632;
	65494	:	622;
	65495	:	622;
	65496	:	622;
	65497	:	622;
	65498	:	632;
	65499	:	632;
	65500	:	732;
	65501	:	622;
	65502	:	622;
	65503	:	622;
	65504	:	632;
	65505	:	732;
	65506	:	622;
	65507	:	622;
	65508	:	622;
	65509	:	621;
	65510	:	622;
	65511	:	622;
	65512	:	522;
	65513	:	522;
	65514	:	622;
	65515	:	521;
	65516	:	622;
	65517	:	622;
	65518	:	622;
	65519	:	622;
	65520	:	622;
	65521	:	622;
	65522	:	622;
	65523	:	622;
	65524	:	622;
	65525	:	622;
	65526	:	622;
	65527	:	622;
	65528	:	622;
	65529	:	622;
	65530	:	622;
	65531	:	622;
	65532	:	622;
	65533	:	622;
	65534	:	622;
	65535	:	622;
END;
